path	size_bytes	sha256	extension	status
CURRENT_STATUS_AND_SUPERSESSIONS.md	9392	f6a9c7aca3e89fa1affe811c9036176c6264a99ae71caa04dbc41125a30cafc1	.md	documentation, manifest, inventory, or log
HANDOFF_SUMMARY.md	2459	e5263ee7cd13ddb4ac8d0a8bfb64735cdffd658a7dfce68a1b854abbeee0442e	.md	documentation, manifest, inventory, or log
INVESTIGATION_NOTES_COMPLETE.md	16440	2d6a52e49dcf1612800877b1a6ba1c8540be7536973f3700a82068ebfea9c793	.md	documentation, manifest, inventory, or log
OUTPUT_TREE.txt	176161	602113456f8bc2b85b810fe66b8258ab5d99b2f2325f5adb6487f705d1d7095e	.txt	documentation, manifest, inventory, or log
PAC_BLOCK_MANIFEST.tsv	30335	f405f29fcc1df6210241767d8f6e716c2bacd3d2b8dbeffb7fe679383bc885b7	.tsv	documentation, manifest, inventory, or log
PAC_FORMAT.md	2125	cb60e934c90a55fb5535e542f1ef44634a8ffd70f6be53cf12ea6f845bff262d	.md	documentation, manifest, inventory, or log
PAC_RESOURCE_MANIFEST.tsv	16176	3b3fe5e20c946ca333695ce69b77cb365d16a0b0efa28930e933cdd59f7cbdf4	.tsv	documentation, manifest, inventory, or log
README.md	4463	7f98adbc2b7c85aff6c39da67600c66c26c7fec82da4d58dda98fb90269e282b	.md	documentation, manifest, inventory, or log
SOURCE_PROVENANCE.md	717	31061bd4ec7868a6ddece8960c95bc3ae3d1d49026bec0f1d9622d7252829529	.md	documentation, manifest, inventory, or log
generated_resources/legend_extracted_final/png/PACS/UINV_2x.png	3784	569fe52dc97b3b7af4fee4d19ffb897d83d5eef5f4922a40240d71757743758d	.png	preserved thread artifact; may be current or superseded; consult CURRENT_STATUS_AND_SUPERSESSIONS.md
generated_resources/legend_extracted_final/png/SPIT/monster_contact_sheet.png	232618	2747331f16bd777b0562aafe0fcbc266c54d4c5d2dfc44b9b48ae3d275d4c1fa	.png	preserved thread artifact; may be current or superseded; consult CURRENT_STATUS_AND_SUPERSESSIONS.md
generated_resources/legend_extracted_next/png/PACS/A00/frames/A00_frame_00.png	3980	98b0cbd24ad194bfc7835b630420adbc108c89a779259f958fbbad836768dc82	.png	preserved thread artifact; may be current or superseded; consult CURRENT_STATUS_AND_SUPERSESSIONS.md
generated_resources/legend_extracted_stage2/manifest.tsv	8345	c102bdcc96df1bd47afbcc8e103b7f352b24bca9d95643f9ee315aaf9d5d59a9	.tsv	preserved thread artifact; may be current or superseded; consult CURRENT_STATUS_AND_SUPERSESSIONS.md
generated_resources/legend_extracted_stage2/png/PACS/F2/F2_set1_contact.png	27892	87d817a874e2cbad07ccf451a46abf56ddaeb40a107a8c7ee885615e41cbdf90	.png	preserved thread artifact; may be current or superseded; consult CURRENT_STATUS_AND_SUPERSESSIONS.md
generated_resources/legend_extracted_stage2/png/PACS/F2/F2_set2_contact.png	32103	84dbdbdc1e9c3c3567b134ea33c1d89778fe538f958fa1f46083a0d3350feeb9	.png	preserved thread artifact; may be current or superseded; consult CURRENT_STATUS_AND_SUPERSESSIONS.md
generated_resources/legend_extracted_stage2/png/PACS/F2/F2_set3_contact.png	25442	011f887f3b167f09328aecab0f938793c678af1c86f4643f38cbdbe5f127ea14	.png	preserved thread artifact; may be current or superseded; consult CURRENT_STATUS_AND_SUPERSESSIONS.md
generated_resources/legend_extracted_stage3/png/PACS/WORLD/world_map.png	9688	552643b51fdea37eda7bf1f95f893269c8d0dabb8a8e3148ed10f7bb4471d8fc	.png	preserved thread artifact; may be current or superseded; consult CURRENT_STATUS_AND_SUPERSESSIONS.md
generated_resources/legend_extracted_stage3/png/PACS/WORLD/world_map_2x.png	12205	65ce5631db80b57d15fc4253ecf381030f1ef2941f0042b46c8a71d80f7ea984	.png	preserved thread artifact; may be current or superseded; consult CURRENT_STATUS_AND_SUPERSESSIONS.md
generated_resources/legend_extracted_stage3/png/PACS/scenes/scene_bases_contact.png	175116	c8856759216faa66f961af7f88cdbb1b8c488578f7f58ee792481be3b2c77c35	.png	preserved thread artifact; may be current or superseded; consult CURRENT_STATUS_AND_SUPERSESSIONS.md
generated_resources/legend_graphics/4XEUR.png	32433	73d8eb2a848a104ce5603dd32aaedfdacea78b5b4e321a29abd833463f625be6	.png	preserved thread artifact; may be current or superseded; consult CURRENT_STATUS_AND_SUPERSESSIONS.md
generated_resources/legend_graphics/4XEUR_2x.png	39593	7113a7e8b0fc303a4dc486fe28664da56757bb5aef74fe96da9304b0ddbad599	.png	preserved thread artifact; may be current or superseded; consult CURRENT_STATUS_AND_SUPERSESSIONS.md
generated_resources/legend_graphics/BEUR.png	30603	9451fd0795966fe1e4fc5620d77e94ada2d232e33320584292379b4f55f5c54e	.png	preserved thread artifact; may be current or superseded; consult CURRENT_STATUS_AND_SUPERSESSIONS.md
generated_resources/legend_graphics/BEUR_2x.png	38813	96b9782774b5a10bcb9e36adcec7aa8ad521858f56bc0e55b9ceb6b856be1f9d	.png	preserved thread artifact; may be current or superseded; consult CURRENT_STATUS_AND_SUPERSESSIONS.md
generated_resources/legend_graphics/D_TAP_screen_0_2x.png	38133	166bd3050fb0687b30637c0c0d65099213134f6e6b70fe1d0b37345a603c0a1d	.png	preserved thread artifact; may be current or superseded; consult CURRENT_STATUS_AND_SUPERSESSIONS.md
generated_resources/legend_graphics/D_TAP_screen_5_2x.png	38276	3f2a2501ab8f38f5dbf06e3a1fd4da0e931a820c0c04d5fcbc4138310d156c07	.png	preserved thread artifact; may be current or superseded; consult CURRENT_STATUS_AND_SUPERSESSIONS.md
generated_resources/legend_graphics/D_TAP_tall.png	164669	52289ac06b1cf6cface308ab114ea799f844e99b260f94119f30b3f7ac2cf7e2	.png	preserved thread artifact; may be current or superseded; consult CURRENT_STATUS_AND_SUPERSESSIONS.md
generated_resources/legend_graphics/M00_plane_0.png	13803	7b6931f73cff5be15e1d50f0a78c851f7819e1cc12839dd70b365b3727425abe	.png	preserved thread artifact; may be current or superseded; consult CURRENT_STATUS_AND_SUPERSESSIONS.md
generated_resources/legend_graphics/M00_test_2x.png	9943	b289a764f630b256e5f7546e12e62baae30b0e441e5fd54c84f66e18e12f047c	.png	preserved thread artifact; may be current or superseded; consult CURRENT_STATUS_AND_SUPERSESSIONS.md
generated_resources/legend_graphics/anbord_probe/ANBORD_144x18_5x.png	2525	02d77b9c897c6a1dea0ac0b7d523195c0219b7c1690c658bad0cf3d47ce4d86b	.png	preserved thread artifact; may be current or superseded; consult CURRENT_STATUS_AND_SUPERSESSIONS.md
generated_resources/legend_graphics/anbord_probe/ANBORD_144x18_pm_5x.png	2931	90545515331c69de3422d972852cfdd322625403967c4b93d1a305265e744915	.png	preserved thread artifact; may be current or superseded; consult CURRENT_STATUS_AND_SUPERSESSIONS.md
generated_resources/legend_graphics/anbord_probe/ANBORD_96x27_5x.png	2493	92d41f9791e77ffac1f8edd7dbca662fcc0c799d156fef9b8ad439f7e9ec05dc	.png	preserved thread artifact; may be current or superseded; consult CURRENT_STATUS_AND_SUPERSESSIONS.md
generated_resources/legend_graphics/anbord_solved/ANBORD_components.png	8280	03914701d2b2706096e8c2f352b27f6448423674937c6b667617bd12e2857b79	.png	preserved thread artifact; may be current or superseded; consult CURRENT_STATUS_AND_SUPERSESSIONS.md
generated_resources/legend_graphics/axx_components/A00_first12.png	3116	2c7fba5bb4896c8f2be0d9244953173a54403633c797d58e1f626777c3408602	.png	preserved thread artifact; may be current or superseded; consult CURRENT_STATUS_AND_SUPERSESSIONS.md
generated_resources/legend_graphics/axx_probe/A00_head_pm_320x48_4x.png	10624	a95c205ecb3676f12cba2e590dc002c550ce9d641e3d49de8227694043ea381d	.png	preserved thread artifact; may be current or superseded; consult CURRENT_STATUS_AND_SUPERSESSIONS.md
generated_resources/legend_graphics/axx_probe/A00_head_st_320x48_4x.png	7293	8a10678e90a716a81010c5de126e5c81e1524f81d6308f8a4d93961da7f6a6b8	.png	preserved thread artifact; may be current or superseded; consult CURRENT_STATUS_AND_SUPERSESSIONS.md
generated_resources/legend_graphics/axx_probe/A00_tail_st_320x48_4x.png	8065	906c0f17efbb02359788fb596e60e5376d431f1be3dda88361a844a6c228f962	.png	preserved thread artifact; may be current or superseded; consult CURRENT_STATUS_AND_SUPERSESSIONS.md
generated_resources/legend_graphics/axx_sheets/A00_sheet_3x.png	6127	8d6b9ba92f3004d231cfef1c983161270d43db3bc5b76dbce36c7511a2853fbc	.png	preserved thread artifact; may be current or superseded; consult CURRENT_STATUS_AND_SUPERSESSIONS.md
generated_resources/legend_graphics/axx_sheets/A10_sheet_160x192_3x.png	13851	15f239e624ee70a9e9dc9634ec2c2dc70fdc53f6cb792653dee1f33099520186	.png	preserved thread artifact; may be current or superseded; consult CURRENT_STATUS_AND_SUPERSESSIONS.md
generated_resources/legend_graphics/axx_sheets/Axx_contact.png	202813	2cb1ff6aeddd6a51b36721fa46f57a75a8bc19ac9182cbca181bbdbef695716a	.png	preserved thread artifact; may be current or superseded; consult CURRENT_STATUS_AND_SUPERSESSIONS.md
generated_resources/legend_graphics/candidate_degases/contact_sheet.png	166072	de070988cdd3f09036828e710d4430d82f7b0855865a3919b5c4b3c7034d9141	.png	preserved thread artifact; may be current or superseded; consult CURRENT_STATUS_AND_SUPERSESSIONS.md
generated_resources/legend_graphics/extra_candidates/D_TAP_off106262_degas_raw_2x.png	32137	2ea857f56629a2f31ec06aeccdbd26e9e05b2ae92befaba8f6c7ecf34581aa56	.png	preserved thread artifact; may be current or superseded; consult CURRENT_STATUS_AND_SUPERSESSIONS.md
generated_resources/legend_graphics/extra_candidates/m_tap_off000000_degas_raw_2x.png	38268	981740a2431486498c1f1dcd82490a60c57df23770b0ce32ef3086ff88efa155	.png	preserved thread artifact; may be current or superseded; consult CURRENT_STATUS_AND_SUPERSESSIONS.md
generated_resources/legend_graphics/f2_corrected/F2_runtime_variant_4_A3_B3.png	28816	68ce8bc80844c904ae7dbafdd4a1a2028b39c643cb5b503ccc33b9b6566359cf	.png	preserved thread artifact; may be current or superseded; consult CURRENT_STATUS_AND_SUPERSESSIONS.md
generated_resources/legend_graphics/f2_corrected/F2_runtime_variants_overview.png	12018	de19a0d691f4c66118d9c8915d3e28868a7c6ca0937074af22e32e15de1705dd	.png	preserved thread artifact; may be current or superseded; consult CURRENT_STATUS_AND_SUPERSESSIONS.md
generated_resources/legend_graphics/f2_dimension_options/set2_101_options.png	9851	8cd5f8ed3ac69be9190aed1486c090be8956ab6e98c8081ec63b7302ae65a459	.png	preserved thread artifact; may be current or superseded; consult CURRENT_STATUS_AND_SUPERSESSIONS.md
generated_resources/legend_graphics/f2_dimension_options/set2_102_options.png	4847	f9c40d8ec1391bf996ea22aae2ad0b65bc540b4d5745ab75753e21192e17d19b	.png	preserved thread artifact; may be current or superseded; consult CURRENT_STATUS_AND_SUPERSESSIONS.md
generated_resources/legend_graphics/f2_dimension_options/set2_103_options.png	4805	d242efb8b4d382d639e6ba73f8659a8a3ee379d21b9d1e8bad2c8931de2e1b6b	.png	preserved thread artifact; may be current or superseded; consult CURRENT_STATUS_AND_SUPERSESSIONS.md
generated_resources/legend_graphics/f_probe/F0_sequential_first30.png	41778	67ea14e385383469cdfd7e3d214534400688761ba713cf6e67221028ae80c839	.png	preserved thread artifact; may be current or superseded; consult CURRENT_STATUS_AND_SUPERSESSIONS.md
generated_resources/legend_graphics/f_probe/F0_width_contact.png	217656	482f5858e329e805d8dc84f6278585911912ad056b6827d194cbf6397c924b45	.png	preserved thread artifact; may be current or superseded; consult CURRENT_STATUS_AND_SUPERSESSIONS.md
generated_resources/legend_graphics/f_probe/F1_sequential_first30.png	38736	0bce130490457c2d2d4c8fe7831ee7c092fcb1bd5d2debadd674ac67c3bb2fe4	.png	preserved thread artifact; may be current or superseded; consult CURRENT_STATUS_AND_SUPERSESSIONS.md
generated_resources/legend_graphics/f_probe/F2_as_shared_start0.png	21616	a38fef59068a01d5b524dfe3378556c9de526abb7c908d2f019f11cbae4aec50	.png	preserved thread artifact; may be current or superseded; consult CURRENT_STATUS_AND_SUPERSESSIONS.md
generated_resources/legend_graphics/f_probe/F2_set2.png	25838	28c080986d275e3b39686e890aa930430f6c36934406b87e61f35bbb617c1137	.png	preserved thread artifact; may be current or superseded; consult CURRENT_STATUS_AND_SUPERSESSIONS.md
generated_resources/legend_graphics/f_probe/F2_set3.png	21906	b027a56408f91213da331989bcf8fd6aa999a1d46465ebef0323d7a26c5d3745	.png	preserved thread artifact; may be current or superseded; consult CURRENT_STATUS_AND_SUPERSESSIONS.md
generated_resources/legend_graphics/f_probe/WORLD_width_contact.png	401351	c7a0f1988079b0cdaad86c7229f72f3ebc31e3843496b3d234488ebfabc9264d	.png	preserved thread artifact; may be current or superseded; consult CURRENT_STATUS_AND_SUPERSESSIONS.md
generated_resources/legend_graphics/f_probe/spelbits_width_contact.png	289053	48831d344d269beb199cf05ff93ce2548a5d94831ae562561c7bac1a5f53bf4c	.png	preserved thread artifact; may be current or superseded; consult CURRENT_STATUS_AND_SUPERSESSIONS.md
generated_resources/legend_graphics/known_probe/ANBORD_contact.png	39300	f69eece8a64ad79c0c473ddbbd3a37882ca1c10970fe77313ff83038908e174b	.png	preserved thread artifact; may be current or superseded; consult CURRENT_STATUS_AND_SUPERSESSIONS.md
generated_resources/legend_graphics/m_tap_screen_0.png	30554	f414bb2282f4023d700dcfb6aaf342bcd72d5eb2ac5f981d7f70e7d0224291f7	.png	preserved thread artifact; may be current or superseded; consult CURRENT_STATUS_AND_SUPERSESSIONS.md
generated_resources/legend_graphics/m_tap_screen_0_2x.png	38232	ff231abd10a141db482cd191fe53d82f1d6c39e2cd9a1050811e82a7958d2c39	.png	preserved thread artifact; may be current or superseded; consult CURRENT_STATUS_AND_SUPERSESSIONS.md
generated_resources/legend_graphics/m_tap_screen_1.png	31248	13150cbe9635a0d23f137c4ae0215ab45a9cc4b8adb5c60e2e665296539a0d51	.png	preserved thread artifact; may be current or superseded; consult CURRENT_STATUS_AND_SUPERSESSIONS.md
generated_resources/legend_graphics/m_tap_screen_1_2x.png	38984	221ae211470d913f78df41d3f3b03c7627492ce863e862830070987593e8868b	.png	preserved thread artifact; may be current or superseded; consult CURRENT_STATUS_AND_SUPERSESSIONS.md
generated_resources/legend_graphics/m_tap_screen_2.png	30706	f0c3faf0f379f89e0270f9e07f5bed332cfd7000e43c62d467f9cf5039b9ed4b	.png	preserved thread artifact; may be current or superseded; consult CURRENT_STATUS_AND_SUPERSESSIONS.md
generated_resources/legend_graphics/m_tap_screen_2_2x.png	38170	cf2adf6dd6930f05201b87ec6d880610f4c26e834ce8c2a0b89253088247e889	.png	preserved thread artifact; may be current or superseded; consult CURRENT_STATUS_AND_SUPERSESSIONS.md
generated_resources/legend_graphics/m_tap_screen_3.png	2994	18371c9c3fb30968cb83963fd71cb19b8eba75a22c91223a8b6df3ca0e2737da	.png	preserved thread artifact; may be current or superseded; consult CURRENT_STATUS_AND_SUPERSESSIONS.md
generated_resources/legend_graphics/m_tap_screen_3_2x.png	3822	d6400a9372c9c382754406f6d75f6291b4facc61fdc28acb20fc600d354c01d7	.png	preserved thread artifact; may be current or superseded; consult CURRENT_STATUS_AND_SUPERSESSIONS.md
generated_resources/legend_graphics/next_probe/ANBORD_104x30_pm_4x.png	3048	ce82240d933e4577ed3da84938e19850ea041fa7d977a7322796427db6b62911	.png	preserved thread artifact; may be current or superseded; consult CURRENT_STATUS_AND_SUPERSESSIONS.md
generated_resources/legend_graphics/next_probe/ANBORD_104x34_row_4x.png	3419	69dd9e2d5dd0ec305d804b331da3908f32d25899782573701b07512e68198961	.png	preserved thread artifact; may be current or superseded; consult CURRENT_STATUS_AND_SUPERSESSIONS.md
generated_resources/legend_graphics/next_probe/ANBORD_208x15_st_4x.png	2685	ddce0688f0d157b2785b8cd74cd80dfd22c9c803e49b1da9c248c2f73829d4d1	.png	preserved thread artifact; may be current or superseded; consult CURRENT_STATUS_AND_SUPERSESSIONS.md
generated_resources/legend_graphics/next_probe/ANBORD_208x17_row_4x.png	3261	cfd9df9c374d03df3e4cecd519e1849eade86573a80eb7f7eb380c83c921b66b	.png	preserved thread artifact; may be current or superseded; consult CURRENT_STATUS_AND_SUPERSESSIONS.md
generated_resources/legend_graphics/next_probe/ANBORD_80x39_st_4x.png	2750	e30204291c2e787e5fda926b8f8407df9b13584d09a400316a25cdf48ddf2b41	.png	preserved thread artifact; may be current or superseded; consult CURRENT_STATUS_AND_SUPERSESSIONS.md
generated_resources/legend_graphics/next_probe/ANBORD_contact.png	140186	14ba0f6e3b29553b32e22e824e991336ec1a5d8b15b8a47d59f953f3a305d647	.png	preserved thread artifact; may be current or superseded; consult CURRENT_STATUS_AND_SUPERSESSIONS.md
generated_resources/legend_graphics/order_test/M00_rl_2x.png	12677	e652a7fba29b0389e693534f1ed8e6e7277b46a034d8e3365be2e1dda265473d	.png	preserved thread artifact; may be current or superseded; consult CURRENT_STATUS_AND_SUPERSESSIONS.md
generated_resources/legend_graphics/order_test/PARTY_rl_2x.png	11407	f5fc8be7e2dba04077ee530783a8a5d7a1230e135572e56c073d41f9eb02236b	.png	preserved thread artifact; may be current or superseded; consult CURRENT_STATUS_AND_SUPERSESSIONS.md
generated_resources/legend_graphics/order_test/TILESX_rl_256x112_2x.png	10597	c52ec08a2f3b348442c63c2a7fdc1cf28f6fee37e757ebba1184f7fb5055bae6	.png	preserved thread artifact; may be current or superseded; consult CURRENT_STATUS_AND_SUPERSESSIONS.md
generated_resources/legend_graphics/order_test/TILESX_rl_tiles_2x.png	11086	94721395e40dc2509b488dc59385554ff4b8cf6e5da0dac34a5fe3942b7a631b	.png	preserved thread artifact; may be current or superseded; consult CURRENT_STATUS_AND_SUPERSESSIONS.md
generated_resources/legend_graphics/order_test/UINV_rl_2x.png	3693	6ecc4cca135eedda761dcc979e68ad900ffe11dca4d79ca2c616b76c7083f79c	.png	preserved thread artifact; may be current or superseded; consult CURRENT_STATUS_AND_SUPERSESSIONS.md
generated_resources/legend_graphics/pac_probe/M00_256x120.png	10013	632e1038e6af87760b18c5b57c9ff3bed4736253d424e164abccc6718f5cd191	.png	preserved thread artifact; may be current or superseded; consult CURRENT_STATUS_AND_SUPERSESSIONS.md
generated_resources/legend_graphics/pac_probe/M00_96x320.png	10025	35cf126184eb5bdc5e932f2b09824cd320366d69046d23e2b44fe6122799cbc2	.png	preserved thread artifact; may be current or superseded; consult CURRENT_STATUS_AND_SUPERSESSIONS.md
generated_resources/legend_graphics/pac_probe/TILES2_contact.png	74167	5d390aa00e0286e93570f09e2bf23502dd27a8c14092a734cd106b537feb5cfa	.png	preserved thread artifact; may be current or superseded; consult CURRENT_STATUS_AND_SUPERSESSIONS.md
generated_resources/legend_graphics/pac_probe/TILES2_st_320x142.png	13843	214e866e77ed4e7bd2a9b45c8f9f74f63b4999c7e87850dc3285b35c2aba6a65	.png	preserved thread artifact; may be current or superseded; consult CURRENT_STATUS_AND_SUPERSESSIONS.md
generated_resources/legend_graphics/pac_probe/TILES2_st_contact.png	63032	83590c720f7200206ae5c7eb739fb06b050c29587a82c3f881d41f06a14403cc	.png	preserved thread artifact; may be current or superseded; consult CURRENT_STATUS_AND_SUPERSESSIONS.md
generated_resources/legend_graphics/pac_probe/TILESX_112x256.png	14288	f3adea35de28fc42f0c14ea8c14e03f2747139c6f4c7c110a6c1533a32dd34cd	.png	preserved thread artifact; may be current or superseded; consult CURRENT_STATUS_AND_SUPERSESSIONS.md
generated_resources/legend_graphics/palette_corrected/Axx_alt_3E5A6_contact.png	165122	6626d05158945cccdbbc7b6980bb46d8d480ecd14c7103ae519063351cb4c648	.png	preserved thread artifact; may be current or superseded; consult CURRENT_STATUS_AND_SUPERSESSIONS.md
generated_resources/legend_graphics/palette_corrected/Axx_alt_3E5C6_contact.png	160711	5f68b025bcce8f9388845a8f1f0841d53b647816b01042f8847f02fc133f0aa7	.png	preserved thread artifact; may be current or superseded; consult CURRENT_STATUS_AND_SUPERSESSIONS.md
generated_resources/legend_graphics/palette_corrected/Axx_default_1D6D6_contact.png	175118	a69ce64160d8eaaa21d8959695efb42c977f4151192a2828af0781781b758e5a	.png	preserved thread artifact; may be current or superseded; consult CURRENT_STATUS_AND_SUPERSESSIONS.md
generated_resources/legend_graphics/party_amiga_2x.png	13065	f7605a74957c4bdcd62ab6c5b197a7691c309b14b8bb1dbdae0daa3a1fc007e4	.png	preserved thread artifact; may be current or superseded; consult CURRENT_STATUS_AND_SUPERSESSIONS.md
generated_resources/legend_graphics/party_st_2x.png	18807	6c166cdc0156fe08cd385ad3f201282d0c7927e73b99f96f8ab56923ed7363d0	.png	preserved thread artifact; may be current or superseded; consult CURRENT_STATUS_AND_SUPERSESSIONS.md
generated_resources/legend_graphics/solved_probe/M80_32x64_6x.png	2990	1c08a3920eec7228676d6c1755aaaf26a12bc09749b323c761988461d73233fc	.png	preserved thread artifact; may be current or superseded; consult CURRENT_STATUS_AND_SUPERSESSIONS.md
generated_resources/legend_graphics/solved_probe/R00_64x64_6x.png	4328	1ef5b622e8b04752d85074cb3995f2e7997ddd2f99ce82c5977cd4186f97eb4f	.png	preserved thread artifact; may be current or superseded; consult CURRENT_STATUS_AND_SUPERSESSIONS.md
generated_resources/legend_graphics/solved_probe/TILES2_80x568.png	18487	372ce255835bd3403c50ef81276ceeadcff098b7aea68527ff806ed5526ba4c3	.png	preserved thread artifact; may be current or superseded; consult CURRENT_STATUS_AND_SUPERSESSIONS.md
generated_resources/legend_graphics/solved_probe/UINV_128x44_4x.png	4743	1afe6ce478b6641974b4f77033be35ae0e6c77656c0788f7ad9b00191208e6ed	.png	preserved thread artifact; may be current or superseded; consult CURRENT_STATUS_AND_SUPERSESSIONS.md
generated_resources/legend_graphics/spelbits_solved/packed3_icons_contact.png	12886	09b530b66c17fb0853319a6024d88d5c84b41f6ab380ac05f795b3b44856b776	.png	preserved thread artifact; may be current or superseded; consult CURRENT_STATUS_AND_SUPERSESSIONS.md
generated_resources/legend_graphics/spelbits_solved/packed3_panels_contact.png	14262	087c08c15298298cc29251ff1ef986629b14e7be29661b440cfd007a48cda75d	.png	preserved thread artifact; may be current or superseded; consult CURRENT_STATUS_AND_SUPERSESSIONS.md
generated_resources/legend_graphics/spelbits_solved/packed3_single_contact.png	2178	231c6726842340e0bd8e6366dc94296f9575d11d91cd75f919166093bdaeff49	.png	preserved thread artifact; may be current or superseded; consult CURRENT_STATUS_AND_SUPERSESSIONS.md
generated_resources/legend_graphics/spelbits_solved/raw4_effects_contact.png	18867	62d22094cf5131db2dded3424a3e43d205093da57a3bceee20b0de52efb129df	.png	preserved thread artifact; may be current or superseded; consult CURRENT_STATUS_AND_SUPERSESSIONS.md
generated_resources/legend_graphics/spelbits_solved/raw4_frames_contact.png	10719	2103d33abda697f5d836063abe3b6245c645870a37bf88e803b956540ec978d6	.png	preserved thread artifact; may be current or superseded; consult CURRENT_STATUS_AND_SUPERSESSIONS.md
generated_resources/legend_graphics/spelbits_solved/raw4_oriented_contact.png	16561	86c0e4b700bd9f55a21860ff880e2e2fe6395ea716fa331e292dd0e50b9f1c01	.png	preserved thread artifact; may be current or superseded; consult CURRENT_STATUS_AND_SUPERSESSIONS.md
generated_resources/legend_graphics/spelbits_solved/spelbits_inner_plane_major_2x.png	15358	67e748164ad34e99dd3d3cb0a616b802480690d03b23699c6c56b5ef2c89d013	.png	preserved thread artifact; may be current or superseded; consult CURRENT_STATUS_AND_SUPERSESSIONS.md
generated_resources/legend_graphics/spelbits_solved/spellbook_background_2x.png	15358	67e748164ad34e99dd3d3cb0a616b802480690d03b23699c6c56b5ef2c89d013	.png	preserved thread artifact; may be current or superseded; consult CURRENT_STATUS_AND_SUPERSESSIONS.md
generated_resources/legend_graphics/stage3_probe/spel_11b0_mainpal_contact.png	18810	9b1c891a78447c88342606e104f4158e9fd3bea9ebe366ef57d9fd856be554cb	.png	preserved thread artifact; may be current or superseded; consult CURRENT_STATUS_AND_SUPERSESSIONS.md
generated_resources/legend_graphics/stage3_probe/spel_2d90_mainpal_contact.png	8984	3a46222a345df6752277d24d6b6f6a03a18528b28c6b389c27340e0e39805fef	.png	preserved thread artifact; may be current or superseded; consult CURRENT_STATUS_AND_SUPERSESSIONS.md
generated_resources/legend_graphics/tile_atlas/M00_tiles_20col_2x.png	10730	2582e0d9d2678cc3d7ff87c8b54c343eea64620a6db64e847bd58a66248acf56	.png	preserved thread artifact; may be current or superseded; consult CURRENT_STATUS_AND_SUPERSESSIONS.md
generated_resources/legend_graphics/tile_atlas/PARTY_tiles_20col_2x.png	20619	6ee0147ab22eb81b46f31d958ead9f772d8c42f0d375502c74430d150363fddc	.png	preserved thread artifact; may be current or superseded; consult CURRENT_STATUS_AND_SUPERSESSIONS.md
generated_resources/legend_graphics/tile_atlas/TILES2_tiles_20col_2x.png	19334	658555f30096d844d5595d751cd402a1731a8a2b5cbfc05b7da97b1b8c84adaf	.png	preserved thread artifact; may be current or superseded; consult CURRENT_STATUS_AND_SUPERSESSIONS.md
generated_resources/legend_graphics/tile_atlas/TILESX_tiles_16col_2x.png	12281	237c9f3bbe93386078856668f2f6212c6cb53ea13a3c80d7aad959563d1c2b96	.png	preserved thread artifact; may be current or superseded; consult CURRENT_STATUS_AND_SUPERSESSIONS.md
generated_resources/legend_graphics/tile_atlas/UINV_tiles_8col_2x.png	3221	8b8ecd56459c4c98e50996e62813ab00585f99388a712cd3352968a457a30811	.png	preserved thread artifact; may be current or superseded; consult CURRENT_STATUS_AND_SUPERSESSIONS.md
generated_resources/legend_graphics/uinv_probe/UINV_layout_probe.png	11596	7fa0a6df0716c6a128428645a22ee15fbbf033855503b424e9fe8f473a430cd7	.png	preserved thread artifact; may be current or superseded; consult CURRENT_STATUS_AND_SUPERSESSIONS.md
generated_resources/legend_graphics/uinv_probe/UINV_objects_17_contact.png	9938	e8b0915a1e4826c6d4bf1758e4cbd510d4ce2ba03787aa6acdf12097183b78d7	.png	preserved thread artifact; may be current or superseded; consult CURRENT_STATUS_AND_SUPERSESSIONS.md
generated_resources/legend_graphics/world_2990_candidates/contact.png	119825	ae18d0f05bae9966323a4e9ab8ce22670cb14c5907ebfcc7709420c8b273c802	.png	preserved thread artifact; may be current or superseded; consult CURRENT_STATUS_AND_SUPERSESSIONS.md
generated_resources/legend_graphics/world_probe/contact.png	132130	7f31e95d2bf06a4ffad1d27dca6901c4b11bd2fb406c6ef53347726187ae77b8	.png	preserved thread artifact; may be current or superseded; consult CURRENT_STATUS_AND_SUPERSESSIONS.md
historical_bundles/legend_graphics_pngs.zip	1403826	ab3ef405b5d2c460463a09b15c5b4667740415580797a1f50e4a2167b6139c0a	.zip	earlier conversation bundle preserved intact; contents overlap other resources
historical_bundles/legend_graphics_primary_pngs.zip	983894	66e53192b81da6ca1daae5089d6c9db2a7861d89a9ed254567429e9e041885ef	.zip	earlier conversation bundle preserved intact; contents overlap other resources
inventory/legend_inventory.tsv	1870	79ce7d256681508aedb42ccfd2bced9156fb4201407bacc5ae5463703c0d367f	.tsv	documentation, manifest, inventory, or log
raw_pac/PACS/A00.PAC.raw	9714	998251c3a34c8ac2941f959d1585943944cc1f5a513b04043c83974ddd2ab842	.raw	verified PAC decompression output
raw_pac/PACS/A01.PAC.raw	14838	3a994589b06b65b3fa3b97b02c38132ad7f36dc55ef8b9667a5596b3aa00c2be	.raw	verified PAC decompression output
raw_pac/PACS/A02.PAC.raw	10742	7dfb8bd322d0e0c19f06b827dd6eb75a76541fb3c70ce8c6c200997ec672aa57	.raw	verified PAC decompression output
raw_pac/PACS/A03.PAC.raw	10338	a068ed080a06c4eed5ec091a7e6c064a13e124cf1667f10f4542541ca7f9085c	.raw	verified PAC decompression output
raw_pac/PACS/A04.PAC.raw	10684	050fb6312acd87e8dc0eba3c1de8e3d1a13b66dff8c655a47770f7661c048f2d	.raw	verified PAC decompression output
raw_pac/PACS/A05.PAC.raw	9852	35251d83f0044ba75c65bc12823247d2288cffbf720561fb4d9c4f1fae7e635f	.raw	verified PAC decompression output
raw_pac/PACS/A06.PAC.raw	12676	b796ca27db4074a8b26ff2f1641e859a265d8f61d7ddd60def1111c092d517ba	.raw	verified PAC decompression output
raw_pac/PACS/A07.PAC.raw	12580	2e5422fa392e674ea5c39112827376002877318afae09b595ece7ee7d7a251b4	.raw	verified PAC decompression output
raw_pac/PACS/A08.PAC.raw	14612	1907dfc8ec90026ee07457f302e5a57a730b3c300af081e6b627a3c20c675043	.raw	verified PAC decompression output
raw_pac/PACS/A09.PAC.raw	16660	a56ee77738778024997dcfe8f5da9b394c257c98e6ab34a9c0f45395608244aa	.raw	verified PAC decompression output
raw_pac/PACS/A0A.PAC.raw	11830	8ec950a4f8c652acdbb7b0ae77607e794eaf553ad93f715d86b5934e1da4cc37	.raw	verified PAC decompression output
raw_pac/PACS/A0B.PAC.raw	14046	7ba64e5fbd78be17f907274d16ad057c0e93c5e2bc2c232d6fb71b68610a549f	.raw	verified PAC decompression output
raw_pac/PACS/A0C.PAC.raw	12026	2232e8a123f93f0bdf49aa459ba6c0a4c046f0176f0cf4181e82495e3e70297a	.raw	verified PAC decompression output
raw_pac/PACS/A0D.PAC.raw	11710	9c31cb59b5b7e37c2706c46821c85825cad4ba1a3f99860e8f93ac85379a44ac	.raw	verified PAC decompression output
raw_pac/PACS/A0E.PAC.raw	13224	4066ec09392bbd7c3f22227aaa4fce539a65bc07e5baf3a188bca5befa2a7353	.raw	verified PAC decompression output
raw_pac/PACS/A0F.PAC.raw	9740	9df758a25ee54c7992abba02ab06b9d011e7b747cba1b70f21aac03d456dd04c	.raw	verified PAC decompression output
raw_pac/PACS/A10.PAC.raw	17410	f0a2a2ae392c84b81dc8da0fab11314017266c4c19d4ab9d4d32dbfdea7e5628	.raw	verified PAC decompression output
raw_pac/PACS/ANBORD.PAC.raw	1768	fcba6ab96456414dfa6f6f5b702956fe397d4e4f857390d56e40dcb15c75a924	.raw	verified PAC decompression output
raw_pac/PACS/ANIMBORD.PAC.raw	1768	bfabc1bf7d07aeee3d8f3a29d5363549f831faf386ded7c13c5288f1784bf220	.raw	verified PAC decompression output
raw_pac/PACS/F0.PAC.raw	35818	d1a14983cc10bf7008bf4ad1e94103d8db072b781033ba8bd1a2de5834e5e50e	.raw	verified PAC decompression output
raw_pac/PACS/F1.PAC.raw	35818	dd0fc5493691841de94c187b01e63c957bb430cf324f663f18d9e4ec8c449f5b	.raw	verified PAC decompression output
raw_pac/PACS/F2.PAC.raw	24408	6f05df1b7b9f828201e7a8a5bd6c83838f59253718f7d1bd51aeff6981c80565	.raw	verified PAC decompression output
raw_pac/PACS/PARTY.PAC.raw	32000	222616b3e7a43c4fcb9c7e94b71c8cf3648db37e8a19de1f8f4003dd9f1281ef	.raw	verified PAC decompression output
raw_pac/PACS/TILES2.PAC.raw	22720	97a0b5da43dc21db9f1835cc9823418700c34ba457c24467b0c0656e2246ac9c	.raw	verified PAC decompression output
raw_pac/PACS/TILESX.PAC.raw	14336	a14acf2353b9b97b92feb2aae4bec40056d52dee4f5ae8206101d50a18aab832	.raw	verified PAC decompression output
raw_pac/PACS/UINV.PAC.raw	2816	fbba4069aa3c6c3b55c1e64feb713a466a19c23db21341b288a2e37501bd9c8c	.raw	verified PAC decompression output
raw_pac/PACS/WORLD.PAC.raw	22019	241a1fcc178637aeaaeeabb7b5db18337866f4a156feaad3a1143f01afb0f772	.raw	verified PAC decompression output
raw_pac/PACS/spelbits.pac.raw	36861	2c3c0a31e900599fff0c8bad8c52f6c41a959cb608f7b491d56ae58329733894	.raw	verified PAC decompression output
raw_pac/PRUMS/R00.PAC.raw	2048	2a33a4f5562e42c0f52cbc144eed403fd412bfacab229abffdbc9e1113b5c54b	.raw	verified PAC decompression output
raw_pac/PRUMS/R01.PAC.raw	2048	6c4326b137df484649a79b69e2272248c7ef72863a9afad83685148283d3a3b6	.raw	verified PAC decompression output
raw_pac/PRUMS/R10.PAC.raw	2048	dad75d59bcebff98b43dc3ac71a45b65b0aca1b0689ae250c781005eeaf05bf4	.raw	verified PAC decompression output
raw_pac/PRUMS/R11.PAC.raw	2048	53027c770c9a93bb5c80f9b1c26ce37902eab53c00ddc8a8bc08a6f14df028a8	.raw	verified PAC decompression output
raw_pac/PRUMS/R12.PAC.raw	2048	f720e68203d6e689b548ab33a04327aed981152572ccd55c56404bd666e83498	.raw	verified PAC decompression output
raw_pac/PRUMS/R13.PAC.raw	2048	dcead0ae4072a338fb197cd5c4776b1cb356e88776e28b4d045e2e1f908816d8	.raw	verified PAC decompression output
raw_pac/PRUMS/R14.PAC.raw	2048	68cba3799d9274e444b59be1247628af1bdafb389bb8dee42feb5135d914041c	.raw	verified PAC decompression output
raw_pac/PRUMS/R15.PAC.raw	2048	c20f673b50a88031f457fd41325ff5274ccd99dd73102623644e1b5dde48214f	.raw	verified PAC decompression output
raw_pac/PRUMS/R16.PAC.raw	2048	e947230482d6f0b98c9628b4bd20c82bf887d0734e7b6ec87c34cd80e9f13262	.raw	verified PAC decompression output
raw_pac/PRUMS/R17.PAC.raw	2048	ecdb63113a4ff4c818b67fe9ab2c6ab0cb4d92f8a5a2453223a2d0334c26556c	.raw	verified PAC decompression output
raw_pac/PRUMS/R20.PAC.raw	2048	99a89533ecdf17641401c687e013dbefa52764b057524847781c78c85ed12889	.raw	verified PAC decompression output
raw_pac/PRUMS/R21.PAC.raw	2048	c81f5a79e5da825d17c281675009e3e2c4d46feba710136987c0f391547ab156	.raw	verified PAC decompression output
raw_pac/PRUMS/R22.PAC.raw	2048	c95683513ca720866bfcbdad24628d190217e6031252c9d5ac979caba7021fc1	.raw	verified PAC decompression output
raw_pac/PRUMS/R23.PAC.raw	2048	818307b875631355062334929e157a10a8b56a88450f685776ee616497278462	.raw	verified PAC decompression output
raw_pac/PRUMS/R24.PAC.raw	2048	3ed4c0c1ec260140c8b0270284d5d8757706e791cc7705887ef4ff925c8decd6	.raw	verified PAC decompression output
raw_pac/PRUMS/R30.PAC.raw	2048	da25303abc686724f3caad35c15384579f2d84be48c40335a200869ef1cf8817	.raw	verified PAC decompression output
raw_pac/PRUMS/R40.PAC.raw	2048	bf496c53a433e978845cce2c7031ea1e10e7bf4b8c945e03cad2e11a236e5b18	.raw	verified PAC decompression output
raw_pac/PRUMS/R41.PAC.raw	2048	358822ae49488f13e5017c5cdd25060d358337a43dc362720e644a00ba975f47	.raw	verified PAC decompression output
raw_pac/PRUMS/R50.PAC.raw	2048	bd2c214febf2c87e31380892c8a3d6f1fe73b281d90c767bf912ed8d364bca10	.raw	verified PAC decompression output
raw_pac/PRUMS/R51.PAC.raw	2048	be719cfaf34efd7b44fe6ab5091dba88ede3f3e1830f8394fa8a1d974781ccb9	.raw	verified PAC decompression output
raw_pac/PRUMS/R60.PAC.raw	2048	0e2ced1fd68e2f6697f1ad101ae48506092e4b1e1d4f865e4521cf024b46abae	.raw	verified PAC decompression output
raw_pac/PRUMS/R61.PAC.raw	2048	ef4e6200f3c00de14853956f62706de2f8b588251b21d83db03ee7333e816323	.raw	verified PAC decompression output
raw_pac/PRUMS/R62.PAC.raw	2048	8821d1afcee0c34c75d90dd7fa77b470b7710825ee1a55d9ef1f711c9300f503	.raw	verified PAC decompression output
raw_pac/SPIT/M00.PAC.raw	15360	5956067b459253c278229b926b5ef9a3560d2d6abf43bd0fc90897201195c2d9	.raw	verified PAC decompression output
raw_pac/SPIT/M01.PAC.raw	15360	48317d7d72e1fcbffe1e10236b028ff62e05e058271b57224b053c77f90aa34e	.raw	verified PAC decompression output
raw_pac/SPIT/M02.PAC.raw	15360	e1e25ad4e7d89ca59773a2952932c6eb26f0bda61f0f102eb9a6981f950b9adb	.raw	verified PAC decompression output
raw_pac/SPIT/M03.PAC.raw	15360	0cff0fee6b98537ac25c2676cba3f3ab02cf72d55aa6712089c4e4734de6fe2d	.raw	verified PAC decompression output
raw_pac/SPIT/M04.PAC.raw	15360	d1a9a973aaf6c19dc79795ee1bd69c1964146ef4d569937ba67a5c71505f7536	.raw	verified PAC decompression output
raw_pac/SPIT/M05.PAC.raw	15360	a392ac1e01bc7892705bbe72323127f91e845033533e8e92ebcfcb9cbf1afdb3	.raw	verified PAC decompression output
raw_pac/SPIT/M06.PAC.raw	15360	9e4e42d6859af312718373207723611f0d3123b7d1a9e95c41be2113d0b24ca0	.raw	verified PAC decompression output
raw_pac/SPIT/M07.PAC.raw	15360	399706b8133a8828ec396c0803cb8603cf4adddeda83ce08afb3fd52583261c7	.raw	verified PAC decompression output
raw_pac/SPIT/M08.PAC.raw	15360	7eb798a34bc82412a2b26390a68ae6180d0a0b68e42f1dd6e7a7c1c3f7b2be9d	.raw	verified PAC decompression output
raw_pac/SPIT/M09.PAC.raw	15360	c0621e95b8013d84f458e504205ee947e45099c7b233fe20594d884af22900f7	.raw	verified PAC decompression output
raw_pac/SPIT/M0A.PAC.raw	15360	b645ca7ff70d12ce899c5627d67abc9e4946f40600ecf4a336d2a4f92eb60123	.raw	verified PAC decompression output
raw_pac/SPIT/M0B.PAC.raw	15360	8b78a013bddb0b732750ca7fd1b9c4970865d396267ad288a379a8a7b8bd218d	.raw	verified PAC decompression output
raw_pac/SPIT/M0C.PAC.raw	15360	cfa3cb22bfb4be004a7bfebd19a3701a300b0d1681b32f20df5f7c0e711fcf6d	.raw	verified PAC decompression output
raw_pac/SPIT/M0D.PAC.raw	15360	f790a3bd11dbb8294e1341d1efd8e72af16ab4d2c44990f18523fbf68bd4d8cb	.raw	verified PAC decompression output
raw_pac/SPIT/M0E.PAC.raw	15360	599ae966119ff696b7ce7c6830fcd1336f001c75bcf0ec7fc24b406a120b625b	.raw	verified PAC decompression output
raw_pac/SPIT/M0F.PAC.raw	15360	8e5ca7e7bcd03eaca7634f8bca456b258ff78f95dd80765e2b8a5c6c8b372912	.raw	verified PAC decompression output
raw_pac/SPIT/M10.PAC.raw	15360	cd72a87feb165816aca62517a0a8a99128550175ade8b01840920adc0cbcf11c	.raw	verified PAC decompression output
raw_pac/SPIT/M11.PAC.raw	15360	d724d103d5ce1b78b7f913b327a162b307c1d75237f283b41ef1de31ad403b77	.raw	verified PAC decompression output
raw_pac/SPIT/M12.PAC.raw	15360	06cde035de269b0696422b8e6581322ef1651866758566df45bdf96bf3ff0840	.raw	verified PAC decompression output
raw_pac/SPIT/M13.PAC.raw	15360	25af76f17c2be54fdef519595e27d6d3939268a1724fbddab84309ebe759f05a	.raw	verified PAC decompression output
raw_pac/SPIT/M14.PAC.raw	15360	206448b18515a94b4b69850014884799798a52de692a8dd67de440f6b9469df9	.raw	verified PAC decompression output
raw_pac/SPIT/M15.PAC.raw	15360	0f69eeaf80195a7b167e64e78fe41718d57bf6a7d05281ad9039c84d5a625394	.raw	verified PAC decompression output
raw_pac/SPIT/M16.PAC.raw	15360	fe693c4315f1074f06dc3431040031c47d80ec97aa10bdbbed431af911c5be62	.raw	verified PAC decompression output
raw_pac/SPIT/M17.PAC.raw	15360	4c48bfa054a667b3c3fed8d01f241efc1ad12192f237b426bbd803caf6ee784a	.raw	verified PAC decompression output
raw_pac/SPIT/M18.PAC.raw	15360	3eaaa78b0fed76ddb549f00b75c38e3f205b7da2a27cd584cd33b041c003f553	.raw	verified PAC decompression output
raw_pac/SPIT/M19.PAC.raw	15360	c311a550cf7e49828ec77230365083b157d0727f949ae24975905ffd4692bb57	.raw	verified PAC decompression output
raw_pac/SPIT/M1A.PAC.raw	15360	bed01a8abd6cc90f40a7e8237dd25c857b019d269eed407ebc021564b50f0d5d	.raw	verified PAC decompression output
raw_pac/SPIT/M1B.PAC.raw	15360	3df2650f771e9e27a43e7ceba2bb30146402cd5e5f455c0aa8d306bac5db4a51	.raw	verified PAC decompression output
raw_pac/SPIT/M1C.PAC.raw	15360	9f14faa7f103e0c842ad082f54e0e335d390374b5f580c71960a5f48edf6cf3e	.raw	verified PAC decompression output
raw_pac/SPIT/M1D.PAC.raw	15360	5f95abf85cbf0dd119f4527a74d0183c91cd53516469f476622b7ee305f1cf53	.raw	verified PAC decompression output
raw_pac/SPIT/M1E.PAC.raw	15360	845a0abebe3425067c6afe7c07b49be81950a95379315c299590a4a71f1c08eb	.raw	verified PAC decompression output
raw_pac/SPIT/M1F.PAC.raw	15360	7a2c8a49620e437f59fca043b1769e7c0153ae93eddfa7cad23c361335bbc937	.raw	verified PAC decompression output
raw_pac/SPIT/M20.PAC.raw	15360	e9d9fdc855c38425aa95044dab897a5228087e075b87102e46fe0ee6010da392	.raw	verified PAC decompression output
raw_pac/SPIT/M21.PAC.raw	15360	3730d44cb97e47b6a1edf6d8e0935607854e0814ad28713428fb394ba336b1c0	.raw	verified PAC decompression output
raw_pac/SPIT/M80.PAC.raw	1024	17ba185f480305d8bc0ede0ae4cdadbb24d5826b4eda6c4880b9619a8cde906d	.raw	verified PAC decompression output
raw_pac/SPIT/M81.PAC.raw	1024	99fd9e1b3b622a4e4c0c40ac87cb17891cf5c007802fcceffd84afb0591b5f19	.raw	verified PAC decompression output
raw_pac/SPIT/M82.PAC.raw	1024	301cf330dac2a1734cfa95d60dc56e1f669509f7eaa57a4196ca96599076f2af	.raw	verified PAC decompression output
raw_pac/SPIT/M83.PAC.raw	1024	d73db31dd802d4e7d23b11989b605e2634bcd0ab266eba0f83deada9512d7456	.raw	verified PAC decompression output
raw_pac/SPIT/M84.PAC.raw	1024	39d1c8a3066aef728b8a9f5c0739a5418937e1216bd81e3d9b9446a8d7696da0	.raw	verified PAC decompression output
raw_pac/SPIT/M85.PAC.raw	1024	331bf85d3ef04205d9370ab4d942c3f454c9d136cfb8b793c5da7062ce95176a	.raw	verified PAC decompression output
raw_pac/SPIT/M86.PAC.raw	1024	79cfb1a1b22c19d5fe29b35dbde76355cfd6989ae2110c8dc42fed483cc36f55	.raw	verified PAC decompression output
raw_pac/SPIT/M87.PAC.raw	1024	f3c7e49aba6ff866fb10086ae7bcf0c7550d6801c518686cf969de306e1e9de5	.raw	verified PAC decompression output
raw_pac_unpack_log.txt	4380	eabe28d341be4f7239297ba5583577e83b818f8bc616b280bbd130162b0e220f	.txt	documentation, manifest, inventory, or log
reconstructed_current/scenes/A00/A00_base.png	3977	c14d2e98c4d8f59ab6e2130f387fceabb7d23c46ace5f29eb4ebb5d82a9dedab	.png	current reconstructed output; see documentation for confidence and remaining caveats
reconstructed_current/scenes/A00/A00_base_2x.png	5042	402f349efa52e7df0d8ebfecf9902133c3a949f44c517dee5b8d73ac1fee4de1	.png	current reconstructed output; see documentation for confidence and remaining caveats
reconstructed_current/scenes/A00/animation_sequences.tsv	887	4eaf17d4c45466d5f5a767dfce271409b16839052bbc97e93001e2b31c364e97	.tsv	current reconstructed output; see documentation for confidence and remaining caveats
reconstructed_current/scenes/A00/composites/A00_overlay_01_composite.png	3980	7c1d2d242342026ae9c368c98b1961e90f58900c9bfe7b1534e9a3e3260c6c6f	.png	current reconstructed output; see documentation for confidence and remaining caveats
reconstructed_current/scenes/A00/composites/A00_overlay_01_composite_2x.png	5045	319f935bd0e4fb15129a865ab2826762f91d29ba75101eba87ea62c076159abd	.png	current reconstructed output; see documentation for confidence and remaining caveats
reconstructed_current/scenes/A00/composites/A00_overlay_02_composite.png	3977	3b037b5333eefe29ceac90b88769d43a8515c75b0721a7f48572ebc917f2c822	.png	current reconstructed output; see documentation for confidence and remaining caveats
reconstructed_current/scenes/A00/composites/A00_overlay_02_composite_2x.png	5042	cd27fcccba4d5596fbd8a0cb81cea5a6b9a343f28c3248e93e14acdb20614937	.png	current reconstructed output; see documentation for confidence and remaining caveats
reconstructed_current/scenes/A00/composites/A00_overlay_03_composite.png	3971	1c0474a87abc6bc6913b585e9bdd90eec96c8c6d85157d94cdffde9cb7965bfa	.png	current reconstructed output; see documentation for confidence and remaining caveats
reconstructed_current/scenes/A00/composites/A00_overlay_03_composite_2x.png	5038	72983f69dc4a4fef6f1faef975f19d14b01ecbb0f69130af6a8e38488614e73e	.png	current reconstructed output; see documentation for confidence and remaining caveats
reconstructed_current/scenes/A00/composites/A00_overlay_04_composite.png	3977	4546aa91bf3b99e50f3c882821f8f59703e9665214ac1a324fad94dc1db78efe	.png	current reconstructed output; see documentation for confidence and remaining caveats
reconstructed_current/scenes/A00/composites/A00_overlay_04_composite_2x.png	5044	b0a602c5996233f1a77aee90d3944c12074abede8b03101dfd56797e2aea2614	.png	current reconstructed output; see documentation for confidence and remaining caveats
reconstructed_current/scenes/A00/composites/A00_overlay_05_composite.png	3974	cb95e7f117463e2485eec71a965a357bc19e4e4e2416b452925659e5834469d8	.png	current reconstructed output; see documentation for confidence and remaining caveats
reconstructed_current/scenes/A00/composites/A00_overlay_05_composite_2x.png	5043	283b807328c395da0d624f8181d34f6bb07934214d1bfc25a8482a5918b7c9a8	.png	current reconstructed output; see documentation for confidence and remaining caveats
reconstructed_current/scenes/A00/composites/A00_overlay_06_composite.png	3974	05d64fd87fe09bbd316000d36ee19ecb13d9924caecd9ef06616b72ab2a95766	.png	current reconstructed output; see documentation for confidence and remaining caveats
reconstructed_current/scenes/A00/composites/A00_overlay_06_composite_2x.png	5043	3e7339a6c860a2357af7141254879c9222bc4366ce8ed7a9dc82d5bf5c323074	.png	current reconstructed output; see documentation for confidence and remaining caveats
reconstructed_current/scenes/A00/composites/A00_overlay_07_composite.png	3975	ad5ccc4ed3ed94735a6a9e792a8f9d569b340b84c3fdb69ff39963d1ece3582c	.png	current reconstructed output; see documentation for confidence and remaining caveats
reconstructed_current/scenes/A00/composites/A00_overlay_07_composite_2x.png	5039	a9d0d0a00e4ebbafa18d197634c7c3f66f87823c2e1aab0c4944ab8360cda0ce	.png	current reconstructed output; see documentation for confidence and remaining caveats
reconstructed_current/scenes/A00/composites/A00_overlay_08_composite.png	3976	1de9e77593f051314b390f154007fcc9a7c572fbd2c70e0fe481f60ea2107046	.png	current reconstructed output; see documentation for confidence and remaining caveats
reconstructed_current/scenes/A00/composites/A00_overlay_08_composite_2x.png	5036	72f32f0b670029b2e36658c0109800c263470db749cacb2bb1811d9a401b3d1a	.png	current reconstructed output; see documentation for confidence and remaining caveats
reconstructed_current/scenes/A00/composites/A00_overlay_09_composite.png	3979	251fde0d235164a9d809ba41cd80e1916e07328954505e50f59e3d26e112744a	.png	current reconstructed output; see documentation for confidence and remaining caveats
reconstructed_current/scenes/A00/composites/A00_overlay_09_composite_2x.png	5044	6fc67aff89b260bb3afd40c5e74eaa8364d2ba7a75b797e1de294b256104037e	.png	current reconstructed output; see documentation for confidence and remaining caveats
reconstructed_current/scenes/A00/composites/A00_overlay_10_composite.png	3988	bdab4d0780c5d8caba863dcc3ff530e88d11e9b93c8bb99190a2ecc89062b32b	.png	current reconstructed output; see documentation for confidence and remaining caveats
reconstructed_current/scenes/A00/composites/A00_overlay_10_composite_2x.png	5049	2ce3918f7de6ee01bc946a83146a4817d664985991d65a4958ac604bb896ae8a	.png	current reconstructed output; see documentation for confidence and remaining caveats
reconstructed_current/scenes/A00/composites/A00_overlay_11_composite.png	3981	e6bb9790dbbf3de72cc5c4fc1a6503e6f5990558024034891dd64d8443543332	.png	current reconstructed output; see documentation for confidence and remaining caveats
reconstructed_current/scenes/A00/composites/A00_overlay_11_composite_2x.png	5046	e6e0e2f55f707582341172d9cf790e6c354fe56dc686831d554621b05263795b	.png	current reconstructed output; see documentation for confidence and remaining caveats
reconstructed_current/scenes/A00/composites/A00_overlay_12_composite.png	3989	5ea36506c761167a01f8e79b6b4b099c58eb228fc3b0e06ef41c722e2b69a27d	.png	current reconstructed output; see documentation for confidence and remaining caveats
reconstructed_current/scenes/A00/composites/A00_overlay_12_composite_2x.png	5054	6a932741ce5c9e611798a32691cf4628a954b590d6e325a0630f8d73b7dbf6ff	.png	current reconstructed output; see documentation for confidence and remaining caveats
reconstructed_current/scenes/A00/composites/A00_overlay_13_composite.png	3981	1abbb4d1108f89463b574987902ce88556ff43b0d16eb5a1a8227f454143fff7	.png	current reconstructed output; see documentation for confidence and remaining caveats
reconstructed_current/scenes/A00/composites/A00_overlay_13_composite_2x.png	5044	6ef7f31130e887b66706d1c43e705c7559762ec424b8f6092f19a174742718b5	.png	current reconstructed output; see documentation for confidence and remaining caveats
reconstructed_current/scenes/A00/composites/A00_overlay_14_composite.png	3976	6ea2984d899d8cfbd62d93e8e2608022c88b4dbd64ee4dd4006c20a1d27c1930	.png	current reconstructed output; see documentation for confidence and remaining caveats
reconstructed_current/scenes/A00/composites/A00_overlay_14_composite_2x.png	5043	09c3e9230934a494e1aed95cbb4bde45f0831b35038d1ebcfd624f76852be3a2	.png	current reconstructed output; see documentation for confidence and remaining caveats
reconstructed_current/scenes/A00/composites/A00_overlay_15_composite.png	3977	0ce57fb5cbfb1a173891368e59cd459aa6eb672b0ed93089426c2794f066dd74	.png	current reconstructed output; see documentation for confidence and remaining caveats
reconstructed_current/scenes/A00/composites/A00_overlay_15_composite_2x.png	5044	748b59d0918941af44c9f4f0a5aff339fe7df46bb82de20631fe661f5e7dcd1a	.png	current reconstructed output; see documentation for confidence and remaining caveats
reconstructed_current/scenes/A00/composites/A00_overlay_16_composite.png	3978	1e874101915481b652872652b7deb22411c105e20e965e7159d6a14e9f7ca7ce	.png	current reconstructed output; see documentation for confidence and remaining caveats
reconstructed_current/scenes/A00/composites/A00_overlay_16_composite_2x.png	5051	2d9b2fce757f31f4acae8258ad8c27f9e200007213beef172074c108beeea99b	.png	current reconstructed output; see documentation for confidence and remaining caveats
reconstructed_current/scenes/A00/composites/A00_overlay_17_composite.png	3979	ffd7c2e1b9bd493a5929b9096c251516594ac5849aba9b48e3cfe19e21107d86	.png	current reconstructed output; see documentation for confidence and remaining caveats
reconstructed_current/scenes/A00/composites/A00_overlay_17_composite_2x.png	5043	7167623d72fa9e2777856cc106d06773d8028bc5ad8445e0a2ebcda556f94470	.png	current reconstructed output; see documentation for confidence and remaining caveats
reconstructed_current/scenes/A00/composites/A00_overlay_18_composite.png	3985	0000266470dd80b47bcb5fde9fde673333ce81392ef49a08f8835d3878d822fe	.png	current reconstructed output; see documentation for confidence and remaining caveats
reconstructed_current/scenes/A00/composites/A00_overlay_18_composite_2x.png	5053	7aa59e6325fbe3c15f75305b2e1c1c4f4f5b4e4335f2e36909dbba3940de8462	.png	current reconstructed output; see documentation for confidence and remaining caveats
reconstructed_current/scenes/A00/composites/A00_overlay_19_composite.png	3978	8baf56a333716334719e87189f0f06013d9ba4108fb2de5b7bf24589ef2acb9e	.png	current reconstructed output; see documentation for confidence and remaining caveats
reconstructed_current/scenes/A00/composites/A00_overlay_19_composite_2x.png	5042	00160cf24aa25c9acd7c2ed7e391ec327e9514439dd82e00b487b6b9fcccb069	.png	current reconstructed output; see documentation for confidence and remaining caveats
reconstructed_current/scenes/A00/composites/A00_overlay_20_composite.png	3984	ee0da3b039b52ae1d5cfb34045f5f6f70c09f7526608c60b31dcfc0d543b4a0f	.png	current reconstructed output; see documentation for confidence and remaining caveats
reconstructed_current/scenes/A00/composites/A00_overlay_20_composite_2x.png	5047	a4576ca6b4c856ccbdb0b2b6855ee9d4d77e8b3afce5c0669c85d335f75ecff1	.png	current reconstructed output; see documentation for confidence and remaining caveats
reconstructed_current/scenes/A00/composites/A00_overlay_21_composite.png	3983	e6a772e797a54899f1e5702071cd1334c9927c3eba7d5786439e5ec1d4de85a6	.png	current reconstructed output; see documentation for confidence and remaining caveats
reconstructed_current/scenes/A00/composites/A00_overlay_21_composite_2x.png	5049	da1574ec0aa62ccd3845fc4598751bd5f1f30331ac620af569ea0b2e65aab430	.png	current reconstructed output; see documentation for confidence and remaining caveats
reconstructed_current/scenes/A00/composites/A00_overlay_22_composite.png	3978	edb567364ba4be923667c2e97217f96da519686e05de19815bbda72a89d2110e	.png	current reconstructed output; see documentation for confidence and remaining caveats
reconstructed_current/scenes/A00/composites/A00_overlay_22_composite_2x.png	5046	6cac967d3d9c0fdac37a54c07dc32d525df079c977fc1d4ac441517c0fa5dd8f	.png	current reconstructed output; see documentation for confidence and remaining caveats
reconstructed_current/scenes/A00/composites/A00_overlay_23_composite.png	3977	821136b9b59a9f139347a4342e5f4a849ce983cf444c806489654e55311cde3a	.png	current reconstructed output; see documentation for confidence and remaining caveats
reconstructed_current/scenes/A00/composites/A00_overlay_23_composite_2x.png	5049	617d659b79f96b5b03a93f80ba3b7ea4915197fe361c1019b363f7f990c586f6	.png	current reconstructed output; see documentation for confidence and remaining caveats
reconstructed_current/scenes/A00/composites/A00_overlay_24_composite.png	3983	fe8d2aa98aa8bb10ce98f6cebcd17632405d9e2af68d8e80816476f9efd4dba7	.png	current reconstructed output; see documentation for confidence and remaining caveats
reconstructed_current/scenes/A00/composites/A00_overlay_24_composite_2x.png	5050	a08fb0740e3dc1aa4c6a821b2c1dea2de4f292ac5190be646b78dae549b6522f	.png	current reconstructed output; see documentation for confidence and remaining caveats
reconstructed_current/scenes/A00/overlays/A00_overlay_01_16x6_x128_y28.png	898	36c76cf0bd40f411402cf3b24baac89093c2a2194d4a6a4b4bbc35a77df6be21	.png	current reconstructed output; see documentation for confidence and remaining caveats
reconstructed_current/scenes/A00/overlays/A00_overlay_01_16x6_x128_y28_2x.png	925	fbcac38523c55b9ef8b51694355ff87e15b63ba95f450cd7b6b495de3c73ce5d	.png	current reconstructed output; see documentation for confidence and remaining caveats
reconstructed_current/scenes/A00/overlays/A00_overlay_02_16x6_x128_y28.png	897	4764462dcd550c5c3a06149d278143afcf753597a5ec19d21e913bee32ab6fb5	.png	current reconstructed output; see documentation for confidence and remaining caveats
reconstructed_current/scenes/A00/overlays/A00_overlay_02_16x6_x128_y28_2x.png	931	7a867de9281e4e32b79d909f910f4e316782bac503d22a9849ddbbd0c78ba6ae	.png	current reconstructed output; see documentation for confidence and remaining caveats
reconstructed_current/scenes/A00/overlays/A00_overlay_03_16x6_x128_y28.png	894	4093bb09b89068a545bce64a51cf16ac740d88547bb2b4b6d93fcc20d37e39a3	.png	current reconstructed output; see documentation for confidence and remaining caveats
reconstructed_current/scenes/A00/overlays/A00_overlay_03_16x6_x128_y28_2x.png	919	c1bd8374bd04fe05fd432d90e3a3f91ddaa1f31478e0b4adea1b0192d024ab47	.png	current reconstructed output; see documentation for confidence and remaining caveats
reconstructed_current/scenes/A00/overlays/A00_overlay_04_16x6_x16_y28.png	900	bd285db0c553e3081b7105f7842d3c1853d422c0a07234f692409bb62b5fbccc	.png	current reconstructed output; see documentation for confidence and remaining caveats
reconstructed_current/scenes/A00/overlays/A00_overlay_04_16x6_x16_y28_2x.png	929	47f1d93c7f2e2d7d96fba1632a428cb1dfb6a3a24d422c07f863182f2735dc3c	.png	current reconstructed output; see documentation for confidence and remaining caveats
reconstructed_current/scenes/A00/overlays/A00_overlay_05_16x6_x16_y28.png	897	197ab7e9bb26829a553888df5d921be256a4a5618cb3f11a81cef39e7be17387	.png	current reconstructed output; see documentation for confidence and remaining caveats
reconstructed_current/scenes/A00/overlays/A00_overlay_05_16x6_x16_y28_2x.png	925	313090b6df068dd118fa86a66d2d32b6887886c21727de967837d1479b620843	.png	current reconstructed output; see documentation for confidence and remaining caveats
reconstructed_current/scenes/A00/overlays/A00_overlay_06_16x6_x16_y28.png	900	f8cec41fff1d4a602ab2ed44202237a553c9c50e2df600512087153cec561f88	.png	current reconstructed output; see documentation for confidence and remaining caveats
reconstructed_current/scenes/A00/overlays/A00_overlay_06_16x6_x16_y28_2x.png	928	9ceba86eb1f6b8f37c460a03f44fdd8afb1aeb172b2fe634f3d976f600bf6f41	.png	current reconstructed output; see documentation for confidence and remaining caveats
reconstructed_current/scenes/A00/overlays/A00_overlay_07_16x5_x80_y16.png	896	094ac3398659db3b777c5f16e861eb310015ace5b3e50bb63428a64e103b6cf7	.png	current reconstructed output; see documentation for confidence and remaining caveats
reconstructed_current/scenes/A00/overlays/A00_overlay_07_16x5_x80_y16_2x.png	924	b2b138a7db757efd57e9761dc6dea472c7bf0a531ad58096354361a39076d5a9	.png	current reconstructed output; see documentation for confidence and remaining caveats
reconstructed_current/scenes/A00/overlays/A00_overlay_08_16x5_x80_y16.png	894	9b50052f27fcb173e6feda791070376f2d9ef78f1b121e4666ae4700f0a66648	.png	current reconstructed output; see documentation for confidence and remaining caveats
reconstructed_current/scenes/A00/overlays/A00_overlay_08_16x5_x80_y16_2x.png	921	1569ad7f4934b5f40ddfc04561fda7a8f9a4d650dd879f880289687630255370	.png	current reconstructed output; see documentation for confidence and remaining caveats
reconstructed_current/scenes/A00/overlays/A00_overlay_09_16x10_x80_y24.png	925	b520a9998761b8f5b124af807259eed66eb7f9fc176c4d3dd98dbae25b1b1dcc	.png	current reconstructed output; see documentation for confidence and remaining caveats
reconstructed_current/scenes/A00/overlays/A00_overlay_09_16x10_x80_y24_2x.png	969	2245a8a59dcdfdfee2c80e085f02be24e7e7566141e2c5582c68fd7dfa954376	.png	current reconstructed output; see documentation for confidence and remaining caveats
reconstructed_current/scenes/A00/overlays/A00_overlay_10_32x10_x32_y19.png	916	c1219fa87837d535e195c679c83bef639f5996ab6861ceaacb91889897ab9986	.png	current reconstructed output; see documentation for confidence and remaining caveats
reconstructed_current/scenes/A00/overlays/A00_overlay_10_32x10_x32_y19_2x.png	944	1ff26cefb3aba5747f5b40f6d0ba483eb501319158ede2674a213f024eecccb0	.png	current reconstructed output; see documentation for confidence and remaining caveats
reconstructed_current/scenes/A00/overlays/A00_overlay_11_16x4_x80_y47.png	880	c8c768768b069b48810ee1c097fd57465d132af5e143a3a3c0679789452fea94	.png	current reconstructed output; see documentation for confidence and remaining caveats
reconstructed_current/scenes/A00/overlays/A00_overlay_11_16x4_x80_y47_2x.png	891	19156682aef6ffd7393dd5f9851dcdfa5c01e0d98d5860dc6861adac206fbcac	.png	current reconstructed output; see documentation for confidence and remaining caveats
reconstructed_current/scenes/A00/overlays/A00_overlay_12_16x9_x80_y45.png	912	39c020093a67abab244a4a332a4cd1e8976e8f77b310e834f15ea273b3d7e2d5	.png	current reconstructed output; see documentation for confidence and remaining caveats
reconstructed_current/scenes/A00/overlays/A00_overlay_12_16x9_x80_y45_2x.png	939	099fea39c2a695e19bfd4ffd5c4dca4d599a39f75cc4f512a640e4661b5f78f1	.png	current reconstructed output; see documentation for confidence and remaining caveats
reconstructed_current/scenes/A00/overlays/A00_overlay_13_16x9_x80_y45.png	910	d757c3902e3d93f5bd13eef58dd441fedf12d29592ff18a7d6832329dcf41885	.png	current reconstructed output; see documentation for confidence and remaining caveats
reconstructed_current/scenes/A00/overlays/A00_overlay_13_16x9_x80_y45_2x.png	942	2fb9f2cccb2718198ca900b16c60a84dd581981be8ae720e5449326403a44178	.png	current reconstructed output; see documentation for confidence and remaining caveats
reconstructed_current/scenes/A00/overlays/A00_overlay_14_16x4_x112_y31.png	883	cdcb9239c03ebbeee56bcda0708c3bdaf971b440e84a487d45270bcbc000d4b0	.png	current reconstructed output; see documentation for confidence and remaining caveats
reconstructed_current/scenes/A00/overlays/A00_overlay_14_16x4_x112_y31_2x.png	902	78330f559d78b3e2b9dae93d399b1b1af232480dbd51978ecccab579bf65372a	.png	current reconstructed output; see documentation for confidence and remaining caveats
reconstructed_current/scenes/A00/overlays/A00_overlay_15_16x5_x112_y31.png	890	5ae17c8145f3127f9ae991508bed5ba9280a6fdfcefec2d07780aff4c86d31c2	.png	current reconstructed output; see documentation for confidence and remaining caveats
reconstructed_current/scenes/A00/overlays/A00_overlay_15_16x5_x112_y31_2x.png	915	45d9495177869a0910b26c9b341c761ee16ea44c1a64be7797c337e2a2d00812	.png	current reconstructed output; see documentation for confidence and remaining caveats
reconstructed_current/scenes/A00/overlays/A00_overlay_16_16x9_x112_y29.png	916	ffc43fff10cbf474a273262bd239f994732ceafb3d5922801a6a8bbd95914826	.png	current reconstructed output; see documentation for confidence and remaining caveats
reconstructed_current/scenes/A00/overlays/A00_overlay_16_16x9_x112_y29_2x.png	954	237990e88738455982f8e9dc3b3cfa19f72cf0705946f609a261e8abb234dbb3	.png	current reconstructed output; see documentation for confidence and remaining caveats
reconstructed_current/scenes/A00/overlays/A00_overlay_17_16x4_x64_y60.png	884	8215344cfa3bafd41d0d4f92d377b760e5b81dbba7f25738ef810cd4888af326	.png	current reconstructed output; see documentation for confidence and remaining caveats
reconstructed_current/scenes/A00/overlays/A00_overlay_17_16x4_x64_y60_2x.png	902	857db1a9789341297bd73243e19b4d2a9225baa7d4f4796ddcd93af84949a3d2	.png	current reconstructed output; see documentation for confidence and remaining caveats
reconstructed_current/scenes/A00/overlays/A00_overlay_18_16x9_x64_y58.png	914	4664ab0f3330d8768bd5d6c36bf30fa4ae84d6ee89ec45f03f73962da8cc8d5f	.png	current reconstructed output; see documentation for confidence and remaining caveats
reconstructed_current/scenes/A00/overlays/A00_overlay_18_16x9_x64_y58_2x.png	949	af2e44d91562e2b1e4206ffe2375869baba63077f8d409f8c461aa8309602d79	.png	current reconstructed output; see documentation for confidence and remaining caveats
reconstructed_current/scenes/A00/overlays/A00_overlay_19_16x2_x64_y29.png	865	bbbba1a526a4246072bc52e5e7d59a28c52afbec2efb7594cbb568e57ce5c338	.png	current reconstructed output; see documentation for confidence and remaining caveats
reconstructed_current/scenes/A00/overlays/A00_overlay_19_16x2_x64_y29_2x.png	881	65798bcbe524361c7414956ddc70388fe8276ed924ac7520b6ffafada39d1558	.png	current reconstructed output; see documentation for confidence and remaining caveats
reconstructed_current/scenes/A00/overlays/A00_overlay_20_16x9_x64_y26.png	907	4cdc1e482d0443e61cfcbda155c4b8e73599fc028b838478f800d4389a3ceebd	.png	current reconstructed output; see documentation for confidence and remaining caveats
reconstructed_current/scenes/A00/overlays/A00_overlay_20_16x9_x64_y26_2x.png	944	309546f650c9802c919b80b6064cde43735108d9c1e3529d9837b5f7fbd5deb4	.png	current reconstructed output; see documentation for confidence and remaining caveats
reconstructed_current/scenes/A00/overlays/A00_overlay_21_16x8_x64_y26.png	905	1aac5f9955b4dc419555df3cb0b504cf8e0f879b0fddc5271b6563d81a40ca50	.png	current reconstructed output; see documentation for confidence and remaining caveats
reconstructed_current/scenes/A00/overlays/A00_overlay_21_16x8_x64_y26_2x.png	939	c16c40cfcf90b7d928ad7404ecf7517b4b5ceae030cd9293781c762d87096c8f	.png	current reconstructed output; see documentation for confidence and remaining caveats
reconstructed_current/scenes/A00/overlays/A00_overlay_22_16x3_x80_y6.png	871	317e28f2252bd4e9927aca6a7c208f9f23dd47c85926aa13ad986d779b18766d	.png	current reconstructed output; see documentation for confidence and remaining caveats
reconstructed_current/scenes/A00/overlays/A00_overlay_22_16x3_x80_y6_2x.png	887	fff565ba252971cf0981d1e927dc154a609ca2d5384bcd1423f5742b7cc81993	.png	current reconstructed output; see documentation for confidence and remaining caveats
reconstructed_current/scenes/A00/overlays/A00_overlay_23_32x6_x64_y3.png	897	0a98f040f3a90eae5e48ff3c0a68e287cef9b56c4520a6c14e6957f6490e4dd1	.png	current reconstructed output; see documentation for confidence and remaining caveats
reconstructed_current/scenes/A00/overlays/A00_overlay_23_32x6_x64_y3_2x.png	924	64802ac924dfbf3694a10cc1bd1d038507a076947dbb2f13b0daa613f2cd5d6f	.png	current reconstructed output; see documentation for confidence and remaining caveats
reconstructed_current/scenes/A00/overlays/A00_overlay_24_32x9_x64_y3.png	910	dab6e7f39341f5cf2826c24bd155dba3af1f2575ac9e2e23c2e915908a5f3b4a	.png	current reconstructed output; see documentation for confidence and remaining caveats
reconstructed_current/scenes/A00/overlays/A00_overlay_24_32x9_x64_y3_2x.png	943	c1018580f043e200d032c9f7c226a85e8f950ea5690f1816663227375603176b	.png	current reconstructed output; see documentation for confidence and remaining caveats
reconstructed_current/scenes/A00/overlays.tsv	984	42afb63ec9c8f3c3fae29a44aee9d7d94ad44977505bd1008a2ecf8619c31221	.tsv	current reconstructed output; see documentation for confidence and remaining caveats
reconstructed_current/scenes/A01/A01_base.png	4185	a2b56fc50fa8ae8ea251d9255fa19bdc74cd99026f7a1c1c5d60f909c10926a1	.png	current reconstructed output; see documentation for confidence and remaining caveats
reconstructed_current/scenes/A01/A01_base_2x.png	5220	05aaf5e28dbedafc0b279b102e224f6fd3422be4a978bace69e38a554c248a82	.png	current reconstructed output; see documentation for confidence and remaining caveats
reconstructed_current/scenes/A01/animation_sequences.tsv	1022	98dee865bde06c75c51fc9727d64351c25ce6822bbdf903d8d0dbe3522e67736	.tsv	current reconstructed output; see documentation for confidence and remaining caveats
reconstructed_current/scenes/A01/composites/A01_overlay_01_composite.png	4191	db0a53f966d9d7109a1a7b2332ade879ea2ab20575a968421f7814954b8ef0e1	.png	current reconstructed output; see documentation for confidence and remaining caveats
reconstructed_current/scenes/A01/composites/A01_overlay_01_composite_2x.png	5226	91cb2a6edde0670b1442e23a246b2c5e7d09bf9b0b0d0c79d51f86c8d4679d55	.png	current reconstructed output; see documentation for confidence and remaining caveats
reconstructed_current/scenes/A01/composites/A01_overlay_02_composite.png	4192	e7969679c3a0311122147674e14f7d01cd4f1e3a21653d45b7c1c41b8b8667b7	.png	current reconstructed output; see documentation for confidence and remaining caveats
reconstructed_current/scenes/A01/composites/A01_overlay_02_composite_2x.png	5241	5529b49bea2b4b4bf133c82ad38752545291ad93eb53471cb5e4d1583857cd5b	.png	current reconstructed output; see documentation for confidence and remaining caveats
reconstructed_current/scenes/A01/composites/A01_overlay_03_composite.png	4195	0f54947b4e3e6e28ea6426baf4633154dbbbec395e8d1a73726a9d2c272c2712	.png	current reconstructed output; see documentation for confidence and remaining caveats
reconstructed_current/scenes/A01/composites/A01_overlay_03_composite_2x.png	5239	d12b1ca17c4d6cb92c6ec5fffa5cf703ce4dd0f7486fe9d75567254e3b38a063	.png	current reconstructed output; see documentation for confidence and remaining caveats
reconstructed_current/scenes/A01/composites/A01_overlay_04_composite.png	4198	e06e51281dd2a31c9636ce7ace2cc2b5727bf8e46c015f336ba9ad52dbf56cbb	.png	current reconstructed output; see documentation for confidence and remaining caveats
reconstructed_current/scenes/A01/composites/A01_overlay_04_composite_2x.png	5246	0c398ed1b57786a5055fe8aa2d1832a9a6f31700500cc1ddd63632921757a6fb	.png	current reconstructed output; see documentation for confidence and remaining caveats
reconstructed_current/scenes/A01/composites/A01_overlay_05_composite.png	4204	f6fd36df5bd923f917a2f4589af84519ae1b6bb92530fed7663f743627759ebe	.png	current reconstructed output; see documentation for confidence and remaining caveats
reconstructed_current/scenes/A01/composites/A01_overlay_05_composite_2x.png	5256	6b0e713d0bc70b12a4ecf64df914180baaaa517895d7ce0bbfad536649c2d1d3	.png	current reconstructed output; see documentation for confidence and remaining caveats
reconstructed_current/scenes/A01/composites/A01_overlay_06_composite.png	4198	ae2f5939041f849a05471ca8c94bb854d2339e67fe6dcbbb05432d2a04428009	.png	current reconstructed output; see documentation for confidence and remaining caveats
reconstructed_current/scenes/A01/composites/A01_overlay_06_composite_2x.png	5263	b4257939de402b8d3ee3e8cbd6cac6bde67bb05f97a32d3046f0f7a9e4cdb76e	.png	current reconstructed output; see documentation for confidence and remaining caveats
reconstructed_current/scenes/A01/composites/A01_overlay_07_composite.png	4209	fd3337a882cfe2e0efc84f408cfbc3ce03421f30db6dbe2cf017d80276a0e5ef	.png	current reconstructed output; see documentation for confidence and remaining caveats
reconstructed_current/scenes/A01/composites/A01_overlay_07_composite_2x.png	5266	b5271ea4c7e9c255f9365891f45bd140d025834c1176ecf31e025257e407302d	.png	current reconstructed output; see documentation for confidence and remaining caveats
reconstructed_current/scenes/A01/composites/A01_overlay_08_composite.png	4214	1dc565bc0162a8cc5a9ccc24fe2ea98c55abaf8fe1ef6f14a3b0f119b8bc1d04	.png	current reconstructed output; see documentation for confidence and remaining caveats
reconstructed_current/scenes/A01/composites/A01_overlay_08_composite_2x.png	5274	d8560f7b141b59cbc5c3ace9d4c25fb6d7f9567a6557bcbc6736ee31722d945b	.png	current reconstructed output; see documentation for confidence and remaining caveats
reconstructed_current/scenes/A01/composites/A01_overlay_09_composite.png	4213	989a6d717475429b00f0f3c5e107633de61e819ff2911a96679d2831e3ad47e8	.png	current reconstructed output; see documentation for confidence and remaining caveats
reconstructed_current/scenes/A01/composites/A01_overlay_09_composite_2x.png	5272	531ce9e9eede1e0df5b99f08275ae0076c06a212579235192dcc6e5efe46f5d1	.png	current reconstructed output; see documentation for confidence and remaining caveats
reconstructed_current/scenes/A01/composites/A01_overlay_10_composite.png	4205	eaa1ccf8a7949c372da903ca589da2e1a391d0a4c93f25a42f2beb8167b1a3ea	.png	current reconstructed output; see documentation for confidence and remaining caveats
reconstructed_current/scenes/A01/composites/A01_overlay_10_composite_2x.png	5259	b923d50da4d49df9d0a42ea5fbda379fa55e1031eb5cbc5d86ffbd7d90003e84	.png	current reconstructed output; see documentation for confidence and remaining caveats
reconstructed_current/scenes/A01/composites/A01_overlay_11_composite.png	4210	36b0e541145d06e986476109dde48a79bba5a2705ae0ccbf4135acc1a30b7da9	.png	current reconstructed output; see documentation for confidence and remaining caveats
reconstructed_current/scenes/A01/composites/A01_overlay_11_composite_2x.png	5261	3886aa4964d4e422ff670fae01b8f3711cb62363e5eb8c1a6f15608341a4cdec	.png	current reconstructed output; see documentation for confidence and remaining caveats
reconstructed_current/scenes/A01/composites/A01_overlay_12_composite.png	4213	718c424e5adfaf33c469ae6547e0a5a0538dad13141c2dced85058bac8d942d4	.png	current reconstructed output; see documentation for confidence and remaining caveats
reconstructed_current/scenes/A01/composites/A01_overlay_12_composite_2x.png	5268	e625f673e5e267cc1f76a6f43ba8d43305373fd9a91560f1c7089bb76461b0a1	.png	current reconstructed output; see documentation for confidence and remaining caveats
reconstructed_current/scenes/A01/composites/A01_overlay_13_composite.png	4205	5bf485b3216c7f01b4aa6e20de19b7bc0185c6edea43ea943574443a6fc36094	.png	current reconstructed output; see documentation for confidence and remaining caveats
reconstructed_current/scenes/A01/composites/A01_overlay_13_composite_2x.png	5257	5b8f68f74fccd5835bf46b87d242227e874f8e1536a4093eba2795eb8cfad519	.png	current reconstructed output; see documentation for confidence and remaining caveats
reconstructed_current/scenes/A01/composites/A01_overlay_14_composite.png	4200	107965fe90047fae89eb4e3945ac85d716176ccffd58cd1ebcfdfc9cba1c447a	.png	current reconstructed output; see documentation for confidence and remaining caveats
reconstructed_current/scenes/A01/composites/A01_overlay_14_composite_2x.png	5251	49249f4a7f6c2226689a3371ec2030ec3da652b02da7681c2aed9fff22792171	.png	current reconstructed output; see documentation for confidence and remaining caveats
reconstructed_current/scenes/A01/composites/A01_overlay_15_composite.png	4198	91b58534468a073238de2378771ffd6969242e235a40dd2d58f9e1fa6a7c681b	.png	current reconstructed output; see documentation for confidence and remaining caveats
reconstructed_current/scenes/A01/composites/A01_overlay_15_composite_2x.png	5248	e2f2156b0e86f2e78d1badf883d479bf268d41a4cd3a0e7a014ccb7f050b1250	.png	current reconstructed output; see documentation for confidence and remaining caveats
reconstructed_current/scenes/A01/composites/A01_overlay_16_composite.png	4202	d2e3991bab0eb084c37e1c52e37d0bb0473c1d9a5839182d996be9a5bfee875b	.png	current reconstructed output; see documentation for confidence and remaining caveats
reconstructed_current/scenes/A01/composites/A01_overlay_16_composite_2x.png	5250	6a16fc0795867a3ea32750aa050a63416e76b9f3de861d38a9a4eb65c66bbc71	.png	current reconstructed output; see documentation for confidence and remaining caveats
reconstructed_current/scenes/A01/composites/A01_overlay_17_composite.png	4200	b305b890ae7128bc84055b63f90ffe722008fd9bc92c0cd8a43107a49137b6e9	.png	current reconstructed output; see documentation for confidence and remaining caveats
reconstructed_current/scenes/A01/composites/A01_overlay_17_composite_2x.png	5247	6c3cc88f4b48e5bc2278ad92eaf2a41292680561d8c5da8166ce8e786b9b4ae9	.png	current reconstructed output; see documentation for confidence and remaining caveats
reconstructed_current/scenes/A01/composites/A01_overlay_18_composite.png	4196	1056a4a8c4736f2848ad36f347ecabe60755f2a1598a9836ecb2c722b7db75e1	.png	current reconstructed output; see documentation for confidence and remaining caveats
reconstructed_current/scenes/A01/composites/A01_overlay_18_composite_2x.png	5233	e4d96a00d344c9222b23ea9fbea35c0111f725e97a180c218f1f7ce12921c4df	.png	current reconstructed output; see documentation for confidence and remaining caveats
reconstructed_current/scenes/A01/composites/A01_overlay_19_composite.png	4189	219ee3129ab5025c945cfa53aa3203ad1863dedd13019e722bc2bd4622cbc1af	.png	current reconstructed output; see documentation for confidence and remaining caveats
reconstructed_current/scenes/A01/composites/A01_overlay_19_composite_2x.png	5242	4c43e86067d4d1329d40b4cd9f2251f1d07e87cd8ae791f0d6f8d4d5a309a605	.png	current reconstructed output; see documentation for confidence and remaining caveats
reconstructed_current/scenes/A01/composites/A01_overlay_20_composite.png	4192	2e2a82891c6ddaa3db2f2c5ff71c71b9e1fe29433bf9a1eef242da7aee97b1cb	.png	current reconstructed output; see documentation for confidence and remaining caveats
reconstructed_current/scenes/A01/composites/A01_overlay_20_composite_2x.png	5224	92a9e1d44c4c80c2923843b898accd2b9cffa2e46e08b99e5d81c8305665bb59	.png	current reconstructed output; see documentation for confidence and remaining caveats
reconstructed_current/scenes/A01/composites/A01_overlay_21_composite.png	4190	3d3d02e9604395d46a87c0ce4e541fe7ab70c7fde64af96074c90a6edc348417	.png	current reconstructed output; see documentation for confidence and remaining caveats
reconstructed_current/scenes/A01/composites/A01_overlay_21_composite_2x.png	5235	84ad71bbcbe7eb3148caa12645acaeb488349c05d086cb4c6da7a28b34317ab9	.png	current reconstructed output; see documentation for confidence and remaining caveats
reconstructed_current/scenes/A01/composites/A01_overlay_22_composite.png	4185	ac027a6d0ffb9eadbaaf98f79028c42a2d3c6a9c7293d297aea9fb1294261e42	.png	current reconstructed output; see documentation for confidence and remaining caveats
reconstructed_current/scenes/A01/composites/A01_overlay_22_composite_2x.png	5215	520748d1d1abf2469f529205028159cc3b4cb3c83140392f5dff71e2fe0d455b	.png	current reconstructed output; see documentation for confidence and remaining caveats
reconstructed_current/scenes/A01/composites/A01_overlay_23_composite.png	4192	9caf129877ded1cdb54327ecbc2536d17409f47853d451ed3898af0045d7141e	.png	current reconstructed output; see documentation for confidence and remaining caveats
reconstructed_current/scenes/A01/composites/A01_overlay_23_composite_2x.png	5224	c08aa2f7a8cbb0743b020ad822786655731a1f3303e4b3d562a9daf716c05d8a	.png	current reconstructed output; see documentation for confidence and remaining caveats
reconstructed_current/scenes/A01/composites/A01_overlay_24_composite.png	4211	d3a16aa3840d5b5be6e6a208e2b7749cfe6a8ef15f9829e49193f7176add2feb	.png	current reconstructed output; see documentation for confidence and remaining caveats
reconstructed_current/scenes/A01/composites/A01_overlay_24_composite_2x.png	5262	12e1082f78a6bf1c52d6b37ebd1b2df882487058c29a7ce2ebe33c7b98aca505	.png	current reconstructed output; see documentation for confidence and remaining caveats
reconstructed_current/scenes/A01/composites/A01_overlay_25_composite.png	4172	b85a8e49dcf3914af95341a3d12abc4bdeef6d5bcafdc7cd3ca7f245364c27cc	.png	current reconstructed output; see documentation for confidence and remaining caveats
reconstructed_current/scenes/A01/composites/A01_overlay_25_composite_2x.png	5206	0f805761cb3533071c4e8720c0ddb05b51714eca5feea03dce43b0a11172f40f	.png	current reconstructed output; see documentation for confidence and remaining caveats
reconstructed_current/scenes/A01/composites/A01_overlay_26_composite.png	4166	40067683b8737f96d28ce1faa3d32fa6700db53f9ae8b936d045466dc0786f89	.png	current reconstructed output; see documentation for confidence and remaining caveats
reconstructed_current/scenes/A01/composites/A01_overlay_26_composite_2x.png	5204	fc48f27cdabff876b9ba9bb06d3ce2348ba82d949da873aeba04364cb6ae051b	.png	current reconstructed output; see documentation for confidence and remaining caveats
reconstructed_current/scenes/A01/composites/A01_overlay_27_composite.png	4185	a71da334894503094c0b0a5a5a6d5dbe99e5bf55329d1c6ce1f8f4533b728bcb	.png	current reconstructed output; see documentation for confidence and remaining caveats
reconstructed_current/scenes/A01/composites/A01_overlay_27_composite_2x.png	5221	09f230d831b9f11c8fe29ce700cd8368cfe0ec9b53ba6a61752ab28606077418	.png	current reconstructed output; see documentation for confidence and remaining caveats
reconstructed_current/scenes/A01/composites/A01_overlay_28_composite.png	4176	deeb9e98aa1e830f9ff232989f215397451f61cb435064b8ad1090a4877e1aca	.png	current reconstructed output; see documentation for confidence and remaining caveats
reconstructed_current/scenes/A01/composites/A01_overlay_28_composite_2x.png	5213	92c58c29d6e862f7c731f53cbf9bfbdfdd8a752db7131b5be2a11fdd4c00cc69	.png	current reconstructed output; see documentation for confidence and remaining caveats
reconstructed_current/scenes/A01/composites/A01_overlay_29_composite.png	4186	e72844769a6bd5a0636407243cce8c4639132833fd3928c492632a2bdc0d6dbc	.png	current reconstructed output; see documentation for confidence and remaining caveats
reconstructed_current/scenes/A01/composites/A01_overlay_29_composite_2x.png	5220	7c5428ba28887200315dbb0fc825d79ab1306644d390aabc882e26cff4ea0e1c	.png	current reconstructed output; see documentation for confidence and remaining caveats
reconstructed_current/scenes/A01/overlays/A01_overlay_01_16x14_x96_y43.png	945	63e5fb1cc525d6fe9edd099bcf6375571f6912b9de2b6a8477f9b6ec3ca606ce	.png	current reconstructed output; see documentation for confidence and remaining caveats
reconstructed_current/scenes/A01/overlays/A01_overlay_01_16x14_x96_y43_2x.png	1001	19b60b233985da5f8eff552f26738bf31ce249838467b5539e24acfea90edd99	.png	current reconstructed output; see documentation for confidence and remaining caveats
reconstructed_current/scenes/A01/overlays/A01_overlay_02_32x14_x96_y43.png	1014	5d755a94c6e3348e0605499cb5557b97d66ef55566d5c9f59a632accfb8565e5	.png	current reconstructed output; see documentation for confidence and remaining caveats
reconstructed_current/scenes/A01/overlays/A01_overlay_02_32x14_x96_y43_2x.png	1081	e96745fe1c05de4f7e0fc86f83b70c86fee5bcbad6babe06eacb99f038c600e7	.png	current reconstructed output; see documentation for confidence and remaining caveats
reconstructed_current/scenes/A01/overlays/A01_overlay_03_32x14_x96_y43.png	1013	78c6d21c783fc5bdc5d0434eafb171e92350c60b9ce91c964d1e5a1b9e2c5a53	.png	current reconstructed output; see documentation for confidence and remaining caveats
reconstructed_current/scenes/A01/overlays/A01_overlay_03_32x14_x96_y43_2x.png	1083	681a4e6b3838761ead3073285d0af7d859ee32620ee874499bf7f90651f11fbc	.png	current reconstructed output; see documentation for confidence and remaining caveats
reconstructed_current/scenes/A01/overlays/A01_overlay_04_32x14_x96_y43.png	1017	c705e9827f2ce8d936e802ffa657d702976d59641fe96208930fbdd416c7bd24	.png	current reconstructed output; see documentation for confidence and remaining caveats
reconstructed_current/scenes/A01/overlays/A01_overlay_04_32x14_x96_y43_2x.png	1081	6f96a94e894d681970e6355bb17ecd1a4f977b9aa3d980a3e33c498dcbdfa8b1	.png	current reconstructed output; see documentation for confidence and remaining caveats
reconstructed_current/scenes/A01/overlays/A01_overlay_05_32x14_x96_y43.png	1020	581e14b2000883c80b7e79c3dd48d87c631488ae5cb5310d569ffd2e47a9d030	.png	current reconstructed output; see documentation for confidence and remaining caveats
reconstructed_current/scenes/A01/overlays/A01_overlay_05_32x14_x96_y43_2x.png	1096	09197f535dad2bde50b209220580d9870c918d3b70eea15108c11056362141ad	.png	current reconstructed output; see documentation for confidence and remaining caveats
reconstructed_current/scenes/A01/overlays/A01_overlay_06_16x14_x112_y43.png	942	4cbf5f7dd681b5129b2bd028b7b1311a718425a7148b0c21f08aa6502c00ed86	.png	current reconstructed output; see documentation for confidence and remaining caveats
reconstructed_current/scenes/A01/overlays/A01_overlay_06_16x14_x112_y43_2x.png	981	6958dcf9aa1777f681a61d9b66e1d3a8fee5a963cdcf8bf199abf7af9ccadcde	.png	current reconstructed output; see documentation for confidence and remaining caveats
reconstructed_current/scenes/A01/overlays/A01_overlay_07_32x14_x112_y43.png	1003	8bdba49ee1021609a393a4ed4f83445b75abe4dd88b096cd48b1a5018e62956e	.png	current reconstructed output; see documentation for confidence and remaining caveats
reconstructed_current/scenes/A01/overlays/A01_overlay_07_32x14_x112_y43_2x.png	1066	0b76c6c01e747f7cf315de44f4761ea41c35e542e9cacf0865c4c454380aa285	.png	current reconstructed output; see documentation for confidence and remaining caveats
reconstructed_current/scenes/A01/overlays/A01_overlay_08_32x14_x112_y43.png	1003	dd9a8d120edbf4319d461e6c23f7542f104d363501c41befce8751a66fc648ce	.png	current reconstructed output; see documentation for confidence and remaining caveats
reconstructed_current/scenes/A01/overlays/A01_overlay_08_32x14_x112_y43_2x.png	1064	c5f07825ca45747c2375cb457dc0641fb6a4d0090c59d36f0d41133f1f85bf81	.png	current reconstructed output; see documentation for confidence and remaining caveats
reconstructed_current/scenes/A01/overlays/A01_overlay_09_32x14_x112_y43.png	1005	865cda43e5c96870c36ab55eb8ad2f8d0cee7581a7a8bcff979a9bc6a174449d	.png	current reconstructed output; see documentation for confidence and remaining caveats
reconstructed_current/scenes/A01/overlays/A01_overlay_09_32x14_x112_y43_2x.png	1064	14aae501c446eba799eff27bc09782d2bbe892f214da44ba4c52fac1d7ddb03d	.png	current reconstructed output; see documentation for confidence and remaining caveats
reconstructed_current/scenes/A01/overlays/A01_overlay_10_32x14_x112_y43.png	997	e9dcf7fdbfb7b447edd7d1b716e643b0c9ffeb071865d783b95ada45dfd4f351	.png	current reconstructed output; see documentation for confidence and remaining caveats
reconstructed_current/scenes/A01/overlays/A01_overlay_10_32x14_x112_y43_2x.png	1060	49d415886e71ddf76d4bb784533bb1a42325f35ea3c26d82e06e0d584012e588	.png	current reconstructed output; see documentation for confidence and remaining caveats
reconstructed_current/scenes/A01/overlays/A01_overlay_11_32x14_x112_y43.png	1004	6d6ae49871fcbea75d75b31bae17db9980061b0f94838ea698f61e5076fea47b	.png	current reconstructed output; see documentation for confidence and remaining caveats
reconstructed_current/scenes/A01/overlays/A01_overlay_11_32x14_x112_y43_2x.png	1055	9261f54190bfe57812ac08928681e52efeb0fb0eb830a01aff22718774d5ef5b	.png	current reconstructed output; see documentation for confidence and remaining caveats
reconstructed_current/scenes/A01/overlays/A01_overlay_12_32x14_x128_y43.png	1016	0e02021220bef695c780ab275f6bb2579de18139e7e4ed01c13bdcf1788f9717	.png	current reconstructed output; see documentation for confidence and remaining caveats
reconstructed_current/scenes/A01/overlays/A01_overlay_12_32x14_x128_y43_2x.png	1087	3be4caf41311a9895e9368634cdbb5070f9b9b70f14e3c536ddcd6eb28726733	.png	current reconstructed output; see documentation for confidence and remaining caveats
reconstructed_current/scenes/A01/overlays/A01_overlay_13_32x14_x128_y43.png	1012	5128d585c333dacab3cc704f0aa6a3a53213c1ec6a9ded5919625ff5f1addcf1	.png	current reconstructed output; see documentation for confidence and remaining caveats
reconstructed_current/scenes/A01/overlays/A01_overlay_13_32x14_x128_y43_2x.png	1077	c8112dfb86e26ec53d9c7aa8db75a6f1963962230ec9ae23d331a9415f177421	.png	current reconstructed output; see documentation for confidence and remaining caveats
reconstructed_current/scenes/A01/overlays/A01_overlay_14_32x14_x128_y43.png	1006	a40d927a91f537cfb9c2f692bd081b577cfc68febc1b2297a61368ab8a6bcf22	.png	current reconstructed output; see documentation for confidence and remaining caveats
reconstructed_current/scenes/A01/overlays/A01_overlay_14_32x14_x128_y43_2x.png	1066	33b6b12da22365fdc4619c18985a5fc2027ed8aca618d742d2956f3f6341608d	.png	current reconstructed output; see documentation for confidence and remaining caveats
reconstructed_current/scenes/A01/overlays/A01_overlay_15_32x14_x128_y43.png	1007	9549ff0b290569dca78593128753e7f0bbd033d70efa336335103b86eda1c7d3	.png	current reconstructed output; see documentation for confidence and remaining caveats
reconstructed_current/scenes/A01/overlays/A01_overlay_15_32x14_x128_y43_2x.png	1067	7a8c1706914caaae4d0363f9a285a177885b40557bb76785272d4503021e8bd6	.png	current reconstructed output; see documentation for confidence and remaining caveats
reconstructed_current/scenes/A01/overlays/A01_overlay_16_32x14_x128_y43.png	1006	d7c0a63e5108a48826a4e7c4ccd7c6a748002f1fe437cf2b2f35d0f4c2c8e9cb	.png	current reconstructed output; see documentation for confidence and remaining caveats
reconstructed_current/scenes/A01/overlays/A01_overlay_16_32x14_x128_y43_2x.png	1066	d3e2e45d8eb7dc43f102f69b18b0b5d3de173d55c6b9b248317a9f3cb9a40ff1	.png	current reconstructed output; see documentation for confidence and remaining caveats
reconstructed_current/scenes/A01/overlays/A01_overlay_17_16x14_x144_y43.png	943	e6c63c7270227f400afc44c6d6b7a3adade892c8e7e2ed55cfdc525e1e218eff	.png	current reconstructed output; see documentation for confidence and remaining caveats
reconstructed_current/scenes/A01/overlays/A01_overlay_17_16x14_x144_y43_2x.png	1001	a41301daf600aa0b86ef739cde488ceeced3ab08570be53edb20d27a86ed0554	.png	current reconstructed output; see documentation for confidence and remaining caveats
reconstructed_current/scenes/A01/overlays/A01_overlay_18_16x14_x144_y43.png	939	db48c7fbdbc484567b1c54a126a07ef762677c744ece823e18ae0a97e269d798	.png	current reconstructed output; see documentation for confidence and remaining caveats
reconstructed_current/scenes/A01/overlays/A01_overlay_18_16x14_x144_y43_2x.png	984	2d68706a880056671ea9281ab80d5e7f75be3b937b68a7b2b272f725b10336f9	.png	current reconstructed output; see documentation for confidence and remaining caveats
reconstructed_current/scenes/A01/overlays/A01_overlay_19_16x14_x144_y43.png	943	04fc45330b40f230e52bba9bfd2e50ea73b93f58ca8bff5dc2e3bae881969b8f	.png	current reconstructed output; see documentation for confidence and remaining caveats
reconstructed_current/scenes/A01/overlays/A01_overlay_19_16x14_x144_y43_2x.png	991	5bb03854063cf7e50debb89b83d54366d435bc991f2d16174b5882b0ce9d7a6c	.png	current reconstructed output; see documentation for confidence and remaining caveats
reconstructed_current/scenes/A01/overlays/A01_overlay_20_16x14_x144_y43.png	942	8833713221a9bdb2849e4a326709e6ea1d243282ab736477ba7731b90f9fd109	.png	current reconstructed output; see documentation for confidence and remaining caveats
reconstructed_current/scenes/A01/overlays/A01_overlay_20_16x14_x144_y43_2x.png	986	2b8b0e95334fd6aa4d9948c3a4f069b14ba5c26e8955f36c1643abb0ebdd26cb	.png	current reconstructed output; see documentation for confidence and remaining caveats
reconstructed_current/scenes/A01/overlays/A01_overlay_21_32x12_x0_y58.png	951	fbdbba37fc4bb448577728ae04b0373fae31c649399154412f0bd1dbb2cd9383	.png	current reconstructed output; see documentation for confidence and remaining caveats
reconstructed_current/scenes/A01/overlays/A01_overlay_21_32x12_x0_y58_2x.png	1001	30ca36781de2a70b2621d5983a075c5081bd8fc47477d184082976fafbd9ace3	.png	current reconstructed output; see documentation for confidence and remaining caveats
reconstructed_current/scenes/A01/overlays/A01_overlay_22_32x11_x0_y37.png	958	52fcacb1968cf465f8fc94070e0fad3b76f1a873d63075f613508c548405bc7c	.png	current reconstructed output; see documentation for confidence and remaining caveats
reconstructed_current/scenes/A01/overlays/A01_overlay_22_32x11_x0_y37_2x.png	1001	57c62761f4a7674a0dcd5be453ace21acfc536b73206a3e890b9fc4035169e36	.png	current reconstructed output; see documentation for confidence and remaining caveats
reconstructed_current/scenes/A01/overlays/A01_overlay_23_64x22_x16_y7.png	1121	3140958b51530797783de0eb93a1594f4b0bb731001049fbde2d03d777af013e	.png	current reconstructed output; see documentation for confidence and remaining caveats
reconstructed_current/scenes/A01/overlays/A01_overlay_23_64x22_x16_y7_2x.png	1247	4e0b5aad307e25760c613cf8b6d07c21d667ed51bc91da452ce2c06f57f0f477	.png	current reconstructed output; see documentation for confidence and remaining caveats
reconstructed_current/scenes/A01/overlays/A01_overlay_24_64x29_x16_y0.png	1142	9554e3d36cb073533f00ce40d38cab786fe81a4cf8573c843ad7de327ea99f11	.png	current reconstructed output; see documentation for confidence and remaining caveats
reconstructed_current/scenes/A01/overlays/A01_overlay_24_64x29_x16_y0_2x.png	1268	5623ffdf58c5422d4e34365db0eb4142ffae7d7648955e4f730edef5aeb74122	.png	current reconstructed output; see documentation for confidence and remaining caveats
reconstructed_current/scenes/A01/overlays/A01_overlay_25_32x18_x48_y8.png	991	4b9a503f9d7bf47c895058a49baeeef88156875e65a3d7f8bd99272786bdac3d	.png	current reconstructed output; see documentation for confidence and remaining caveats
reconstructed_current/scenes/A01/overlays/A01_overlay_25_32x18_x48_y8_2x.png	1062	e135c108d220fac38e15e7faeb3bbdb4dd5d1cee17292f5269501f599afc436b	.png	current reconstructed output; see documentation for confidence and remaining caveats
reconstructed_current/scenes/A01/overlays/A01_overlay_26_32x18_x48_y8.png	991	451911a14d47873377b8bb20dd31a311d446dad076cab1202a4e6f693b388060	.png	current reconstructed output; see documentation for confidence and remaining caveats
reconstructed_current/scenes/A01/overlays/A01_overlay_26_32x18_x48_y8_2x.png	1060	3a7c6ee565af6cae32fbef7265daf9d3ba6d4cdebeb57178dfcd9c92355f4dfa	.png	current reconstructed output; see documentation for confidence and remaining caveats
reconstructed_current/scenes/A01/overlays/A01_overlay_27_32x2_x0_y48.png	876	80f86f77060faeef3f24ccddcfbb4b56dbca892abdf1b60b4507a65f9f6d3d35	.png	current reconstructed output; see documentation for confidence and remaining caveats
reconstructed_current/scenes/A01/overlays/A01_overlay_27_32x2_x0_y48_2x.png	893	5d97a518072c574b0d343a2613d83d5fdd85a7adbd67eeae51566e654b61556c	.png	current reconstructed output; see documentation for confidence and remaining caveats
reconstructed_current/scenes/A01/overlays/A01_overlay_28_32x2_x0_y48.png	869	bb3b1b8b7c7874f4546e543ecd910bdc324452ef20a4d05a699253a1e4c56efa	.png	current reconstructed output; see documentation for confidence and remaining caveats
reconstructed_current/scenes/A01/overlays/A01_overlay_28_32x2_x0_y48_2x.png	875	ea09d4a31cadd0a80e1fdc90df5246d9449efa9b00e806ac4b8d489107057818	.png	current reconstructed output; see documentation for confidence and remaining caveats
reconstructed_current/scenes/A01/overlays/A01_overlay_29_32x2_x0_y48.png	872	f12ce6f44b4152c980b07af09c421c60f8c526ea64de32733a14dec0e4b0d6f9	.png	current reconstructed output; see documentation for confidence and remaining caveats
reconstructed_current/scenes/A01/overlays/A01_overlay_29_32x2_x0_y48_2x.png	888	b43d44114d7ae03cb8742f04c171533698cdbc8cdddb7b0ec5d7cb8752aef8bd	.png	current reconstructed output; see documentation for confidence and remaining caveats
reconstructed_current/scenes/A01/overlays.tsv	1220	efb31457fd87999422554460e2bccfe02216a26c8bd50e87248b6b59e735ca7e	.tsv	current reconstructed output; see documentation for confidence and remaining caveats
reconstructed_current/scenes/A02/A02_base.png	5343	764b0547b5aefacf482158e523a2091731b956a8d6cc5b93a8df560819e7aa5a	.png	current reconstructed output; see documentation for confidence and remaining caveats
reconstructed_current/scenes/A02/A02_base_2x.png	6546	821c998d2109ba24781a54643b1d54f1b84eea5da31a46fe1ac4026a91721973	.png	current reconstructed output; see documentation for confidence and remaining caveats
reconstructed_current/scenes/A02/animation_sequences.tsv	901	250875dd31084019446990c69d629926bd48ce5ddfac66c80e5e7e22fbdf4851	.tsv	current reconstructed output; see documentation for confidence and remaining caveats
reconstructed_current/scenes/A02/composites/A02_overlay_01_composite.png	5345	8e8c9c39d0daa8ca3ea19bef9a41f81bc1967df3a844c9a8d510f9f72ee4df29	.png	current reconstructed output; see documentation for confidence and remaining caveats
reconstructed_current/scenes/A02/composites/A02_overlay_01_composite_2x.png	6543	59ad83c11ffcd40a0caa0f364620570dc374d8bae46e570470e0d29d8eb7a202	.png	current reconstructed output; see documentation for confidence and remaining caveats
reconstructed_current/scenes/A02/composites/A02_overlay_02_composite.png	5341	cad17b2da9b67fb9bcd4487e5ea736cda8827417e9de9cdb500962de695cb858	.png	current reconstructed output; see documentation for confidence and remaining caveats
reconstructed_current/scenes/A02/composites/A02_overlay_02_composite_2x.png	6539	ef0e3082211e023f47860bc3a64e1599ec84c8ae34e3ef391eceb7a335128406	.png	current reconstructed output; see documentation for confidence and remaining caveats
reconstructed_current/scenes/A02/composites/A02_overlay_03_composite.png	5340	d0e84486b42e5a99c24ec1ff9f9d5766c47e4debc94b148662c9f0a343e277e0	.png	current reconstructed output; see documentation for confidence and remaining caveats
reconstructed_current/scenes/A02/composites/A02_overlay_03_composite_2x.png	6547	e6869c786634cf89dd651827b16fc44c06bf59ac8eb8c13ff65ee9e45fdf792b	.png	current reconstructed output; see documentation for confidence and remaining caveats
reconstructed_current/scenes/A02/composites/A02_overlay_04_composite.png	5344	fcd22e4d7b755e104586d9dcd7cfb29a0db1f76ff2cf0cdad26cf482bb513c1a	.png	current reconstructed output; see documentation for confidence and remaining caveats
reconstructed_current/scenes/A02/composites/A02_overlay_04_composite_2x.png	6549	5978c65903b4b37967e72e3bd3d6b0a5c17b4923f7a6f3ac4ee864871a1a34a4	.png	current reconstructed output; see documentation for confidence and remaining caveats
reconstructed_current/scenes/A02/composites/A02_overlay_05_composite.png	5346	406fdf9da5bf744c8a9a76488cf77b61c45da492d4f39cbbe30ca3bf273cdd67	.png	current reconstructed output; see documentation for confidence and remaining caveats
reconstructed_current/scenes/A02/composites/A02_overlay_05_composite_2x.png	6552	ffab9a058fd6b1b8d22f91eddd0237862f81ad6d1442859041f8c5e81eaf5079	.png	current reconstructed output; see documentation for confidence and remaining caveats
reconstructed_current/scenes/A02/composites/A02_overlay_06_composite.png	5348	ae7c6de5ab33139cb48f5730624fb81f022489959fbbb5c731696aeceb0ad871	.png	current reconstructed output; see documentation for confidence and remaining caveats
reconstructed_current/scenes/A02/composites/A02_overlay_06_composite_2x.png	6558	d94e438fc9ed544bf96bf60828185b6799d74af170b9c0e2b175069012701a1f	.png	current reconstructed output; see documentation for confidence and remaining caveats
reconstructed_current/scenes/A02/composites/A02_overlay_07_composite.png	5348	f658f1aba5907caba7700d592fe981e3b4086313e5b8fcb0e5d58cc6eb7385a8	.png	current reconstructed output; see documentation for confidence and remaining caveats
reconstructed_current/scenes/A02/composites/A02_overlay_07_composite_2x.png	6560	5d3960f5ad79f0d31b50f48ec20b8147f753fa18f3d3bd068fdd913f59633099	.png	current reconstructed output; see documentation for confidence and remaining caveats
reconstructed_current/scenes/A02/composites/A02_overlay_08_composite.png	5349	29465aac1125ef4caf04a74855f7e77a3a99f913581d15473a64c5983f30d488	.png	current reconstructed output; see documentation for confidence and remaining caveats
reconstructed_current/scenes/A02/composites/A02_overlay_08_composite_2x.png	6555	7fe147711352b28cf4e92597eb132193faf65d0d28cc97b393b2f6a54630e6fd	.png	current reconstructed output; see documentation for confidence and remaining caveats
reconstructed_current/scenes/A02/composites/A02_overlay_09_composite.png	5359	f795f7f0a6ac03daee5ed0457f048fae50ef79cef23d665276c97b88dfc25bfe	.png	current reconstructed output; see documentation for confidence and remaining caveats
reconstructed_current/scenes/A02/composites/A02_overlay_09_composite_2x.png	6567	cc786cf1398357e0830012e04452a67ef140c105dc47cb50d79f2533032fa25f	.png	current reconstructed output; see documentation for confidence and remaining caveats
reconstructed_current/scenes/A02/composites/A02_overlay_10_composite.png	5366	9a0551fe8fb09a65488db78032ef661fe292eda823e362f0cea9c386dd5a7a73	.png	current reconstructed output; see documentation for confidence and remaining caveats
reconstructed_current/scenes/A02/composites/A02_overlay_10_composite_2x.png	6585	dcf6912d5a4d657d77cd6cf9684064e57eea72ff3e813c258156a467aded0a03	.png	current reconstructed output; see documentation for confidence and remaining caveats
reconstructed_current/scenes/A02/composites/A02_overlay_11_composite.png	5391	4aaa2d335475f835e7903a495271cb069d4a055e2ccd4cd31aa8769823502767	.png	current reconstructed output; see documentation for confidence and remaining caveats
reconstructed_current/scenes/A02/composites/A02_overlay_11_composite_2x.png	6626	d8786db4321a843b8880a8312f496e00832e9c7e021325cfccdb72267c61b584	.png	current reconstructed output; see documentation for confidence and remaining caveats
reconstructed_current/scenes/A02/composites/A02_overlay_12_composite.png	5383	ef54d3b3ab97ee0be7c196187a1a8d7bf7ba0befa060094eaf0c3716bcacf49a	.png	current reconstructed output; see documentation for confidence and remaining caveats
reconstructed_current/scenes/A02/composites/A02_overlay_12_composite_2x.png	6618	d414a1248d998e018f4a5cfc666c5ad92e5dd41ab0c7d2c49b56d85868655da4	.png	current reconstructed output; see documentation for confidence and remaining caveats
reconstructed_current/scenes/A02/composites/A02_overlay_13_composite.png	5353	e89158ec1c6335121038271458168cb72250cc5d3bca76fcd1c888e764b16e14	.png	current reconstructed output; see documentation for confidence and remaining caveats
reconstructed_current/scenes/A02/composites/A02_overlay_13_composite_2x.png	6556	60c755c1b16033b9937234c472e7ecdce12528bf9edf043639ed38480f450c02	.png	current reconstructed output; see documentation for confidence and remaining caveats
reconstructed_current/scenes/A02/composites/A02_overlay_14_composite.png	5353	38de5fc2990bfbfcc8ead022925d91cf0563a1fbbad0a1d4213bc6d3bfe5571b	.png	current reconstructed output; see documentation for confidence and remaining caveats
reconstructed_current/scenes/A02/composites/A02_overlay_14_composite_2x.png	6563	acbbd9ae3888636883d4f905b948e8de4f338674ed90cf486ac0262fb6bf1f23	.png	current reconstructed output; see documentation for confidence and remaining caveats
reconstructed_current/scenes/A02/composites/A02_overlay_15_composite.png	5362	4f4dc561691bc4f17a0f6650b5799e72333a11978d3be0d50b18f916317c355c	.png	current reconstructed output; see documentation for confidence and remaining caveats
reconstructed_current/scenes/A02/composites/A02_overlay_15_composite_2x.png	6568	b7ab9dbddcddedd7ffd191d5107a86e6180952de21fae6ab013429455a3926d9	.png	current reconstructed output; see documentation for confidence and remaining caveats
reconstructed_current/scenes/A02/composites/A02_overlay_16_composite.png	5343	3d8c401b7e7c58a02daad839b374cda7e476d1cdca2d4c95417b17daee263c9d	.png	current reconstructed output; see documentation for confidence and remaining caveats
reconstructed_current/scenes/A02/composites/A02_overlay_16_composite_2x.png	6546	b3b2c6eb63da4c7658f02b937a161492f549ec75e02630031f6878d252d0c608	.png	current reconstructed output; see documentation for confidence and remaining caveats
reconstructed_current/scenes/A02/composites/A02_overlay_17_composite.png	5343	f7a286b1a0d2a519aea3b714e395dd5db333a0600fc6442aeb9e8fcc71f7ab02	.png	current reconstructed output; see documentation for confidence and remaining caveats
reconstructed_current/scenes/A02/composites/A02_overlay_17_composite_2x.png	6546	c31aaf0349ea59c9401c233aff56953aa7bd65ff89c574200fe560c5a8774c55	.png	current reconstructed output; see documentation for confidence and remaining caveats
reconstructed_current/scenes/A02/composites/A02_overlay_18_composite.png	5347	d91582b8ffff64b87ce8f6aae3a367c9e91a4dec766035cdf25b74290db58f06	.png	current reconstructed output; see documentation for confidence and remaining caveats
reconstructed_current/scenes/A02/composites/A02_overlay_18_composite_2x.png	6552	991e875a83fa76ce4ae9aace469ad646b45ff055a59fd0d4d9e9d8725c2e8ca5	.png	current reconstructed output; see documentation for confidence and remaining caveats
reconstructed_current/scenes/A02/composites/A02_overlay_19_composite.png	5337	4ffc87e37fab46af86ee6ac881d3f91f942ab316c9a2e987a6f1e47fba4d4487	.png	current reconstructed output; see documentation for confidence and remaining caveats
reconstructed_current/scenes/A02/composites/A02_overlay_19_composite_2x.png	6541	c3a0d3ddb8caa3cd0e365bdeb78a01e5997eda3d1e732855d8d84ea430390b96	.png	current reconstructed output; see documentation for confidence and remaining caveats
reconstructed_current/scenes/A02/composites/A02_overlay_20_composite.png	5341	f7b65c6c91d4f770b7b6b5d5d806e149c46446296a40ef67b0c824c237ff5eed	.png	current reconstructed output; see documentation for confidence and remaining caveats
reconstructed_current/scenes/A02/composites/A02_overlay_20_composite_2x.png	6551	d75aae803b9412fb5ef8e374d18e490f47f39f5baec06a89938f8460686bfff9	.png	current reconstructed output; see documentation for confidence and remaining caveats
reconstructed_current/scenes/A02/composites/A02_overlay_21_composite.png	5340	c43b4279059d7e302e5677d9493c793b62ac8dd0cda51fae07aeeca49a425c55	.png	current reconstructed output; see documentation for confidence and remaining caveats
reconstructed_current/scenes/A02/composites/A02_overlay_21_composite_2x.png	6547	5d0ecf0044c53080c76cb64b22331b3acdd4a05ad2fcacbc97ea1c4608e05c21	.png	current reconstructed output; see documentation for confidence and remaining caveats
reconstructed_current/scenes/A02/composites/A02_overlay_22_composite.png	5341	7082daaefe41b2ed9e7a8ef49debc511e165de11f402f470a1f001bd814c3a5a	.png	current reconstructed output; see documentation for confidence and remaining caveats
reconstructed_current/scenes/A02/composites/A02_overlay_22_composite_2x.png	6552	0acee551541bc700a333cad214047584bdb1db4c439283a772c1efaef9264bf7	.png	current reconstructed output; see documentation for confidence and remaining caveats
reconstructed_current/scenes/A02/composites/A02_overlay_23_composite.png	5333	3e9a825baf16fc37c301e501fa356b67ebd7f699a2f27c7609f87926111d288e	.png	current reconstructed output; see documentation for confidence and remaining caveats
reconstructed_current/scenes/A02/composites/A02_overlay_23_composite_2x.png	6534	ba25b1f8939914ac8f1674c2b65a3ee682aa5b420dcad20824fa766a3b851efa	.png	current reconstructed output; see documentation for confidence and remaining caveats
reconstructed_current/scenes/A02/composites/A02_overlay_24_composite.png	5328	c14aef6a8d8bc3396ab4ddc56bda9c7ebc3521ee1300119094c3001e3b7bc12c	.png	current reconstructed output; see documentation for confidence and remaining caveats
reconstructed_current/scenes/A02/composites/A02_overlay_24_composite_2x.png	6532	23e71c5ae462ab44c3e2d03c7ea5cad4bdf0b9ccd2723fb2662648c71cb3134f	.png	current reconstructed output; see documentation for confidence and remaining caveats
reconstructed_current/scenes/A02/composites/A02_overlay_25_composite.png	5324	28b6e8df01c4219362ed90c42f04ff54476b0273b7980e432bf0bb00280a13b8	.png	current reconstructed output; see documentation for confidence and remaining caveats
reconstructed_current/scenes/A02/composites/A02_overlay_25_composite_2x.png	6522	c8ced21e0deaeec23bd36cd6544e966ef5aa6c10fa5ef44e3309b89564af16fe	.png	current reconstructed output; see documentation for confidence and remaining caveats
reconstructed_current/scenes/A02/overlays/A02_overlay_01_32x6_x64_y40.png	939	43ff076e025b48fd71ed15fa092e798cee8609acd5af31d558cf219482f88106	.png	current reconstructed output; see documentation for confidence and remaining caveats
reconstructed_current/scenes/A02/overlays/A02_overlay_01_32x6_x64_y40_2x.png	977	c78beb868d094b4282830b7b29fbf482f5903ca12b174cb454908afe53bcd1c6	.png	current reconstructed output; see documentation for confidence and remaining caveats
reconstructed_current/scenes/A02/overlays/A02_overlay_02_32x6_x64_y40.png	935	0a1d8733f185d5517862d20b2647f87ac1a3db4f24388a122417340067911232	.png	current reconstructed output; see documentation for confidence and remaining caveats
reconstructed_current/scenes/A02/overlays/A02_overlay_02_32x6_x64_y40_2x.png	973	0950bc4449963c7149562d6cb3c3a17953e530923562cfe67778abe88fbe9306	.png	current reconstructed output; see documentation for confidence and remaining caveats
reconstructed_current/scenes/A02/overlays/A02_overlay_03_32x6_x64_y40.png	938	5fffe4bc87941b6501a00479e672ed6f80a1a582f31046988fdc22f0b47af3a0	.png	current reconstructed output; see documentation for confidence and remaining caveats
reconstructed_current/scenes/A02/overlays/A02_overlay_03_32x6_x64_y40_2x.png	974	780e1dfb3c280fa60977183ce37203fcdc69cfd40376e9e0d1c991c78384c2e7	.png	current reconstructed output; see documentation for confidence and remaining caveats
reconstructed_current/scenes/A02/overlays/A02_overlay_04_16x1_x96_y51.png	860	831fc15de2d3199721160b3e05a710299acb3d87169f40d986ab82045f090cc5	.png	current reconstructed output; see documentation for confidence and remaining caveats
reconstructed_current/scenes/A02/overlays/A02_overlay_04_16x1_x96_y51_2x.png	870	6510767ba8b86133baa54a96dc1d22eb36c09c23358519e2f9bf92c2330dd2d4	.png	current reconstructed output; see documentation for confidence and remaining caveats
reconstructed_current/scenes/A02/overlays/A02_overlay_05_16x2_x96_y50.png	876	dc71f2427d34552ef5e71a8fb01c274488d4bc9d54ff75d4e65b8625ff8b7c00	.png	current reconstructed output; see documentation for confidence and remaining caveats
reconstructed_current/scenes/A02/overlays/A02_overlay_05_16x2_x96_y50_2x.png	888	ae2a5f2dca6f65fed76196e2ff7f41040694b6b6169baa6d04b94f98ceb1c346	.png	current reconstructed output; see documentation for confidence and remaining caveats
reconstructed_current/scenes/A02/overlays/A02_overlay_06_16x3_x96_y49.png	882	52ffda1e8a927ac77c8ac23b8ac473ccff5425d64dc360857e28eac6019782a3	.png	current reconstructed output; see documentation for confidence and remaining caveats
reconstructed_current/scenes/A02/overlays/A02_overlay_06_16x3_x96_y49_2x.png	898	d193f90183914d8a1a03f10fbbba6b5777ba22f8e2388a30607a7587d80c5c84	.png	current reconstructed output; see documentation for confidence and remaining caveats
reconstructed_current/scenes/A02/overlays/A02_overlay_07_16x3_x96_y49.png	882	495a359457b1c66d40e154a0d69ad5c7a572905c6358338d7f42242afdfbed11	.png	current reconstructed output; see documentation for confidence and remaining caveats
reconstructed_current/scenes/A02/overlays/A02_overlay_07_16x3_x96_y49_2x.png	898	06c886cd46441d1a3007a61f28d76cb758af9e320a5d7e56a99b62a80028743e	.png	current reconstructed output; see documentation for confidence and remaining caveats
reconstructed_current/scenes/A02/overlays/A02_overlay_08_16x3_x96_y49.png	881	f84618ec7c4af36b33f60d13c73c3d6af27350e992a8398b0bdf89d301155ad3	.png	current reconstructed output; see documentation for confidence and remaining caveats
reconstructed_current/scenes/A02/overlays/A02_overlay_08_16x3_x96_y49_2x.png	898	0db291d1e185aaa3081b73e39c6625726988980d1d1b35b365424917712b38c3	.png	current reconstructed output; see documentation for confidence and remaining caveats
reconstructed_current/scenes/A02/overlays/A02_overlay_09_32x6_x32_y11.png	916	0e84eb6568449b522a3da5db38462ca49d693cec9bf974a817606f211af312b3	.png	current reconstructed output; see documentation for confidence and remaining caveats
reconstructed_current/scenes/A02/overlays/A02_overlay_09_32x6_x32_y11_2x.png	947	41119a9a07ef7832736b0ff8eb3c92b62937f215d39dbb673adadeac1c6c0401	.png	current reconstructed output; see documentation for confidence and remaining caveats
reconstructed_current/scenes/A02/overlays/A02_overlay_10_32x8_x32_y9.png	940	44a7e9579b7f798b9ba447c4e7864feac1063c5c37f156c1b8740401613be33c	.png	current reconstructed output; see documentation for confidence and remaining caveats
reconstructed_current/scenes/A02/overlays/A02_overlay_10_32x8_x32_y9_2x.png	986	f22bd2d15b723a6da63bce318803271daf16fba00fd86894dc3b6e6f4ed92dd5	.png	current reconstructed output; see documentation for confidence and remaining caveats
reconstructed_current/scenes/A02/overlays/A02_overlay_11_32x11_x32_y8.png	987	904784ec181a45b5b3219144531a73ca5e1e5e07926dc1f755b480ce82534fa5	.png	current reconstructed output; see documentation for confidence and remaining caveats
reconstructed_current/scenes/A02/overlays/A02_overlay_11_32x11_x32_y8_2x.png	1058	edbb4d89a8f61d7aa27bfec41569d6c69d8b4e8157c798db14a30c68f5789077	.png	current reconstructed output; see documentation for confidence and remaining caveats
reconstructed_current/scenes/A02/overlays/A02_overlay_12_32x11_x32_y8.png	985	bc21b4150d474392b95bebc1adb92829e61f7c9b8d09dc7b5c18ec587d634463	.png	current reconstructed output; see documentation for confidence and remaining caveats
reconstructed_current/scenes/A02/overlays/A02_overlay_12_32x11_x32_y8_2x.png	1054	26c4dea5407c0fc377df0661ec35b0db7e3497b730ababeca6a7d4637bc0e114	.png	current reconstructed output; see documentation for confidence and remaining caveats
reconstructed_current/scenes/A02/overlays/A02_overlay_13_32x3_x96_y10.png	885	a90c9dd42f64c1c472591e6f5b9341a1a96f92d468cadd698feff8ba4a67d373	.png	current reconstructed output; see documentation for confidence and remaining caveats
reconstructed_current/scenes/A02/overlays/A02_overlay_13_32x3_x96_y10_2x.png	906	104addd75c7385ff9ec1f7895fd76d3d2fb552e5c80f702d8390faa1ea0ce589	.png	current reconstructed output; see documentation for confidence and remaining caveats
reconstructed_current/scenes/A02/overlays/A02_overlay_14_32x5_x96_y9.png	906	68b6bb31a9b418466d95f065e4755f69e8a33e468f6caf400de1aa008f15a44f	.png	current reconstructed output; see documentation for confidence and remaining caveats
reconstructed_current/scenes/A02/overlays/A02_overlay_14_32x5_x96_y9_2x.png	940	b7806c0c6d56d03b655bcd1fb65b324c9c97d0fd16b109ba993d3f5f7d465988	.png	current reconstructed output; see documentation for confidence and remaining caveats
reconstructed_current/scenes/A02/overlays/A02_overlay_15_32x7_x96_y8.png	928	4c173efa1522c69cee56129635ba0f4284d32d0e66555d862b5c18a1166ddf7f	.png	current reconstructed output; see documentation for confidence and remaining caveats
reconstructed_current/scenes/A02/overlays/A02_overlay_15_32x7_x96_y8_2x.png	969	7db3a8620923962046c484840b4421bc036c2d18defcd95379ca8185433ebab9	.png	current reconstructed output; see documentation for confidence and remaining caveats
reconstructed_current/scenes/A02/overlays/A02_overlay_16_16x5_x48_y67.png	893	15824818fef9ed1fbfcb841f155af9aa41b2c6989513b7758dc7e2b750ca6282	.png	current reconstructed output; see documentation for confidence and remaining caveats
reconstructed_current/scenes/A02/overlays/A02_overlay_16_16x5_x48_y67_2x.png	919	0349a7b210e7f5805adfbe0afc982f35d39a5d93ff4e54cb7f246d80064d29d1	.png	current reconstructed output; see documentation for confidence and remaining caveats
reconstructed_current/scenes/A02/overlays/A02_overlay_17_16x7_x48_y65.png	904	45de477014e86b7967168facdbd0f897055cc4bb0ab4d97e7f9a11874516b567	.png	current reconstructed output; see documentation for confidence and remaining caveats
reconstructed_current/scenes/A02/overlays/A02_overlay_17_16x7_x48_y65_2x.png	936	03f82a9f1fe924646faec53483f81716fb5e2483e35a8186fd9098763cebc637	.png	current reconstructed output; see documentation for confidence and remaining caveats
reconstructed_current/scenes/A02/overlays/A02_overlay_18_16x6_x48_y66.png	898	95afae8578c3bf49ef6b76db593baba435a10d23dd60112963427d925596c671	.png	current reconstructed output; see documentation for confidence and remaining caveats
reconstructed_current/scenes/A02/overlays/A02_overlay_18_16x6_x48_y66_2x.png	930	ac7f65a3a2136e49d9930c7ed7a9fa83b7d2ba34b83c10cb51ba3c91ef0249f2	.png	current reconstructed output; see documentation for confidence and remaining caveats
reconstructed_current/scenes/A02/overlays/A02_overlay_19_32x10_x64_y62.png	973	6c816605070e9d6766381dead193cf39f0ae3572dc21ed641e15fb2190c315be	.png	current reconstructed output; see documentation for confidence and remaining caveats
reconstructed_current/scenes/A02/overlays/A02_overlay_19_32x10_x64_y62_2x.png	1028	75d18b817c2a667eaa3472c5679c75416cebecb0a5db54b426d99f864d963f43	.png	current reconstructed output; see documentation for confidence and remaining caveats
reconstructed_current/scenes/A02/overlays/A02_overlay_20_32x10_x64_y62.png	973	422ee1b161d2ef48450e3b3c221d8c96e58daebd5c1aa61484999f7ef94b44fe	.png	current reconstructed output; see documentation for confidence and remaining caveats
reconstructed_current/scenes/A02/overlays/A02_overlay_20_32x10_x64_y62_2x.png	1032	771b7c09ec0c95bca9e0f7fe80a06763d5b335d2245eeec001c76cb278f431f7	.png	current reconstructed output; see documentation for confidence and remaining caveats
reconstructed_current/scenes/A02/overlays/A02_overlay_21_32x10_x64_y62.png	973	e621579c424cf0c1718acf1b109813498676790f50319fe8f7eab6821b3ca7bd	.png	current reconstructed output; see documentation for confidence and remaining caveats
reconstructed_current/scenes/A02/overlays/A02_overlay_21_32x10_x64_y62_2x.png	1026	f337b1a3d1f1be79d068f4cb2f2051a1671a1c3b8a746988742991942a7223dc	.png	current reconstructed output; see documentation for confidence and remaining caveats
reconstructed_current/scenes/A02/overlays/A02_overlay_22_32x10_x64_y62.png	973	6651427ebbe93874753db044227b1cee05693878885115c2317661cd1c7d1ff6	.png	current reconstructed output; see documentation for confidence and remaining caveats
reconstructed_current/scenes/A02/overlays/A02_overlay_22_32x10_x64_y62_2x.png	1025	bd79ad2315200dd78efaf93b3ed82f370805ddb2b45fb09802af10410e35fac8	.png	current reconstructed output; see documentation for confidence and remaining caveats
reconstructed_current/scenes/A02/overlays/A02_overlay_23_32x10_x64_y62.png	966	f6afe605dbd7f35991c854dc28b5205217ccbf1229ecac6a790eb6d525327c86	.png	current reconstructed output; see documentation for confidence and remaining caveats
reconstructed_current/scenes/A02/overlays/A02_overlay_23_32x10_x64_y62_2x.png	1019	090709099d1b55319a3e5500f614f8bd4306b6598e25de9036f97d01a7a67d44	.png	current reconstructed output; see documentation for confidence and remaining caveats
reconstructed_current/scenes/A02/overlays/A02_overlay_24_32x10_x64_y62.png	961	326d5dbbaef44f55e75b79bc076b35f157c2c949ee34a227f85fa7043f77d6dd	.png	current reconstructed output; see documentation for confidence and remaining caveats
reconstructed_current/scenes/A02/overlays/A02_overlay_24_32x10_x64_y62_2x.png	1014	f01bee901ece5ecf36589c1d8973038cc2dab53454b8ace581856ebfcb6401f4	.png	current reconstructed output; see documentation for confidence and remaining caveats
reconstructed_current/scenes/A02/overlays/A02_overlay_25_32x10_x64_y62.png	958	c94e099dcf9630a598961cf2de507558a9978606ab3433d388f48156f2fa6211	.png	current reconstructed output; see documentation for confidence and remaining caveats
reconstructed_current/scenes/A02/overlays/A02_overlay_25_32x10_x64_y62_2x.png	1010	16889a2bf27c5b99c2d695503b6430696020510a0d3dac6138b39de0318ae7b6	.png	current reconstructed output; see documentation for confidence and remaining caveats
reconstructed_current/scenes/A02/overlays.tsv	1028	6d83143e5d8cd238317ad5eef6c9074890faa0f493da76de5ecad042c411066f	.tsv	current reconstructed output; see documentation for confidence and remaining caveats
reconstructed_current/scenes/A03/A03_base.png	5479	31522ea21ce7c7ae9a5d8b4e7b237cce44af0dd7b0067446a7e3305b1ad4091a	.png	current reconstructed output; see documentation for confidence and remaining caveats
reconstructed_current/scenes/A03/A03_base_2x.png	6762	07dee399255d1fb668aecf6254f47544cfa90451c72578c14c8464c4e766efac	.png	current reconstructed output; see documentation for confidence and remaining caveats
reconstructed_current/scenes/A03/animation_sequences.tsv	832	30ccdb47dc15e930f764716c7ac012112fabf71919431268efcf57edebafd6a1	.tsv	current reconstructed output; see documentation for confidence and remaining caveats
reconstructed_current/scenes/A03/composites/A03_overlay_01_composite.png	5488	f40fb9492c787251a83c86d579493a1a173549c32624298dd0e2d85336f7ce7d	.png	current reconstructed output; see documentation for confidence and remaining caveats
reconstructed_current/scenes/A03/composites/A03_overlay_01_composite_2x.png	6776	9ce2b9acd4246c8c892e60fb88674751e1daa0a306aa172e8a4811fac434258d	.png	current reconstructed output; see documentation for confidence and remaining caveats
reconstructed_current/scenes/A03/composites/A03_overlay_02_composite.png	5488	a028e326281f946caf88b9e11d76ce98f067890a646a714fb8702b7fa20cba9a	.png	current reconstructed output; see documentation for confidence and remaining caveats
reconstructed_current/scenes/A03/composites/A03_overlay_02_composite_2x.png	6776	3a1a77663501b438a6737a04f5c0d4f8a42c51ed983f0b55ccc5a85c37a61ff1	.png	current reconstructed output; see documentation for confidence and remaining caveats
reconstructed_current/scenes/A03/composites/A03_overlay_03_composite.png	5482	f9fde1a13e4df0854c8d3cc3ab9240b58e40b051d37c311590d4588f69faabe2	.png	current reconstructed output; see documentation for confidence and remaining caveats
reconstructed_current/scenes/A03/composites/A03_overlay_03_composite_2x.png	6780	372fd0dbfac842b4f9ba53a1d8d3b5c084f543f474c090a976ba865f1c5323af	.png	current reconstructed output; see documentation for confidence and remaining caveats
reconstructed_current/scenes/A03/composites/A03_overlay_04_composite.png	5483	bd8785eb06abcf277517d1df718ae5109745daf47114829d7f99ffc994280e89	.png	current reconstructed output; see documentation for confidence and remaining caveats
reconstructed_current/scenes/A03/composites/A03_overlay_04_composite_2x.png	6779	afe9969624a4c489b70f3b864af9820979a073e1513a7e86fc1aa55e33d3b957	.png	current reconstructed output; see documentation for confidence and remaining caveats
reconstructed_current/scenes/A03/composites/A03_overlay_05_composite.png	5481	93f9894408526014a1ed83037edb085038e30b66955dde7fbdd78480036d0595	.png	current reconstructed output; see documentation for confidence and remaining caveats
reconstructed_current/scenes/A03/composites/A03_overlay_05_composite_2x.png	6781	7d04c39168a99aa30c2e5ef4fe2d2960c81bdfd65aab797045174b36256bb6e4	.png	current reconstructed output; see documentation for confidence and remaining caveats
reconstructed_current/scenes/A03/composites/A03_overlay_06_composite.png	5484	c76ccfc26718e9a8c8a17241d90feada6a5834b5ef7ae93ac20215f33058fcdf	.png	current reconstructed output; see documentation for confidence and remaining caveats
reconstructed_current/scenes/A03/composites/A03_overlay_06_composite_2x.png	6776	9db7a0353d4c32bde38a825d7ec927cc8e54d4db8792b7c2759411d8c29a2208	.png	current reconstructed output; see documentation for confidence and remaining caveats
reconstructed_current/scenes/A03/composites/A03_overlay_07_composite.png	5484	6c26d005197c29f8ee74ebbb373045a3064310151a8df849bd04f8d4705d81aa	.png	current reconstructed output; see documentation for confidence and remaining caveats
reconstructed_current/scenes/A03/composites/A03_overlay_07_composite_2x.png	6769	3fcd1881c9045620931e444dadf4f4e61132dd39b76d04d631ce24b63260c5ed	.png	current reconstructed output; see documentation for confidence and remaining caveats
reconstructed_current/scenes/A03/composites/A03_overlay_08_composite.png	5481	52960951fd737956c6901e62f1375c4dbcea4b2b9a98fe404292b4434c4a1711	.png	current reconstructed output; see documentation for confidence and remaining caveats
reconstructed_current/scenes/A03/composites/A03_overlay_08_composite_2x.png	6768	9a0221f61bc39e9f002a6980c3a8fe67d74c75da8fb3684c1312528520a9ca24	.png	current reconstructed output; see documentation for confidence and remaining caveats
reconstructed_current/scenes/A03/composites/A03_overlay_09_composite.png	5484	8e79787fe7eb5dffe4fb6d6eaea7075f9f10099ba6ba87deaf023ddb36f8f699	.png	current reconstructed output; see documentation for confidence and remaining caveats
reconstructed_current/scenes/A03/composites/A03_overlay_09_composite_2x.png	6775	c98791b03266aa8dbb09b44ac76f08ba4ca7042bee925c532fa05c0dafbacc24	.png	current reconstructed output; see documentation for confidence and remaining caveats
reconstructed_current/scenes/A03/composites/A03_overlay_10_composite.png	5489	173016b6b24b91eb29abb03cc43c203ba589b59c005a8a9baa4b4ca3d32c66b5	.png	current reconstructed output; see documentation for confidence and remaining caveats
reconstructed_current/scenes/A03/composites/A03_overlay_10_composite_2x.png	6785	bd29a33824d1a9c28a50dde7c82aaf488711cf730e6109a034cb299366e32c72	.png	current reconstructed output; see documentation for confidence and remaining caveats
reconstructed_current/scenes/A03/composites/A03_overlay_11_composite.png	5484	30ee56f3c92d2afd04e15f1dc93c674962ff701f8d08e3985734351f01c48a29	.png	current reconstructed output; see documentation for confidence and remaining caveats
reconstructed_current/scenes/A03/composites/A03_overlay_11_composite_2x.png	6766	f637cdeb689922be6c9df6d5ba1eca5836901540cae02f7dbdeb5496fda2a3ae	.png	current reconstructed output; see documentation for confidence and remaining caveats
reconstructed_current/scenes/A03/composites/A03_overlay_12_composite.png	5485	266fa194bd99b2a294243654d55f2fc4119f189032563e04ede65cbb9f1fd6ec	.png	current reconstructed output; see documentation for confidence and remaining caveats
reconstructed_current/scenes/A03/composites/A03_overlay_12_composite_2x.png	6768	8ec56ed76d08d1255b50c9d738ae3fca34b75f4364412a3d328f5f01350ac9f1	.png	current reconstructed output; see documentation for confidence and remaining caveats
reconstructed_current/scenes/A03/composites/A03_overlay_13_composite.png	5486	0822bb76fbf69957012b48a12e032d7355f89320eed0be5600be6056c1385575	.png	current reconstructed output; see documentation for confidence and remaining caveats
reconstructed_current/scenes/A03/composites/A03_overlay_13_composite_2x.png	6768	6d3d93e5a230195a3f2a903381a85889100c050e9e87dc1311520ab87885b6be	.png	current reconstructed output; see documentation for confidence and remaining caveats
reconstructed_current/scenes/A03/composites/A03_overlay_14_composite.png	5485	4666a335f7d7cc0da0f54cc823b45056cfa7b21a51671b6eb84e6bf637443dcf	.png	current reconstructed output; see documentation for confidence and remaining caveats
reconstructed_current/scenes/A03/composites/A03_overlay_14_composite_2x.png	6770	418e5effe9e4aaaad5fce100e912865bfab6ab090b69548e846363986b21c498	.png	current reconstructed output; see documentation for confidence and remaining caveats
reconstructed_current/scenes/A03/composites/A03_overlay_15_composite.png	5488	cac66eb4813577dde191461ecd648c9cd0b738956dd27f64f08348255d496820	.png	current reconstructed output; see documentation for confidence and remaining caveats
reconstructed_current/scenes/A03/composites/A03_overlay_15_composite_2x.png	6771	a16f8dc4ecd6730bbfc920ccbf10116f928b880e2d3279f05626ebd0188429ae	.png	current reconstructed output; see documentation for confidence and remaining caveats
reconstructed_current/scenes/A03/composites/A03_overlay_16_composite.png	5486	1fdda113017709981c388a11dccf6856278a396bd7f6a11856556de349f90ca7	.png	current reconstructed output; see documentation for confidence and remaining caveats
reconstructed_current/scenes/A03/composites/A03_overlay_16_composite_2x.png	6773	fe3a142b4493372d52367dc9e9d7b81d891478f363f516a27e573d279cc3be90	.png	current reconstructed output; see documentation for confidence and remaining caveats
reconstructed_current/scenes/A03/composites/A03_overlay_17_composite.png	5487	ac016e8988412e4ecce7f35ab758e606c7af29b22f8b23b27b1d1cc6ca66965a	.png	current reconstructed output; see documentation for confidence and remaining caveats
reconstructed_current/scenes/A03/composites/A03_overlay_17_composite_2x.png	6772	c6865b1459fe0a40bf6896d94624136bd021333df7bfeb7ce94cc05c230f2549	.png	current reconstructed output; see documentation for confidence and remaining caveats
reconstructed_current/scenes/A03/composites/A03_overlay_18_composite.png	5492	9cd473a19e4fac1b98b4031c2ed25511f4cdba4a83e8d3e8dc16f1399326f745	.png	current reconstructed output; see documentation for confidence and remaining caveats
reconstructed_current/scenes/A03/composites/A03_overlay_18_composite_2x.png	6777	06fe0bf56b036dd19c3b70624ee769ad2c52d822de7e858f60ab046ba1e3634c	.png	current reconstructed output; see documentation for confidence and remaining caveats
reconstructed_current/scenes/A03/composites/A03_overlay_19_composite.png	5506	8df3ae981a2024e0447441e4386eb095ef0b553e4a475ccf288227ece976e865	.png	current reconstructed output; see documentation for confidence and remaining caveats
reconstructed_current/scenes/A03/composites/A03_overlay_19_composite_2x.png	6798	297af8a5bf4a887613b26d574431dca8d2b7a23076dbb087ca08d1e956604e95	.png	current reconstructed output; see documentation for confidence and remaining caveats
reconstructed_current/scenes/A03/composites/A03_overlay_20_composite.png	5506	0e86a0354a6294ffa1d49d1ec9040a68a2fd1958564d5587a557a999d8705652	.png	current reconstructed output; see documentation for confidence and remaining caveats
reconstructed_current/scenes/A03/composites/A03_overlay_20_composite_2x.png	6796	ebaf117104e5c89e00961217ba590b1b6449519877577e662ce6e8fc2278edfb	.png	current reconstructed output; see documentation for confidence and remaining caveats
reconstructed_current/scenes/A03/composites/A03_overlay_21_composite.png	5507	716bb2b8bb1ee75fbc42703149ebe9344e4474d4cd314917c7cfb61af75cdbf9	.png	current reconstructed output; see documentation for confidence and remaining caveats
reconstructed_current/scenes/A03/composites/A03_overlay_21_composite_2x.png	6794	be84c0fc2e004c6e181231298f42459ae2109f5c58eeb6ce03268772183eac4a	.png	current reconstructed output; see documentation for confidence and remaining caveats
reconstructed_current/scenes/A03/composites/A03_overlay_22_composite.png	5503	b71642dbb614887330693216f4674061f372ed0200c0e4b2898fe1cfe4354bf2	.png	current reconstructed output; see documentation for confidence and remaining caveats
reconstructed_current/scenes/A03/composites/A03_overlay_22_composite_2x.png	6789	23406842fd76a1bb13c2f9ec23497aa52f6b2b005c7a8733dc15cc3a265a8cc7	.png	current reconstructed output; see documentation for confidence and remaining caveats
reconstructed_current/scenes/A03/composites/A03_overlay_23_composite.png	5501	9fa99213177a36febe0853505dcfef9c7c5d308ef18cce2f3ef2c591d5ae9251	.png	current reconstructed output; see documentation for confidence and remaining caveats
reconstructed_current/scenes/A03/composites/A03_overlay_23_composite_2x.png	6784	2cadd84156c0b8b93325b3b9130ab9f3815332f7455adf518da13ec8d89537c6	.png	current reconstructed output; see documentation for confidence and remaining caveats
reconstructed_current/scenes/A03/composites/A03_overlay_24_composite.png	5500	19b026d9cc6872370f3e12801629f947c9a8a66b34f9aa525826e5c876c78990	.png	current reconstructed output; see documentation for confidence and remaining caveats
reconstructed_current/scenes/A03/composites/A03_overlay_24_composite_2x.png	6787	4621e16c3e9a7c78ee5ad42b0790d4f94647e01a0c5633f81940be358a27c032	.png	current reconstructed output; see documentation for confidence and remaining caveats
reconstructed_current/scenes/A03/composites/A03_overlay_25_composite.png	5479	a9bf84d6b6a9fa2b10691906b948989aad7c9b66a1148ad421c12f08dda1ce1c	.png	current reconstructed output; see documentation for confidence and remaining caveats
reconstructed_current/scenes/A03/composites/A03_overlay_25_composite_2x.png	6764	37ea112d5a89875149e577031eda5a6721ae782b04d5c52cae0554c49a2b0707	.png	current reconstructed output; see documentation for confidence and remaining caveats
reconstructed_current/scenes/A03/composites/A03_overlay_26_composite.png	5479	baa5166e3d2445294142b7ce6c71a9eef27e4af2f04320f4ced03acce6b631d9	.png	current reconstructed output; see documentation for confidence and remaining caveats
reconstructed_current/scenes/A03/composites/A03_overlay_26_composite_2x.png	6762	6f04b516d5da3b3aca433d73be2d729eae0c4d761b306b22bca005a379bd5cc9	.png	current reconstructed output; see documentation for confidence and remaining caveats
reconstructed_current/scenes/A03/composites/A03_overlay_27_composite.png	5480	35bedba21cc6f6a18202596be5550c8a5fea1568624bf73f0423e1784482e234	.png	current reconstructed output; see documentation for confidence and remaining caveats
reconstructed_current/scenes/A03/composites/A03_overlay_27_composite_2x.png	6762	37f854213f672a73387c93779d31a383140be193c130bc7415e47994aa184bc4	.png	current reconstructed output; see documentation for confidence and remaining caveats
reconstructed_current/scenes/A03/composites/A03_overlay_28_composite.png	5479	2f6f84bec0a848e40f46b2f2ef7599a625d90b582b753099594901a5a18fe45e	.png	current reconstructed output; see documentation for confidence and remaining caveats
reconstructed_current/scenes/A03/composites/A03_overlay_28_composite_2x.png	6763	6a43da8c042ffaab2ed273fb39ea68ba7964f36d0c7b998c5c917eb86141d000	.png	current reconstructed output; see documentation for confidence and remaining caveats
reconstructed_current/scenes/A03/composites/A03_overlay_29_composite.png	5482	9a2cb04b242266aa18395dd8dd510ddf7f8f06b46790aaab2b1bca8c7246c2e2	.png	current reconstructed output; see documentation for confidence and remaining caveats
reconstructed_current/scenes/A03/composites/A03_overlay_29_composite_2x.png	6780	436d8073be17ec44c2a51b58bca9810e935f16b936242da137dea3aaaf39c967	.png	current reconstructed output; see documentation for confidence and remaining caveats
reconstructed_current/scenes/A03/composites/A03_overlay_30_composite.png	5485	475d37b2bfccb0eeb9fc75352accfb9adf3db03a9dd68961096696524118da79	.png	current reconstructed output; see documentation for confidence and remaining caveats
reconstructed_current/scenes/A03/composites/A03_overlay_30_composite_2x.png	6793	f541dc75b06cb722be62ef2a59a1bdf793089925439e094c78f48e92e8724ffc	.png	current reconstructed output; see documentation for confidence and remaining caveats
reconstructed_current/scenes/A03/composites/A03_overlay_31_composite.png	5482	443b3293e65c723ca522dd051babf78d1c705ab2dc0663cb8b9c2712c7b76f88	.png	current reconstructed output; see documentation for confidence and remaining caveats
reconstructed_current/scenes/A03/composites/A03_overlay_31_composite_2x.png	6770	15f2cf88021f6326a6f6ef424dc5c6722eef3c7da244b035a68b272a510829bb	.png	current reconstructed output; see documentation for confidence and remaining caveats
reconstructed_current/scenes/A03/overlays/A03_overlay_01_16x7_x0_y73.png	909	871b71cdf9d959a9d415b51dab0bf8cca49b4dff668fdbe708077d43cc6efbf2	.png	current reconstructed output; see documentation for confidence and remaining caveats
reconstructed_current/scenes/A03/overlays/A03_overlay_01_16x7_x0_y73_2x.png	945	a82ede377ac467606958e780816715220e58b3e02c878ed982dcff79e43ebe3d	.png	current reconstructed output; see documentation for confidence and remaining caveats
reconstructed_current/scenes/A03/overlays/A03_overlay_02_16x7_x0_y73.png	912	cf4fc6f8e9bd0cc3a879503f85e50f134aeaea0a02e18cb79ba5f3a0b49bc76b	.png	current reconstructed output; see documentation for confidence and remaining caveats
reconstructed_current/scenes/A03/overlays/A03_overlay_02_16x7_x0_y73_2x.png	949	669a9354c646c927f6e92f84ad08a829bae0928d7a98b9461ddaeb3097da0721	.png	current reconstructed output; see documentation for confidence and remaining caveats
reconstructed_current/scenes/A03/overlays/A03_overlay_03_16x4_x32_y9.png	883	bc231a3f12c16380f8532544311e2078cae5c615c7673ccc25833b37bc33ab26	.png	current reconstructed output; see documentation for confidence and remaining caveats
reconstructed_current/scenes/A03/overlays/A03_overlay_03_16x4_x32_y9_2x.png	900	13f595233c5f775efb4364fd68e90e02517d0c2300b466c13c077a75bced274c	.png	current reconstructed output; see documentation for confidence and remaining caveats
reconstructed_current/scenes/A03/overlays/A03_overlay_04_16x5_x32_y9.png	890	cb3c9761b4468ce1389e6311fb442db261aa28c30dc36b66c25b27c73bcb9203	.png	current reconstructed output; see documentation for confidence and remaining caveats
reconstructed_current/scenes/A03/overlays/A03_overlay_04_16x5_x32_y9_2x.png	913	985354e4e717a2526df298bf03074df4d803bedcdc322e7f062bb2e47ba4e52b	.png	current reconstructed output; see documentation for confidence and remaining caveats
reconstructed_current/scenes/A03/overlays/A03_overlay_05_16x5_x32_y10.png	891	c76efe9510179b26157a10470afee62a4a359ee32ffb58f160f1644d9d6270c3	.png	current reconstructed output; see documentation for confidence and remaining caveats
reconstructed_current/scenes/A03/overlays/A03_overlay_05_16x5_x32_y10_2x.png	912	f39d78c6ee4374816fef56a0e31fb9ff10b5db8d6b0dc353b29626b18c32907f	.png	current reconstructed output; see documentation for confidence and remaining caveats
reconstructed_current/scenes/A03/overlays/A03_overlay_06_16x5_x32_y11.png	893	b62c84ba4e4d2a7babe049d595524b8cc892ca2febb051ea2ab4f59b218ca6b2	.png	current reconstructed output; see documentation for confidence and remaining caveats
reconstructed_current/scenes/A03/overlays/A03_overlay_06_16x5_x32_y11_2x.png	914	c3c6ec8d783c86a3c9ce6d74b9a28d901b9b15c736b8c595887ab4c3282301f3	.png	current reconstructed output; see documentation for confidence and remaining caveats
reconstructed_current/scenes/A03/overlays/A03_overlay_07_16x5_x32_y12.png	893	9480d38f480576d0381b0ab8ae125698ad9fbe0b6baa14113798901c308beb33	.png	current reconstructed output; see documentation for confidence and remaining caveats
reconstructed_current/scenes/A03/overlays/A03_overlay_07_16x5_x32_y12_2x.png	914	0d2c8e6e29f4f9edb925adc2ee47d0e84d9896d12dfd3e3c516361663610d998	.png	current reconstructed output; see documentation for confidence and remaining caveats
reconstructed_current/scenes/A03/overlays/A03_overlay_08_16x4_x32_y13.png	885	71435d0d3db2da1f76a2784b7b6ebb50c95268c28be0b46cd080093d3a96532a	.png	current reconstructed output; see documentation for confidence and remaining caveats
reconstructed_current/scenes/A03/overlays/A03_overlay_08_16x4_x32_y13_2x.png	905	36396d91163403711f998214a17b67f0eb4b6b8c1867a50b6297c24b1687acb2	.png	current reconstructed output; see documentation for confidence and remaining caveats
reconstructed_current/scenes/A03/overlays/A03_overlay_09_16x4_x32_y14.png	886	6bba69fee9baed3b92e8971ba924be2d384a1e4bd43ed629a6f54d3e930c955f	.png	current reconstructed output; see documentation for confidence and remaining caveats
reconstructed_current/scenes/A03/overlays/A03_overlay_09_16x4_x32_y14_2x.png	907	b5be7e555cbdddd25f17c33bd11d703eba92d91778272d70f45edce38bd6fc0e	.png	current reconstructed output; see documentation for confidence and remaining caveats
reconstructed_current/scenes/A03/overlays/A03_overlay_10_16x7_x32_y13.png	906	0d69f298ec67d23001b7cb0930a9b3b029cf4746efc121e5ecd8b3dc1092d6d2	.png	current reconstructed output; see documentation for confidence and remaining caveats
reconstructed_current/scenes/A03/overlays/A03_overlay_10_16x7_x32_y13_2x.png	939	8a3220d9d73f0650c4fd119b9633c6f5d2179f556cab312e0c0f3ebadf7cb008	.png	current reconstructed output; see documentation for confidence and remaining caveats
reconstructed_current/scenes/A03/overlays/A03_overlay_11_16x4_x112_y25.png	887	557a942b0a337358b0bfa825202b5632b302b1f3bcc3a7691cadc578b7e3eeb8	.png	current reconstructed output; see documentation for confidence and remaining caveats
reconstructed_current/scenes/A03/overlays/A03_overlay_11_16x4_x112_y25_2x.png	907	7806a4a2755002d7b0f4abc51c9a56dbf7ddba9c4b2f9cac012f22cc5ab1beb1	.png	current reconstructed output; see documentation for confidence and remaining caveats
reconstructed_current/scenes/A03/overlays/A03_overlay_12_16x5_x112_y25.png	896	55c31145977b0b52b52ed4ef840c9bee534c8331d30f3bacbf61d631bf413af5	.png	current reconstructed output; see documentation for confidence and remaining caveats
reconstructed_current/scenes/A03/overlays/A03_overlay_12_16x5_x112_y25_2x.png	918	b3231fbb7418c3f966a697685a9c495baeecb42ddc844c3fd960cb2736462b1f	.png	current reconstructed output; see documentation for confidence and remaining caveats
reconstructed_current/scenes/A03/overlays/A03_overlay_13_16x5_x112_y26.png	895	928c57a83e543a9c77dc866b24edbd730962cdb86b322c634c8bad1a836640e8	.png	current reconstructed output; see documentation for confidence and remaining caveats
reconstructed_current/scenes/A03/overlays/A03_overlay_13_16x5_x112_y26_2x.png	916	5460df5981e0c33a05f8403157a233efcb8a968d4cb5b6afde1a72466c4a21e6	.png	current reconstructed output; see documentation for confidence and remaining caveats
reconstructed_current/scenes/A03/overlays/A03_overlay_14_16x5_x112_y27.png	892	0b749a1e657cb452576a07fa0e07aa01074d0c8415f3dfd2074050b4a4f6cfde	.png	current reconstructed output; see documentation for confidence and remaining caveats
reconstructed_current/scenes/A03/overlays/A03_overlay_14_16x5_x112_y27_2x.png	917	13e855b3363452dce70939e4ebdf6cf45e2b536b8f67995a5c131b6a5c88546d	.png	current reconstructed output; see documentation for confidence and remaining caveats
reconstructed_current/scenes/A03/overlays/A03_overlay_15_16x5_x112_y28.png	889	fea71af01bbf0b2f43ce7bed145fe0ca52a86931eb079649de76b9caa89834f7	.png	current reconstructed output; see documentation for confidence and remaining caveats
reconstructed_current/scenes/A03/overlays/A03_overlay_15_16x5_x112_y28_2x.png	913	65e630952827a8e5d8f00bc5e482907ab3e20f41a8cda43ffecf1c602e82376d	.png	current reconstructed output; see documentation for confidence and remaining caveats
reconstructed_current/scenes/A03/overlays/A03_overlay_16_16x4_x112_y29.png	884	45ad8e53089c8e80943fe5c1f09c8d92c02b023dd0da852bd5fb533b44f02e4e	.png	current reconstructed output; see documentation for confidence and remaining caveats
reconstructed_current/scenes/A03/overlays/A03_overlay_16_16x4_x112_y29_2x.png	904	07494bca0a10b66ed978dcf5b50da2943dfc50371802f084e6267c110e7b4961	.png	current reconstructed output; see documentation for confidence and remaining caveats
reconstructed_current/scenes/A03/overlays/A03_overlay_17_16x4_x112_y30.png	886	79271c8988d3966303a9e36f894501f235b69f0c19cc8087a4ef5b4e79116ec6	.png	current reconstructed output; see documentation for confidence and remaining caveats
reconstructed_current/scenes/A03/overlays/A03_overlay_17_16x4_x112_y30_2x.png	907	b516dc21173d12622518b5e1ba82a36c5060959ea1c7f388d367110b2e4c543e	.png	current reconstructed output; see documentation for confidence and remaining caveats
reconstructed_current/scenes/A03/overlays/A03_overlay_18_16x7_x112_y29.png	906	7cdecb4e39f2323cde8c2e611304dd5b615ddd547749b411b96db6a326636fa1	.png	current reconstructed output; see documentation for confidence and remaining caveats
reconstructed_current/scenes/A03/overlays/A03_overlay_18_16x7_x112_y29_2x.png	938	71c070d18a9cb985c2719f9acb63e895301b0495c599c17c73704fffb0cddd64	.png	current reconstructed output; see documentation for confidence and remaining caveats
reconstructed_current/scenes/A03/overlays/A03_overlay_19_16x22_x80_y0.png	990	a6199f07304045707c4a5dcb2fe6702eec075f0a1121297f3aa45202e7fa38e0	.png	current reconstructed output; see documentation for confidence and remaining caveats
reconstructed_current/scenes/A03/overlays/A03_overlay_19_16x22_x80_y0_2x.png	1056	59d437256bb65d6128206b7e99cbd369c7da8f9c56e54840b6ee90acbc3e25a1	.png	current reconstructed output; see documentation for confidence and remaining caveats
reconstructed_current/scenes/A03/overlays/A03_overlay_20_16x22_x80_y0.png	985	5500928dfdfcb340d748633d45aabe33f5ba4fe82cfffe0cc48a12ae672f3709	.png	current reconstructed output; see documentation for confidence and remaining caveats
reconstructed_current/scenes/A03/overlays/A03_overlay_20_16x22_x80_y0_2x.png	1054	8761a20b474d03bb7bf55b9eee3df2f3f610fc848d97aec5b4295ee5cc02f301	.png	current reconstructed output; see documentation for confidence and remaining caveats
reconstructed_current/scenes/A03/overlays/A03_overlay_21_16x22_x80_y0.png	988	05f0d3db7c9c8a3d75f5d31c1a331c117c739b41dc7d70b1bad3f65332d41a87	.png	current reconstructed output; see documentation for confidence and remaining caveats
reconstructed_current/scenes/A03/overlays/A03_overlay_21_16x22_x80_y0_2x.png	1058	43aa2021938dd50cbc528d8be02ac233f1c4e4001732851c21846cb7660edc69	.png	current reconstructed output; see documentation for confidence and remaining caveats
reconstructed_current/scenes/A03/overlays/A03_overlay_22_32x13_x48_y25.png	1028	bd78cd09037eabe1f1a6c4d30e662a9a99a64ff862de2eba749ebe71a8b2b39e	.png	current reconstructed output; see documentation for confidence and remaining caveats
reconstructed_current/scenes/A03/overlays/A03_overlay_22_32x13_x48_y25_2x.png	1115	0a816c75c754271a93957528488e39ecd437ba2cb074c2552136942c00f855de	.png	current reconstructed output; see documentation for confidence and remaining caveats
reconstructed_current/scenes/A03/overlays/A03_overlay_23_32x13_x48_y25.png	1025	b3d740a1e762ec23178f4371ba9279c063c08907092af4c04b08b14867a25457	.png	current reconstructed output; see documentation for confidence and remaining caveats
reconstructed_current/scenes/A03/overlays/A03_overlay_23_32x13_x48_y25_2x.png	1109	28e326d91acc3b1ba7565a91f00ff4d2bcf9df83ea3cb9a6cbbd082f5613b482	.png	current reconstructed output; see documentation for confidence and remaining caveats
reconstructed_current/scenes/A03/overlays/A03_overlay_24_32x13_x48_y25.png	1026	7796cb4b014afbd4438f8d8c1a22c01af5ddc0c7ebe5a7e4d7696593a1e9cae4	.png	current reconstructed output; see documentation for confidence and remaining caveats
reconstructed_current/scenes/A03/overlays/A03_overlay_24_32x13_x48_y25_2x.png	1113	8255daa7d4e4841d2b5e14d6af8ee221cf7561a601c002e2c6daf8581899d580	.png	current reconstructed output; see documentation for confidence and remaining caveats
reconstructed_current/scenes/A03/overlays/A03_overlay_25_16x1_x64_y23.png	859	2d9ac524ee2094b2df5aa87aa8fed22c673307e2f55acbc917071a01c193a710	.png	current reconstructed output; see documentation for confidence and remaining caveats
reconstructed_current/scenes/A03/overlays/A03_overlay_25_16x1_x64_y23_2x.png	866	05edc1ca6e4251ed4d9b3955d816cf7a9c52d2db3d5a07624dd8fcd10d3b4213	.png	current reconstructed output; see documentation for confidence and remaining caveats
reconstructed_current/scenes/A03/overlays/A03_overlay_26_16x1_x64_y23.png	860	f8d3b04bcb5d09574dd9da74550827e068e01fdfb9f181151098f12d9097c1d0	.png	current reconstructed output; see documentation for confidence and remaining caveats
reconstructed_current/scenes/A03/overlays/A03_overlay_26_16x1_x64_y23_2x.png	867	6fc7c037435cf422c519da00e6249bb28356d8c46814688667996fbf93859255	.png	current reconstructed output; see documentation for confidence and remaining caveats
reconstructed_current/scenes/A03/overlays/A03_overlay_27_16x1_x64_y23.png	859	9c8e1fca8b8fff81b7f807d728165fab3c2e885b35c8ffcb047f2b13e960605a	.png	current reconstructed output; see documentation for confidence and remaining caveats
reconstructed_current/scenes/A03/overlays/A03_overlay_27_16x1_x64_y23_2x.png	867	f3b4cbf27234c867f8000a038f815557c0fa270b6abd7a92f2c9cdcc9ab0c0a5	.png	current reconstructed output; see documentation for confidence and remaining caveats
reconstructed_current/scenes/A03/overlays/A03_overlay_28_16x1_x64_y23.png	859	9eaee27abc36e61a610e03c253eb3cffed41aee561544332295060a7f9e5570a	.png	current reconstructed output; see documentation for confidence and remaining caveats
reconstructed_current/scenes/A03/overlays/A03_overlay_28_16x1_x64_y23_2x.png	867	207c62532b718671b160caaff996793a8f5499ff45515c85919ed596dadbb97b	.png	current reconstructed output; see documentation for confidence and remaining caveats
reconstructed_current/scenes/A03/overlays/A03_overlay_29_16x4_x64_y20.png	888	5068d47bb8e2c78dee5cb37f9f725419c0a3a71c4a6bf55c60da02f24ff91660	.png	current reconstructed output; see documentation for confidence and remaining caveats
reconstructed_current/scenes/A03/overlays/A03_overlay_29_16x4_x64_y20_2x.png	911	dd9ccd692035d010af4a16515d881c4a53b8222e392a8a8dc2e9c44677bc1fc0	.png	current reconstructed output; see documentation for confidence and remaining caveats
reconstructed_current/scenes/A03/overlays/A03_overlay_30_16x5_x64_y19.png	896	dc14e9ba9ffed49a7b31b4a15d99125deb917bbf7a160966183ff39c40b7e4c3	.png	current reconstructed output; see documentation for confidence and remaining caveats
reconstructed_current/scenes/A03/overlays/A03_overlay_30_16x5_x64_y19_2x.png	924	1064c70d19da118df0e8d3f73ba26f6f7899888edafcc0a26e40cfdc817708c3	.png	current reconstructed output; see documentation for confidence and remaining caveats
reconstructed_current/scenes/A03/overlays/A03_overlay_31_16x4_x80_y72.png	890	fbeb877de896340b098eac70278dfe3e854496134c37a066693d3b63103d4480	.png	current reconstructed output; see documentation for confidence and remaining caveats
reconstructed_current/scenes/A03/overlays/A03_overlay_31_16x4_x80_y72_2x.png	913	a2a9058f3ceb5e3fae43d8851acdd71c0470d825f3e77bd1b676fc48416ce386	.png	current reconstructed output; see documentation for confidence and remaining caveats
reconstructed_current/scenes/A03/overlays.tsv	1246	22f34224d5970337fee9fe9a3e231882676f5fd0f3ae466cab05f4b4359b8901	.tsv	current reconstructed output; see documentation for confidence and remaining caveats
reconstructed_current/scenes/A04/A04_base.png	5455	3777b332df8b33965b4b087217cdcb7ca122ec3498d17d39c1cc0206d3a83d58	.png	current reconstructed output; see documentation for confidence and remaining caveats
reconstructed_current/scenes/A04/A04_base_2x.png	6702	1dd997a31fe2a2c02a5d8fed54ea272474e275aef137d7fe9c81fcea015ee4d1	.png	current reconstructed output; see documentation for confidence and remaining caveats
reconstructed_current/scenes/A04/animation_sequences.tsv	826	2e55d5a779ce6be2e03a2ec79679028dbad0c321bfe3ccdbc1f134be66ceae8a	.tsv	current reconstructed output; see documentation for confidence and remaining caveats
reconstructed_current/scenes/A04/composites/A04_overlay_01_composite.png	5479	e4c83361862ccd5ef373136a6fb4d2359e905c3d32d3394215e6ef0821e0cdd8	.png	current reconstructed output; see documentation for confidence and remaining caveats
reconstructed_current/scenes/A04/composites/A04_overlay_01_composite_2x.png	6735	b7fd4f505f8e8c5a70924bd91e4d288d026a297748783563a626be560adf4a23	.png	current reconstructed output; see documentation for confidence and remaining caveats
reconstructed_current/scenes/A04/composites/A04_overlay_02_composite.png	5477	0a44dc1455e2239d5e0d99215c11c54cd49adc7a89e9bf8a104d8069077ce354	.png	current reconstructed output; see documentation for confidence and remaining caveats
reconstructed_current/scenes/A04/composites/A04_overlay_02_composite_2x.png	6732	bab12c938461a9e283d2c7601b84db69001763cc9402547b0571256731891ca7	.png	current reconstructed output; see documentation for confidence and remaining caveats
reconstructed_current/scenes/A04/composites/A04_overlay_03_composite.png	5484	0ab13dc1b3e02e333ea2780b252eae110355925b5eb7d4438fd1d823a8efd4bf	.png	current reconstructed output; see documentation for confidence and remaining caveats
reconstructed_current/scenes/A04/composites/A04_overlay_03_composite_2x.png	6734	c17e96a2054cc89ada7aa8700dd93c83f1337061648438354907e919bbc7779e	.png	current reconstructed output; see documentation for confidence and remaining caveats
reconstructed_current/scenes/A04/composites/A04_overlay_04_composite.png	5479	7df07434a278e40648911991f62874e57e19ba597c85457c0d4a36f596270057	.png	current reconstructed output; see documentation for confidence and remaining caveats
reconstructed_current/scenes/A04/composites/A04_overlay_04_composite_2x.png	6744	3d44d8484ab035aea9d25d65dfe43b8859d96ea33e813e55d3d4ecbf79380eec	.png	current reconstructed output; see documentation for confidence and remaining caveats
reconstructed_current/scenes/A04/composites/A04_overlay_05_composite.png	5461	3d46375664861ccb1f601933b6aeeaa344788942af6c42a95054946b0623b9cf	.png	current reconstructed output; see documentation for confidence and remaining caveats
reconstructed_current/scenes/A04/composites/A04_overlay_05_composite_2x.png	6712	793b039ab0fb782e9665719627ab9eebc4f3ab44cb50f76870d704bcaa45e3b3	.png	current reconstructed output; see documentation for confidence and remaining caveats
reconstructed_current/scenes/A04/composites/A04_overlay_06_composite.png	5470	b341e6dc7005bc1655f9155fa16bc818acedf6f2dac0a9112f8f59a3227f57d4	.png	current reconstructed output; see documentation for confidence and remaining caveats
reconstructed_current/scenes/A04/composites/A04_overlay_06_composite_2x.png	6720	4ea2e66bcd861988ec1ce4c72c89be78b228537b159d4b3e7c12014ad030cbb6	.png	current reconstructed output; see documentation for confidence and remaining caveats
reconstructed_current/scenes/A04/composites/A04_overlay_07_composite.png	5473	978cbf7100ea482c8ef96a91d5eaa8d7866b823e942b3d4f83158dbf30f41590	.png	current reconstructed output; see documentation for confidence and remaining caveats
reconstructed_current/scenes/A04/composites/A04_overlay_07_composite_2x.png	6726	eb1c132603cb11ead6620ba7617a3eafe15645c6a3f4a92b7aef39f8efc1a7eb	.png	current reconstructed output; see documentation for confidence and remaining caveats
reconstructed_current/scenes/A04/composites/A04_overlay_08_composite.png	5468	4d2088ff632481867e8d37570c292f61748c87487bb7d1e58b5184db033d337e	.png	current reconstructed output; see documentation for confidence and remaining caveats
reconstructed_current/scenes/A04/composites/A04_overlay_08_composite_2x.png	6734	3caa3c987e19359409f8bda4d7e420a1e235e82b41c7a7a045e69858bc34d804	.png	current reconstructed output; see documentation for confidence and remaining caveats
reconstructed_current/scenes/A04/composites/A04_overlay_09_composite.png	5478	40b85136102846b2959d2ac0c6b141e573802c1610dc63a3d1e00d53d6000114	.png	current reconstructed output; see documentation for confidence and remaining caveats
reconstructed_current/scenes/A04/composites/A04_overlay_09_composite_2x.png	6738	65a3b308e5390ba1f6880ef3aeb63542927fff46fb8b6ebef90844e8f55f611c	.png	current reconstructed output; see documentation for confidence and remaining caveats
reconstructed_current/scenes/A04/composites/A04_overlay_10_composite.png	5465	b0b62b4c8caaf6617fe6dfd303e6d3a184438f152598dd95f32611a8078f92df	.png	current reconstructed output; see documentation for confidence and remaining caveats
reconstructed_current/scenes/A04/composites/A04_overlay_10_composite_2x.png	6726	62dcbf28996ce882696989085f466dbc29d0f9380e2b8a05fb120b8e50885b66	.png	current reconstructed output; see documentation for confidence and remaining caveats
reconstructed_current/scenes/A04/composites/A04_overlay_11_composite.png	5461	8a9fc3ef2b8829ace12b4d979db03cd69dc284cc54c25fda6c4d30b3dd98a70e	.png	current reconstructed output; see documentation for confidence and remaining caveats
reconstructed_current/scenes/A04/composites/A04_overlay_11_composite_2x.png	6721	3b980bfc092edfd9f6d89a14a6f6f67cdedbacb403d7b6df6e9c4fbc5e4524fa	.png	current reconstructed output; see documentation for confidence and remaining caveats
reconstructed_current/scenes/A04/composites/A04_overlay_12_composite.png	5455	3e725553b12909460ab62fb702a5ca41b8decc79ef8ebca1e5493ea514ead847	.png	current reconstructed output; see documentation for confidence and remaining caveats
reconstructed_current/scenes/A04/composites/A04_overlay_12_composite_2x.png	6708	fd54eb610fce9a9a62cf415d5f510619bc90297f316e2218a3a327b3f08a807e	.png	current reconstructed output; see documentation for confidence and remaining caveats
reconstructed_current/scenes/A04/composites/A04_overlay_13_composite.png	5459	b2e656c06e9dc80a067cc2fbe1531d9e5ad44c94fc3f7cc0ee82b669ddecd74e	.png	current reconstructed output; see documentation for confidence and remaining caveats
reconstructed_current/scenes/A04/composites/A04_overlay_13_composite_2x.png	6700	5d75ae40c10025bc712997ae6f6238fe0d397d9eb73f4d8e34ecd0ad1b341384	.png	current reconstructed output; see documentation for confidence and remaining caveats
reconstructed_current/scenes/A04/composites/A04_overlay_14_composite.png	5459	0039933a490f11ac204648ad358278b93bbcf72efc8d3db5a3190367dc62d4ca	.png	current reconstructed output; see documentation for confidence and remaining caveats
reconstructed_current/scenes/A04/composites/A04_overlay_14_composite_2x.png	6711	4e61f2fecb18255fc32d8804bc5caf3505dd457e73a6be3a9369e304149a6fd4	.png	current reconstructed output; see documentation for confidence and remaining caveats
reconstructed_current/scenes/A04/overlays/A04_overlay_01_32x9_x64_y46.png	998	3745566af26496283f26e77788f3fcd340e23bd9399fe29489fc1ffbe6e43a1b	.png	current reconstructed output; see documentation for confidence and remaining caveats
reconstructed_current/scenes/A04/overlays/A04_overlay_01_32x9_x64_y46_2x.png	1075	5304ee4ca42d7a529e2d866203093e9a7a130166740b2e8c569085dcdd41173b	.png	current reconstructed output; see documentation for confidence and remaining caveats
reconstructed_current/scenes/A04/overlays/A04_overlay_02_32x12_x64_y40.png	1018	24aa58efbe8dd60e5338d9337f56e83c5b504c2fc08dd315c1509d0775994509	.png	current reconstructed output; see documentation for confidence and remaining caveats
reconstructed_current/scenes/A04/overlays/A04_overlay_02_32x12_x64_y40_2x.png	1100	debc3a4ad56afcd6b1d5d75b89b28a5e3d667e70b1cf9a687ea942aeb5ba9ccd	.png	current reconstructed output; see documentation for confidence and remaining caveats
reconstructed_current/scenes/A04/overlays/A04_overlay_03_32x9_x64_y39.png	980	cbfca2b979fbc1b1e266d2bc0456663dd5a7e62917e6f510b2da73c1e7ce9467	.png	current reconstructed output; see documentation for confidence and remaining caveats
reconstructed_current/scenes/A04/overlays/A04_overlay_03_32x9_x64_y39_2x.png	1041	960b940b31359e915b8e07e2ebb518785468f186290cfe1afe9f248fff042656	.png	current reconstructed output; see documentation for confidence and remaining caveats
reconstructed_current/scenes/A04/overlays/A04_overlay_04_32x11_x64_y40.png	1005	1c5f416f3d1ebdb8b78769bf353dc7ab4c6fffb24bf85e0a548ec3517240ae3d	.png	current reconstructed output; see documentation for confidence and remaining caveats
reconstructed_current/scenes/A04/overlays/A04_overlay_04_32x11_x64_y40_2x.png	1083	433a0ff50782b0fdaa17ab9f98485e0e2f1b12a000c3af7b01b93a959da6769b	.png	current reconstructed output; see documentation for confidence and remaining caveats
reconstructed_current/scenes/A04/overlays/A04_overlay_05_16x5_x128_y41.png	895	b147322933c60071936cb4e14a92b50a2cb7db18268979a2e098628794124aef	.png	current reconstructed output; see documentation for confidence and remaining caveats
reconstructed_current/scenes/A04/overlays/A04_overlay_05_16x5_x128_y41_2x.png	923	2fb1dcf8517c122b5a99b2a3b5bd767cf1b3ab5d5ac323ac394ec34a87c32791	.png	current reconstructed output; see documentation for confidence and remaining caveats
reconstructed_current/scenes/A04/overlays/A04_overlay_06_16x6_x128_y40.png	904	2fa27d4f50146385d06310d04448db78ff54e001974c89a0492b688013225dfc	.png	current reconstructed output; see documentation for confidence and remaining caveats
reconstructed_current/scenes/A04/overlays/A04_overlay_06_16x6_x128_y40_2x.png	938	4dc8ceb21599d6aa200f557f26b2d941bc6f7df6a7dca6c46f412653f5d68e46	.png	current reconstructed output; see documentation for confidence and remaining caveats
reconstructed_current/scenes/A04/overlays/A04_overlay_07_16x8_x128_y40.png	918	c70cf2706915b3fe3ff37329a6c4dd270ae9b0937e367fbe6a376fac62f8c56d	.png	current reconstructed output; see documentation for confidence and remaining caveats
reconstructed_current/scenes/A04/overlays/A04_overlay_07_16x8_x128_y40_2x.png	961	f36a6e16f3da18619ed8cb55a78fbc55be12ecab9c3b0589c75e3b377dd4212a	.png	current reconstructed output; see documentation for confidence and remaining caveats
reconstructed_current/scenes/A04/overlays/A04_overlay_08_32x7_x0_y46.png	965	ee4402a4e32981e7fcc9b5bf4a14fa3138aac74605e64d6296e64e2e8ba43ad8	.png	current reconstructed output; see documentation for confidence and remaining caveats
reconstructed_current/scenes/A04/overlays/A04_overlay_08_32x7_x0_y46_2x.png	1032	da7dd0a1dadde9d7a08113ffd8f95c1c3cb0e4744b6ef74498c3ea9be92c8c21	.png	current reconstructed output; see documentation for confidence and remaining caveats
reconstructed_current/scenes/A04/overlays/A04_overlay_09_32x13_x0_y42.png	1046	ae1d0ce2cb7ec39515da9194a3eab293856c04d195e97401a8a670f99d8d0b86	.png	current reconstructed output; see documentation for confidence and remaining caveats
reconstructed_current/scenes/A04/overlays/A04_overlay_09_32x13_x0_y42_2x.png	1142	1a21f29f7624980d8cb4450e0acf45f7a97c47b358458ae7ea856c9e1f4f3691	.png	current reconstructed output; see documentation for confidence and remaining caveats
reconstructed_current/scenes/A04/overlays/A04_overlay_10_32x8_x0_y45.png	975	7ac3372be3dfb816229db6199084f14a1e95398d00d4c8b69189eb8590c58cdb	.png	current reconstructed output; see documentation for confidence and remaining caveats
reconstructed_current/scenes/A04/overlays/A04_overlay_10_32x8_x0_y45_2x.png	1042	daabd3e7a6b0567b781156ff8f3fbedbbe0fbb62a1393b037c36247f7366a72c	.png	current reconstructed output; see documentation for confidence and remaining caveats
reconstructed_current/scenes/A04/overlays/A04_overlay_11_32x20_x32_y67.png	1087	a9dd186e3de9c647a13d126436a23f5dce9dfce0c720f4be0022144e8cb78bf8	.png	current reconstructed output; see documentation for confidence and remaining caveats
reconstructed_current/scenes/A04/overlays/A04_overlay_11_32x20_x32_y67_2x.png	1190	20a93ab10a290dc92aa932be244bb0ef0a22ab792e30b02ee9903adbf75df642	.png	current reconstructed output; see documentation for confidence and remaining caveats
reconstructed_current/scenes/A04/overlays/A04_overlay_12_32x20_x32_y67.png	1088	ae3e29210f03a479819c4f9b8d79a25221abd877f0825418f24e3c1d2bf7b020	.png	current reconstructed output; see documentation for confidence and remaining caveats
reconstructed_current/scenes/A04/overlays/A04_overlay_12_32x20_x32_y67_2x.png	1196	f67db656ef7d3b637efb3613c228a251009504db82ab5012f0f17fb3cee168d7	.png	current reconstructed output; see documentation for confidence and remaining caveats
reconstructed_current/scenes/A04/overlays/A04_overlay_13_32x20_x32_y67.png	1084	40f9ae3e93721be426f1fb9d7fb16e7833784da38e06d5e1626b26cd3fd5f835	.png	current reconstructed output; see documentation for confidence and remaining caveats
reconstructed_current/scenes/A04/overlays/A04_overlay_13_32x20_x32_y67_2x.png	1189	e0fafc7861f3b4606fadc15065fc4f83675e963179315a6ee2c3ad5a8c4ba7dd	.png	current reconstructed output; see documentation for confidence and remaining caveats
reconstructed_current/scenes/A04/overlays/A04_overlay_14_32x20_x32_y67.png	1087	9ffea9f7aed9b22c6217746dd0e674c1b5d277da2ac170b4af2a70e212d16fb7	.png	current reconstructed output; see documentation for confidence and remaining caveats
reconstructed_current/scenes/A04/overlays/A04_overlay_14_32x20_x32_y67_2x.png	1192	f1e0f604a262da7f4990548cefc08fe7f1bb3b7056b3aef02491d1a6dd1e0f89	.png	current reconstructed output; see documentation for confidence and remaining caveats
reconstructed_current/scenes/A04/overlays.tsv	625	a39be5eb909de07966415a7ba1f89ea9ea1d9d5db9bfedfd14f85c3df09623ee	.tsv	current reconstructed output; see documentation for confidence and remaining caveats
reconstructed_current/scenes/A05/A05_base.png	4002	66f30ed68196bcca6c63adc6c55ae3b41cd563aa051aa346677ca0f538c17390	.png	current reconstructed output; see documentation for confidence and remaining caveats
reconstructed_current/scenes/A05/A05_base_2x.png	5182	7d9d4ed81bd71eab74016628fcb82c5614c7c0a4287f64b9326f5702dd830245	.png	current reconstructed output; see documentation for confidence and remaining caveats
reconstructed_current/scenes/A05/animation_sequences.tsv	905	003e8faf9333b314662ac51f42ac8fc20b26f4909bb9afd755a76b475b99d0be	.tsv	current reconstructed output; see documentation for confidence and remaining caveats
reconstructed_current/scenes/A05/composites/A05_overlay_01_composite.png	3983	4b2defa6d7516d5b50893247824af34d18950d2c7b12c6a9e70823201871df3b	.png	current reconstructed output; see documentation for confidence and remaining caveats
reconstructed_current/scenes/A05/composites/A05_overlay_01_composite_2x.png	5156	0751714714e9ca1b0cab9f8cdb4677952793e0960393365261e6199b522aeb43	.png	current reconstructed output; see documentation for confidence and remaining caveats
reconstructed_current/scenes/A05/composites/A05_overlay_02_composite.png	3986	714a3c8e25d76c51945fc4b1941ce142e76cc2dca702ad50685f0272607805f6	.png	current reconstructed output; see documentation for confidence and remaining caveats
reconstructed_current/scenes/A05/composites/A05_overlay_02_composite_2x.png	5162	0f1fad99c0ba0e5dc9755e3e6fb35d286a2bc7b4ab521a03f77350ad8de77b09	.png	current reconstructed output; see documentation for confidence and remaining caveats
reconstructed_current/scenes/A05/composites/A05_overlay_03_composite.png	3994	2302be361d9a2393b5a051ed260c133641c0c90e6841e2f416c7e133388302b6	.png	current reconstructed output; see documentation for confidence and remaining caveats
reconstructed_current/scenes/A05/composites/A05_overlay_03_composite_2x.png	5182	3a1011082946b8d37242da9c16a48a44167fe37996686b2e562fc1f63b203d69	.png	current reconstructed output; see documentation for confidence and remaining caveats
reconstructed_current/scenes/A05/composites/A05_overlay_04_composite.png	4015	9c57de80c0883c3079f324554a456c1d9c0264ac7ed4d992687e3318e8796602	.png	current reconstructed output; see documentation for confidence and remaining caveats
reconstructed_current/scenes/A05/composites/A05_overlay_04_composite_2x.png	5200	5257423188dd588b448e71c39218d0d17b92f72bdfe1987560808f0d45c8755e	.png	current reconstructed output; see documentation for confidence and remaining caveats
reconstructed_current/scenes/A05/composites/A05_overlay_05_composite.png	4022	ffac1586838b0770189924e0019447dcffd40229341c384723660882bc5e0a64	.png	current reconstructed output; see documentation for confidence and remaining caveats
reconstructed_current/scenes/A05/composites/A05_overlay_05_composite_2x.png	5211	bc7764bae2d3c116b2c5b3721ab3cf091fe2bbe5a6094d862ecdd80b86908abd	.png	current reconstructed output; see documentation for confidence and remaining caveats
reconstructed_current/scenes/A05/composites/A05_overlay_06_composite.png	4030	2db8ccb17fdb6909638b6b49e1e0f1a96c42448d4bc536cd762af8c5b74ecf5d	.png	current reconstructed output; see documentation for confidence and remaining caveats
reconstructed_current/scenes/A05/composites/A05_overlay_06_composite_2x.png	5218	713db80263965340e8b1a8fe653fff6813212078d7160d7db0e779118cd677e6	.png	current reconstructed output; see documentation for confidence and remaining caveats
reconstructed_current/scenes/A05/composites/A05_overlay_07_composite.png	4034	12b5019e5c4fcfcfd43e02ebc4908330555e193a4bafa750ab20105e51a69dfb	.png	current reconstructed output; see documentation for confidence and remaining caveats
reconstructed_current/scenes/A05/composites/A05_overlay_07_composite_2x.png	5219	92a5103d04f155e445a0223e079e8c4c6777810a6cfd8ac7bc9f551e1f1717de	.png	current reconstructed output; see documentation for confidence and remaining caveats
reconstructed_current/scenes/A05/composites/A05_overlay_08_composite.png	4028	ed5c2e53b69e37562084a31bd46f1fe73c0b22ffa6e23361af36ee1321d9589e	.png	current reconstructed output; see documentation for confidence and remaining caveats
reconstructed_current/scenes/A05/composites/A05_overlay_08_composite_2x.png	5210	f0dbeca405afd1d221d8b170b2fe8e4126fafaee8485dc1a1246eae679790cb7	.png	current reconstructed output; see documentation for confidence and remaining caveats
reconstructed_current/scenes/A05/composites/A05_overlay_09_composite.png	4002	0100d6ca0209fe5a25ea2754138209372a597195828381d122680728facd18fb	.png	current reconstructed output; see documentation for confidence and remaining caveats
reconstructed_current/scenes/A05/composites/A05_overlay_09_composite_2x.png	5185	f4ad075bd19fa58b290999774c06494ab30df9010270b4e7280b3ed7ca45fce4	.png	current reconstructed output; see documentation for confidence and remaining caveats
reconstructed_current/scenes/A05/composites/A05_overlay_10_composite.png	4001	7545c246666dbafb3cf2ce7c58b2297bd1a0bf88d6eded3dc4ed179b5d5b1b61	.png	current reconstructed output; see documentation for confidence and remaining caveats
reconstructed_current/scenes/A05/composites/A05_overlay_10_composite_2x.png	5192	fded75e295e28f445cda89b0282ef8269cbc6b69678b111443ebc1f26cc7e38b	.png	current reconstructed output; see documentation for confidence and remaining caveats
reconstructed_current/scenes/A05/composites/A05_overlay_11_composite.png	4001	11bc45a5bed427d62489574abca82cd306ca7ba7a9aafe5713fdb1a6685272bc	.png	current reconstructed output; see documentation for confidence and remaining caveats
reconstructed_current/scenes/A05/composites/A05_overlay_11_composite_2x.png	5185	d8c1d47e66840dfd3ea6652f43c915c2612f551024ccb8b17029d9ff3bf949f9	.png	current reconstructed output; see documentation for confidence and remaining caveats
reconstructed_current/scenes/A05/composites/A05_overlay_12_composite.png	4001	60659a31cd87be62e24652d846ccae8cf2b3e4b13d892d0d87fff90923e9bfde	.png	current reconstructed output; see documentation for confidence and remaining caveats
reconstructed_current/scenes/A05/composites/A05_overlay_12_composite_2x.png	5186	07e9863555fbd0f3f10148b3197e35bfdcf5c3fcacc34a2050a2f76d1b6a25a8	.png	current reconstructed output; see documentation for confidence and remaining caveats
reconstructed_current/scenes/A05/composites/A05_overlay_13_composite.png	4004	d294afb92b7471a5879b8fa92bbe3a17a4ffebbb0786ea8e3a71cfcccae9968c	.png	current reconstructed output; see documentation for confidence and remaining caveats
reconstructed_current/scenes/A05/composites/A05_overlay_13_composite_2x.png	5181	ee4522c4f87661ee66b1db06d5a8e96c4998e7aa89b6ab8887a7c360b4d6e68a	.png	current reconstructed output; see documentation for confidence and remaining caveats
reconstructed_current/scenes/A05/composites/A05_overlay_14_composite.png	4005	22e9266f17e2363f47a1e51fddb790288a6c6efe06efc94488b4ae8e6ecbd1f5	.png	current reconstructed output; see documentation for confidence and remaining caveats
reconstructed_current/scenes/A05/composites/A05_overlay_14_composite_2x.png	5187	c55628a1786d3014ee46bf0100bba119c860f76078f244d4c726405c1d28319c	.png	current reconstructed output; see documentation for confidence and remaining caveats
reconstructed_current/scenes/A05/composites/A05_overlay_15_composite.png	4003	6ba67f31eb02581542179b92bef9356fc216454626ef620c42049a42996d425d	.png	current reconstructed output; see documentation for confidence and remaining caveats
reconstructed_current/scenes/A05/composites/A05_overlay_15_composite_2x.png	5184	be0be512bd5de91a3bc1dd81c32312333c3842a50b0014f4cd3815a0c5f2b005	.png	current reconstructed output; see documentation for confidence and remaining caveats
reconstructed_current/scenes/A05/composites/A05_overlay_16_composite.png	4005	a49bf536a3b63f77f1074e21bde01662bcd35415689032537286a657fb42a037	.png	current reconstructed output; see documentation for confidence and remaining caveats
reconstructed_current/scenes/A05/composites/A05_overlay_16_composite_2x.png	5184	a16036d33883b738ef73e04516ff55d057b027a051be20890e36ff115dde12a0	.png	current reconstructed output; see documentation for confidence and remaining caveats
reconstructed_current/scenes/A05/composites/A05_overlay_17_composite.png	4013	d915921cfbc09e74be57ed20e5101008469699f50640bd6c4a32e3fd3cce51e4	.png	current reconstructed output; see documentation for confidence and remaining caveats
reconstructed_current/scenes/A05/composites/A05_overlay_17_composite_2x.png	5197	01232db1f445428c05c8b134d9774c180fe34610012e5f90c6c81844bf16e30b	.png	current reconstructed output; see documentation for confidence and remaining caveats
reconstructed_current/scenes/A05/composites/A05_overlay_18_composite.png	4004	ef5fd73d20cbf607add0921444470626525114be62cf456b3c2889db2f7cab58	.png	current reconstructed output; see documentation for confidence and remaining caveats
reconstructed_current/scenes/A05/composites/A05_overlay_18_composite_2x.png	5185	980d101b86c141eccfcd48c5b2552154c46dc6ac5064980b3abae9704e5e2648	.png	current reconstructed output; see documentation for confidence and remaining caveats
reconstructed_current/scenes/A05/composites/A05_overlay_19_composite.png	4006	7f5c2f21680afef5898dc0bb4968227722b3d37b1442ba261a3c0ad84d71597d	.png	current reconstructed output; see documentation for confidence and remaining caveats
reconstructed_current/scenes/A05/composites/A05_overlay_19_composite_2x.png	5185	a03c77189e23b9144c72f2ace79b42034146e845c193ac6451b386f620f74c86	.png	current reconstructed output; see documentation for confidence and remaining caveats
reconstructed_current/scenes/A05/composites/A05_overlay_20_composite.png	4003	a12ef791d6d7d5242b1fa91ddfbcfefef450f104b194414875231c5b9975233e	.png	current reconstructed output; see documentation for confidence and remaining caveats
reconstructed_current/scenes/A05/composites/A05_overlay_20_composite_2x.png	5186	ac0f08a6d2e83d8d38626be19bf31ddb0589add47b0ce40dfe9ab4e66ccd12e0	.png	current reconstructed output; see documentation for confidence and remaining caveats
reconstructed_current/scenes/A05/composites/A05_overlay_21_composite.png	4004	803db27a84dd7e6aa5e27bdc2535b051576e0faad77aecaa6cd101b64d91c1ec	.png	current reconstructed output; see documentation for confidence and remaining caveats
reconstructed_current/scenes/A05/composites/A05_overlay_21_composite_2x.png	5184	7158cbf588c5794ffe8ec8f377663591b1099fc08f28cad0ecfdcff1a8ab0bee	.png	current reconstructed output; see documentation for confidence and remaining caveats
reconstructed_current/scenes/A05/composites/A05_overlay_22_composite.png	4009	c43333493a6d3888d108deb783185ddd821d20edaf2fc87d5ac6cc8094bcc66f	.png	current reconstructed output; see documentation for confidence and remaining caveats
reconstructed_current/scenes/A05/composites/A05_overlay_22_composite_2x.png	5189	c0e43cdd44e830919572ecb21f4a4b244c87d76d77d5d809beefcf648680ab73	.png	current reconstructed output; see documentation for confidence and remaining caveats
reconstructed_current/scenes/A05/composites/A05_overlay_23_composite.png	4008	78cfd6127efd6b96bc1b42546a2c5ca5b78e19a2254e88a1413ac71bb4e0942a	.png	current reconstructed output; see documentation for confidence and remaining caveats
reconstructed_current/scenes/A05/composites/A05_overlay_23_composite_2x.png	5192	e99596626f6670956556fe22a2a4bd708c35a94d54da1b3883c454a6a73a8815	.png	current reconstructed output; see documentation for confidence and remaining caveats
reconstructed_current/scenes/A05/overlays/A05_overlay_01_32x12_x64_y64.png	981	22fc994d973d714ba32afd806805e0a4880c75935ce0159e0f53379c1df06439	.png	current reconstructed output; see documentation for confidence and remaining caveats
reconstructed_current/scenes/A05/overlays/A05_overlay_01_32x12_x64_y64_2x.png	1040	9977ea4d056a3532f593d1b3e40bb5fb2c0ee99e5fd9c694e4fcb6f99a0e438f	.png	current reconstructed output; see documentation for confidence and remaining caveats
reconstructed_current/scenes/A05/overlays/A05_overlay_02_32x12_x64_y64.png	984	68f525861001cfeec53c7fbf32499b166a70be7a37019b356e258e661593880e	.png	current reconstructed output; see documentation for confidence and remaining caveats
reconstructed_current/scenes/A05/overlays/A05_overlay_02_32x12_x64_y64_2x.png	1044	40b4483e49a0aa475192f5432bdc5bd6a675f80eba923a9f95864651341c6514	.png	current reconstructed output; see documentation for confidence and remaining caveats
reconstructed_current/scenes/A05/overlays/A05_overlay_03_32x12_x64_y64.png	991	99b1570e32a1b1feff881ce22a84f61c1eb16d33e43092f5dfa5087c5146b335	.png	current reconstructed output; see documentation for confidence and remaining caveats
reconstructed_current/scenes/A05/overlays/A05_overlay_03_32x12_x64_y64_2x.png	1058	dfa88bdc25e271f8b7179f9cd83dd2370884fdcc7401b57645d963d29ef939b1	.png	current reconstructed output; see documentation for confidence and remaining caveats
reconstructed_current/scenes/A05/overlays/A05_overlay_04_32x5_x64_y53.png	926	e27810a154d476c24f0f1f95d69bb3f22c2b1ed6df8dea723bf48a9ff211a3ab	.png	current reconstructed output; see documentation for confidence and remaining caveats
reconstructed_current/scenes/A05/overlays/A05_overlay_04_32x5_x64_y53_2x.png	975	5013553693b4600bbe769ae776842fbb6c617a6672c13f530ed816c30f3a44a1	.png	current reconstructed output; see documentation for confidence and remaining caveats
reconstructed_current/scenes/A05/overlays/A05_overlay_05_32x7_x64_y52.png	952	6a57d483a1edbafc5890f8a353ad52ded053a79aa1053484288cd825d7e01f5b	.png	current reconstructed output; see documentation for confidence and remaining caveats
reconstructed_current/scenes/A05/overlays/A05_overlay_05_32x7_x64_y52_2x.png	1009	93f9b8a0ffa312314a9bf8a1684d8e468608369cad4048e5f8600d8238a83d26	.png	current reconstructed output; see documentation for confidence and remaining caveats
reconstructed_current/scenes/A05/overlays/A05_overlay_06_32x7_x64_y52.png	956	0c2819fa8fc2cdb929b0f501e63b5bbeb8306ff54262a96b2f4bad662b69ba41	.png	current reconstructed output; see documentation for confidence and remaining caveats
reconstructed_current/scenes/A05/overlays/A05_overlay_06_32x7_x64_y52_2x.png	1011	d565ec299f4eec498bc825c277b744c70a7eeb58c7fa0367b09cd16630688f6b	.png	current reconstructed output; see documentation for confidence and remaining caveats
reconstructed_current/scenes/A05/overlays/A05_overlay_07_32x8_x64_y51.png	968	cd4e3732872f8865c2ac3a0f6190b11b19a7d1e0e72644994b7a706fb0600425	.png	current reconstructed output; see documentation for confidence and remaining caveats
reconstructed_current/scenes/A05/overlays/A05_overlay_07_32x8_x64_y51_2x.png	1037	5444bd60db1c3c6c33318fefb905627a707ade094673095ef19ab9adc1e29364	.png	current reconstructed output; see documentation for confidence and remaining caveats
reconstructed_current/scenes/A05/overlays/A05_overlay_08_32x6_x64_y53.png	942	a024948a504028b12bb1ca0cd50f6af42865ed1ff8224aef2fd40609983a67f3	.png	current reconstructed output; see documentation for confidence and remaining caveats
reconstructed_current/scenes/A05/overlays/A05_overlay_08_32x6_x64_y53_2x.png	998	e5340a1a62ea7b2569e1aee68b4faa61d0ea006d0802ee0af40963f37876dde3	.png	current reconstructed output; see documentation for confidence and remaining caveats
reconstructed_current/scenes/A05/overlays/A05_overlay_09_16x3_x64_y4.png	880	f19a17ebf4ae823b2629b0962c06fd738dce8498a034dab35cc1986e4a90d094	.png	current reconstructed output; see documentation for confidence and remaining caveats
reconstructed_current/scenes/A05/overlays/A05_overlay_09_16x3_x64_y4_2x.png	897	17d0a1304aa17f8bdc02ba561c74fd3113b3686ca012841a006b41c6ee1bcc82	.png	current reconstructed output; see documentation for confidence and remaining caveats
reconstructed_current/scenes/A05/overlays/A05_overlay_10_16x5_x64_y3.png	891	eb302a0e74e48fe88e9cf4dbce90f44f22759510f57ea9da92a33ddb34c7c030	.png	current reconstructed output; see documentation for confidence and remaining caveats
reconstructed_current/scenes/A05/overlays/A05_overlay_10_16x5_x64_y3_2x.png	916	ff8107287b78d7a65fabe35ebe5498d3bceed3c87cd2cbb07620f06a546173c5	.png	current reconstructed output; see documentation for confidence and remaining caveats
reconstructed_current/scenes/A05/overlays/A05_overlay_11_16x3_x80_y4.png	880	03e89c5561e7a5f5624ec38725a77427e75166424dcc73af33d028dc78d92843	.png	current reconstructed output; see documentation for confidence and remaining caveats
reconstructed_current/scenes/A05/overlays/A05_overlay_11_16x3_x80_y4_2x.png	898	49683042282326bfe2449227744b25d324faf7fedabb548c181a78b9623abaab	.png	current reconstructed output; see documentation for confidence and remaining caveats
reconstructed_current/scenes/A05/overlays/A05_overlay_12_16x4_x80_y3.png	886	3d69a3de0e59412e735244aa33a447fcc3d3a8e0404e7e397e55a357cfc1c3cf	.png	current reconstructed output; see documentation for confidence and remaining caveats
reconstructed_current/scenes/A05/overlays/A05_overlay_12_16x4_x80_y3_2x.png	909	3a75a5737e3b7a0f20c5e6a9e20197357e282d562fd7980a33276df428ed3d86	.png	current reconstructed output; see documentation for confidence and remaining caveats
reconstructed_current/scenes/A05/overlays/A05_overlay_13_16x1_x112_y52.png	857	c5adbac44b5daa80674faed07816662864f8126bb97c43b4b8e36e4a2fb929da	.png	current reconstructed output; see documentation for confidence and remaining caveats
reconstructed_current/scenes/A05/overlays/A05_overlay_13_16x1_x112_y52_2x.png	863	95da5dad26c64c6789bbb8c9931221049fed176b054044cccd7d7595bcc0acb7	.png	current reconstructed output; see documentation for confidence and remaining caveats
reconstructed_current/scenes/A05/overlays/A05_overlay_14_16x1_x112_y52.png	859	53ca4f5bc030d11ff8ada6fb762b5d93f1229bb5532bf6e725177ea76af17d64	.png	current reconstructed output; see documentation for confidence and remaining caveats
reconstructed_current/scenes/A05/overlays/A05_overlay_14_16x1_x112_y52_2x.png	865	0d81cdebc2393cc0b5780176f08856bf792cf2d6e248ad6ff9a835b1488f8986	.png	current reconstructed output; see documentation for confidence and remaining caveats
reconstructed_current/scenes/A05/overlays/A05_overlay_15_16x3_x48_y43.png	881	9decab0f809895998cf2579feb50ad1dc1765053c18167ba5655e79e3d75ff15	.png	current reconstructed output; see documentation for confidence and remaining caveats
reconstructed_current/scenes/A05/overlays/A05_overlay_15_16x3_x48_y43_2x.png	897	9a2121d810a9eb79392f86a3c6f07acd878f1cf1f80f769210fcef01babc8acc	.png	current reconstructed output; see documentation for confidence and remaining caveats
reconstructed_current/scenes/A05/overlays/A05_overlay_16_16x5_x48_y42.png	897	f78c3a235660430cd17c91c4927c875d8fb8aa5ed0f1f37b153a31d3191cde4d	.png	current reconstructed output; see documentation for confidence and remaining caveats
reconstructed_current/scenes/A05/overlays/A05_overlay_16_16x5_x48_y42_2x.png	920	b1af7d2ce54935bcd3f3f1a0dd90795a969705b861ff67df1ae4c8a35b58dcbe	.png	current reconstructed output; see documentation for confidence and remaining caveats
reconstructed_current/scenes/A05/overlays/A05_overlay_17_16x8_x48_y40.png	914	ab5e797c83cc37d02f626989efc93fd8e465badc1cc73fbc0fdefdd4acd0bb45	.png	current reconstructed output; see documentation for confidence and remaining caveats
reconstructed_current/scenes/A05/overlays/A05_overlay_17_16x8_x48_y40_2x.png	957	b207439c46e93a937c63c9602e6c5402b084723396888683fe18794be2fd3a5d	.png	current reconstructed output; see documentation for confidence and remaining caveats
reconstructed_current/scenes/A05/overlays/A05_overlay_18_16x1_x80_y19.png	860	241b3f165c5907d02b9382673a22bb33c729114949f99cf2cacdb81818c1b39c	.png	current reconstructed output; see documentation for confidence and remaining caveats
reconstructed_current/scenes/A05/overlays/A05_overlay_18_16x1_x80_y19_2x.png	865	e18d83ae4cba8efc845068a399938158fdf12f3b7a2774a8be8d0008ff77e39f	.png	current reconstructed output; see documentation for confidence and remaining caveats
reconstructed_current/scenes/A05/overlays/A05_overlay_19_16x7_x80_y16.png	898	cda7691ef457370525670d2f4844def67485bdd8fc15e21a29fc12ff5b0677e8	.png	current reconstructed output; see documentation for confidence and remaining caveats
reconstructed_current/scenes/A05/overlays/A05_overlay_19_16x7_x80_y16_2x.png	926	b516c7feae73fc206a08bd033773838aad6999b6fb879153c6ed7b75434d52ba	.png	current reconstructed output; see documentation for confidence and remaining caveats
reconstructed_current/scenes/A05/overlays/A05_overlay_20_16x7_x80_y16.png	897	6b45fab2812871c9d04c3087453e5b94cc07791b16a2ef573bca0d7191a93bfa	.png	current reconstructed output; see documentation for confidence and remaining caveats
reconstructed_current/scenes/A05/overlays/A05_overlay_20_16x7_x80_y16_2x.png	920	caa1426f9bfb5e3b9ed62757f90afd8c21732e64346f6536a009a7db2b477129	.png	current reconstructed output; see documentation for confidence and remaining caveats
reconstructed_current/scenes/A05/overlays/A05_overlay_21_16x1_x96_y59.png	862	ad6297d4a44f2f3df7fc4565f7bcb2a1f4b2acfe8cf7803523b9fa49c79f632e	.png	current reconstructed output; see documentation for confidence and remaining caveats
reconstructed_current/scenes/A05/overlays/A05_overlay_21_16x1_x96_y59_2x.png	872	43c9513b9ca32fc4b792ca0521560aeed65cf5b4ad93ca608f20495a9241ed22	.png	current reconstructed output; see documentation for confidence and remaining caveats
reconstructed_current/scenes/A05/overlays/A05_overlay_22_16x6_x96_y56.png	894	82ae7dc6103916748d5e8d750bd4ffbd3ae47bba7321f450e40eb4e557a639d0	.png	current reconstructed output; see documentation for confidence and remaining caveats
reconstructed_current/scenes/A05/overlays/A05_overlay_22_16x6_x96_y56_2x.png	921	4e18d20286307a0a6766c762fb543aaaae961f8b8f7f5a049e14ffd521927340	.png	current reconstructed output; see documentation for confidence and remaining caveats
reconstructed_current/scenes/A05/overlays/A05_overlay_23_16x6_x96_y56.png	897	5111bc75e5de75d69eca8ab31a10e79def531b1fc9715af768ca7307574a9996	.png	current reconstructed output; see documentation for confidence and remaining caveats
reconstructed_current/scenes/A05/overlays/A05_overlay_23_16x6_x96_y56_2x.png	925	f48a38d61ed9a14ee029b281f3a46c58aad6a76a09e304019bd575eb68a9336c	.png	current reconstructed output; see documentation for confidence and remaining caveats
reconstructed_current/scenes/A05/overlays.tsv	943	8a29a5b40112e7490e7fef2b4bd249a9c70208acb6b72d3ff59f2c78bc735952	.tsv	current reconstructed output; see documentation for confidence and remaining caveats
reconstructed_current/scenes/A06/A06_base.png	4834	bd5a9faf140cc52d08ba059a3e8d39cc477b74678420333bd5507c1b426ca0a9	.png	current reconstructed output; see documentation for confidence and remaining caveats
reconstructed_current/scenes/A06/A06_base_2x.png	5934	ed76071b417315b9376560c1ba1b0fabe70811cc354f56f5a01fc59fbb9d69a6	.png	current reconstructed output; see documentation for confidence and remaining caveats
reconstructed_current/scenes/A06/animation_sequences.tsv	1010	a1960513d7d015217ff8fe4bc98e72508696a5ae18c22dbcc9ffff10c09c678c	.tsv	current reconstructed output; see documentation for confidence and remaining caveats
reconstructed_current/scenes/A06/composites/A06_overlay_01_composite.png	4851	a6ea7f0037456da57a457997bbca5be9f3ad05e22514b190c4d24230fbd43f65	.png	current reconstructed output; see documentation for confidence and remaining caveats
reconstructed_current/scenes/A06/composites/A06_overlay_01_composite_2x.png	5961	0d1b5ff3f04b9b775235ac6228c39c0d96b33d1225159085731cc8810f64f160	.png	current reconstructed output; see documentation for confidence and remaining caveats
reconstructed_current/scenes/A06/composites/A06_overlay_02_composite.png	4858	804962d0c413ab74750bdce95fb7e0a37e2a4b8a94689f4285be897c8797f68c	.png	current reconstructed output; see documentation for confidence and remaining caveats
reconstructed_current/scenes/A06/composites/A06_overlay_02_composite_2x.png	5962	8a3c0c32899a9789b4d181773750adb7944f741a0897424ca38376aee8750f24	.png	current reconstructed output; see documentation for confidence and remaining caveats
reconstructed_current/scenes/A06/composites/A06_overlay_03_composite.png	4844	eb28ee56d016b727c4e14b8bf9a6bb44ec65f8ba3e09fb15a7272a45d8903959	.png	current reconstructed output; see documentation for confidence and remaining caveats
reconstructed_current/scenes/A06/composites/A06_overlay_03_composite_2x.png	5949	3040a9e0f73378ab8a54e30c05aa8887636356144f14935b94bde1748986f80c	.png	current reconstructed output; see documentation for confidence and remaining caveats
reconstructed_current/scenes/A06/composites/A06_overlay_04_composite.png	4850	881bed19aaef2f7586b07123a82e4a2c8decb43d4122044b437c30ba3fa2ca6c	.png	current reconstructed output; see documentation for confidence and remaining caveats
reconstructed_current/scenes/A06/composites/A06_overlay_04_composite_2x.png	5954	1ffd8a17594b79c286978b0643676a37472a4e461bfa756f5e3f613625165dff	.png	current reconstructed output; see documentation for confidence and remaining caveats
reconstructed_current/scenes/A06/composites/A06_overlay_05_composite.png	4842	68475f225492763e01fe653a51174da91f9ef3510ed48a2e9e194218c1bb7f35	.png	current reconstructed output; see documentation for confidence and remaining caveats
reconstructed_current/scenes/A06/composites/A06_overlay_05_composite_2x.png	5946	1a66ed4f1e8e5642fafe87c15a564247fed58ba0fc180355b3dea78cec01d064	.png	current reconstructed output; see documentation for confidence and remaining caveats
reconstructed_current/scenes/A06/composites/A06_overlay_06_composite.png	4841	8bff34fd4ef31c867b200034a8b91301910fb87b5755288447c589c699d61ba0	.png	current reconstructed output; see documentation for confidence and remaining caveats
reconstructed_current/scenes/A06/composites/A06_overlay_06_composite_2x.png	5955	6596a3d34ade2e9470a7070cbda5e3654b80ccf164d776c60a7d4c3ce21de7d2	.png	current reconstructed output; see documentation for confidence and remaining caveats
reconstructed_current/scenes/A06/composites/A06_overlay_07_composite.png	4844	d9cec488a4cb676f82fa39bd4419b019688940ba1dcc4704f7a6d39751dadd78	.png	current reconstructed output; see documentation for confidence and remaining caveats
reconstructed_current/scenes/A06/composites/A06_overlay_07_composite_2x.png	5954	8310040730b7ed698e8ffbc5855736510ccc7d8b220c404c5da82d6cf9f0695a	.png	current reconstructed output; see documentation for confidence and remaining caveats
reconstructed_current/scenes/A06/composites/A06_overlay_08_composite.png	4846	1939989127189424fb0eb3959a0c8163886f4ab61176bbb125e7579186fe7189	.png	current reconstructed output; see documentation for confidence and remaining caveats
reconstructed_current/scenes/A06/composites/A06_overlay_08_composite_2x.png	5956	e98201e8900a365d6f67cc6a4c6f36d0375641c4ac343cd8cfa486d9d1a42833	.png	current reconstructed output; see documentation for confidence and remaining caveats
reconstructed_current/scenes/A06/composites/A06_overlay_09_composite.png	4841	d8a976d5af055721c008deaeb59dd6875b000012f807e11dfef894cfc0f90da4	.png	current reconstructed output; see documentation for confidence and remaining caveats
reconstructed_current/scenes/A06/composites/A06_overlay_09_composite_2x.png	5952	480f52801cf5a019bd0b238a729274faf2842d0e57f55f5365bde131c26675a6	.png	current reconstructed output; see documentation for confidence and remaining caveats
reconstructed_current/scenes/A06/composites/A06_overlay_10_composite.png	4844	2de18e190bd9f52c94cb74bc32128a8897d35e261cffd540cc80979c2a7fd85b	.png	current reconstructed output; see documentation for confidence and remaining caveats
reconstructed_current/scenes/A06/composites/A06_overlay_10_composite_2x.png	5955	524a77d35f16c5abe55036e9127196c0dc83106054793e109ef619a88a6dc01c	.png	current reconstructed output; see documentation for confidence and remaining caveats
reconstructed_current/scenes/A06/composites/A06_overlay_11_composite.png	4851	f73609f4ae28f838a27058bf911b52d607c1836b361ed2a7a232cea69667eb2c	.png	current reconstructed output; see documentation for confidence and remaining caveats
reconstructed_current/scenes/A06/composites/A06_overlay_11_composite_2x.png	5948	59e4d7b68a14f54c80da7a2a76f1f19c2f66b896d5b86d7c20584d04596c96aa	.png	current reconstructed output; see documentation for confidence and remaining caveats
reconstructed_current/scenes/A06/composites/A06_overlay_12_composite.png	4859	752dbea78be3af370f0015062eb69bc49443a711eaa854e6c5a09952978e44c7	.png	current reconstructed output; see documentation for confidence and remaining caveats
reconstructed_current/scenes/A06/composites/A06_overlay_12_composite_2x.png	5961	0741535ddc341c7d7cce5a7b0ee56b17e10f5f3b387910a35b88b935646d3509	.png	current reconstructed output; see documentation for confidence and remaining caveats
reconstructed_current/scenes/A06/composites/A06_overlay_13_composite.png	4854	fd545f4b994c28dc1f76c7563652d8d1c6bcb6061e6af3bfeebaa3be47e926a7	.png	current reconstructed output; see documentation for confidence and remaining caveats
reconstructed_current/scenes/A06/composites/A06_overlay_13_composite_2x.png	5958	f696391a8ed0711e32b9fc55270d95e8386e89616ac63068ce5c1949fb90c378	.png	current reconstructed output; see documentation for confidence and remaining caveats
reconstructed_current/scenes/A06/composites/A06_overlay_14_composite.png	4855	74e13205501b5b746dd1a4a735b61efa0b88f435985874fd25574d67a29260d9	.png	current reconstructed output; see documentation for confidence and remaining caveats
reconstructed_current/scenes/A06/composites/A06_overlay_14_composite_2x.png	5955	acb033deef3bc4e2fa8304aa37c08178ce7173da037f4e9d1cba4f6e7bd371fe	.png	current reconstructed output; see documentation for confidence and remaining caveats
reconstructed_current/scenes/A06/composites/A06_overlay_15_composite.png	4847	b17a4bccb22ec04b95f8ac076fe82398d0c354cc5b6073c62c620affa682a65e	.png	current reconstructed output; see documentation for confidence and remaining caveats
reconstructed_current/scenes/A06/composites/A06_overlay_15_composite_2x.png	5957	26679a5862303f7dc81c85469e5c31a027a959f950bb3302702ec0600fd300a7	.png	current reconstructed output; see documentation for confidence and remaining caveats
reconstructed_current/scenes/A06/composites/A06_overlay_16_composite.png	4847	d8b641779863ab2ccb611fcfaaac8a71fe9450d97ee3c683886e7d734cae8040	.png	current reconstructed output; see documentation for confidence and remaining caveats
reconstructed_current/scenes/A06/composites/A06_overlay_16_composite_2x.png	5955	5d1a77a05d5fb5d707ee72f07d48f2303300fe82bc7aa1e0daace173ced947c9	.png	current reconstructed output; see documentation for confidence and remaining caveats
reconstructed_current/scenes/A06/composites/A06_overlay_17_composite.png	4850	0395e81b9052bcd8f2ae45bf64fc88ae261113d86defe6d53dee54e5f34c9e22	.png	current reconstructed output; see documentation for confidence and remaining caveats
reconstructed_current/scenes/A06/composites/A06_overlay_17_composite_2x.png	5957	4c2617a9dbb291a4a132180b062529d8a1dedd23e9ce7d803e84b26a7c0e0b02	.png	current reconstructed output; see documentation for confidence and remaining caveats
reconstructed_current/scenes/A06/composites/A06_overlay_18_composite.png	4845	7947bd8d238947db379938994f86fd30b7d8e45de194b54b042b6fc0355ff0db	.png	current reconstructed output; see documentation for confidence and remaining caveats
reconstructed_current/scenes/A06/composites/A06_overlay_18_composite_2x.png	5959	ddfe824fe729fb6d6c40b6982fb11c51b3569e5b09232b49e3bd93f1387fcc34	.png	current reconstructed output; see documentation for confidence and remaining caveats
reconstructed_current/scenes/A06/composites/A06_overlay_19_composite.png	4847	d444951e2b23bef92d1ab644da8b2ae73a58a72b2a820449fd0ff04705cacacf	.png	current reconstructed output; see documentation for confidence and remaining caveats
reconstructed_current/scenes/A06/composites/A06_overlay_19_composite_2x.png	5960	70eb5bef404e9e3ca2ee1b6007f1742e73e00837a80506a760ebde544dfcc7fd	.png	current reconstructed output; see documentation for confidence and remaining caveats
reconstructed_current/scenes/A06/composites/A06_overlay_20_composite.png	4841	a5c0019a22369c93bbbd62b3dd139ef0d1a71f7bfd2c307b68fb2e291c4d1bea	.png	current reconstructed output; see documentation for confidence and remaining caveats
reconstructed_current/scenes/A06/composites/A06_overlay_20_composite_2x.png	5952	cd4ec0d286f1e8c71450dceb444c5e02021748dbc5228f98892a7c936dd68784	.png	current reconstructed output; see documentation for confidence and remaining caveats
reconstructed_current/scenes/A06/composites/A06_overlay_21_composite.png	4842	63e9d6ed97b3cd7fd01d8aad6c1006d7677b6aa2a1b240e7c6e47d0254a50085	.png	current reconstructed output; see documentation for confidence and remaining caveats
reconstructed_current/scenes/A06/composites/A06_overlay_21_composite_2x.png	5955	2fddd44f62e9658e5b91b941a9228f732c91a0ed54ecf9d17351b3ec7a46941d	.png	current reconstructed output; see documentation for confidence and remaining caveats
reconstructed_current/scenes/A06/composites/A06_overlay_22_composite.png	4838	8a0562f9f8e6df807b09b9fccbb56c9e3421e0f336ce3173f3d84c8824d9abc9	.png	current reconstructed output; see documentation for confidence and remaining caveats
reconstructed_current/scenes/A06/composites/A06_overlay_22_composite_2x.png	5947	4971c2448c77d8e68076806626e52eb5a6dabe3ef9d339afe4b17351c9fe515a	.png	current reconstructed output; see documentation for confidence and remaining caveats
reconstructed_current/scenes/A06/composites/A06_overlay_23_composite.png	4840	8a2808e75a6d29cf0873c97b3716fb868615a3cc2a9da46b11102c6f31696eab	.png	current reconstructed output; see documentation for confidence and remaining caveats
reconstructed_current/scenes/A06/composites/A06_overlay_23_composite_2x.png	5940	b584afd4ebaadb203728108e14d2a16fdea3aa7125067d20a0dadd9cea826d3c	.png	current reconstructed output; see documentation for confidence and remaining caveats
reconstructed_current/scenes/A06/composites/A06_overlay_24_composite.png	4840	5f48fdb47b529042d227951909bbb45e50988b72635e8b32b30f6fbcc99a306e	.png	current reconstructed output; see documentation for confidence and remaining caveats
reconstructed_current/scenes/A06/composites/A06_overlay_24_composite_2x.png	5941	8985da82e333d474a82194a4848d6dded974642e9785430fb5ca36b72d05d6bb	.png	current reconstructed output; see documentation for confidence and remaining caveats
reconstructed_current/scenes/A06/composites/A06_overlay_25_composite.png	4840	5f48fdb47b529042d227951909bbb45e50988b72635e8b32b30f6fbcc99a306e	.png	current reconstructed output; see documentation for confidence and remaining caveats
reconstructed_current/scenes/A06/composites/A06_overlay_25_composite_2x.png	5941	8985da82e333d474a82194a4848d6dded974642e9785430fb5ca36b72d05d6bb	.png	current reconstructed output; see documentation for confidence and remaining caveats
reconstructed_current/scenes/A06/composites/A06_overlay_26_composite.png	4836	c049c35cbd55668236a52c599551dedbe954fe00badc242a11b2896c08034b0f	.png	current reconstructed output; see documentation for confidence and remaining caveats
reconstructed_current/scenes/A06/composites/A06_overlay_26_composite_2x.png	5934	d9f09cd1fdc9d226a4357379f3863f283c05141f244846a3e0e4db66debb70db	.png	current reconstructed output; see documentation for confidence and remaining caveats
reconstructed_current/scenes/A06/composites/A06_overlay_27_composite.png	4836	c93506a4691a8f22df2ba31888907c79c47175198ee3b0d9f03e117056ecfabc	.png	current reconstructed output; see documentation for confidence and remaining caveats
reconstructed_current/scenes/A06/composites/A06_overlay_27_composite_2x.png	5935	41f6aee098f88d57c80b5cd341f17a3fd1fa6c2b1a94a7955acbb62012d2ce73	.png	current reconstructed output; see documentation for confidence and remaining caveats
reconstructed_current/scenes/A06/composites/A06_overlay_28_composite.png	4840	e5e38de2d832eb5a2b7349afe9f43badf4e4b0def50908af20695e8dad14fef3	.png	current reconstructed output; see documentation for confidence and remaining caveats
reconstructed_current/scenes/A06/composites/A06_overlay_28_composite_2x.png	5936	fe986b307647696915699e6ac337071477b272c5e4cec21ba7addb7ee59c34a7	.png	current reconstructed output; see documentation for confidence and remaining caveats
reconstructed_current/scenes/A06/composites/A06_overlay_29_composite.png	4844	f6cef6022b6e6686ed0a88fd846463dee1d28121cb1fe6a8283b175d58f7bdc1	.png	current reconstructed output; see documentation for confidence and remaining caveats
reconstructed_current/scenes/A06/composites/A06_overlay_29_composite_2x.png	5939	ab5a86cfd38dd4d8d8cf04f661717626184e74c3103a688edf14b5888d451a84	.png	current reconstructed output; see documentation for confidence and remaining caveats
reconstructed_current/scenes/A06/composites/A06_overlay_30_composite.png	4846	f6f10c3e1734fc82bbbe69df690f7e6e3851c3f953f3735ae3a58f3a994cd1e9	.png	current reconstructed output; see documentation for confidence and remaining caveats
reconstructed_current/scenes/A06/composites/A06_overlay_30_composite_2x.png	5937	df0df9a7708d572c1e963b0743e8613617d8e5cb6219cbd4a42e3b7b88b807d9	.png	current reconstructed output; see documentation for confidence and remaining caveats
reconstructed_current/scenes/A06/composites/A06_overlay_31_composite.png	4848	ac208870737296dadae3fc52d2b54991d7c21a89f6baf8a58b85e24e9a6b4dd6	.png	current reconstructed output; see documentation for confidence and remaining caveats
reconstructed_current/scenes/A06/composites/A06_overlay_31_composite_2x.png	5940	69f7f5b5320c2cfff738c251c617b9c0e62f03b07bcf121e0e34cd65e4695dba	.png	current reconstructed output; see documentation for confidence and remaining caveats
reconstructed_current/scenes/A06/composites/A06_overlay_32_composite.png	4847	a84515f76ab83a1735c65ec613c4cdbe40b264da140e7aedc953f06e4b925b41	.png	current reconstructed output; see documentation for confidence and remaining caveats
reconstructed_current/scenes/A06/composites/A06_overlay_32_composite_2x.png	5938	742b8e60f4bddd344984c2f2434356782ad46548b1efd017bcd353d00ed30fc3	.png	current reconstructed output; see documentation for confidence and remaining caveats
reconstructed_current/scenes/A06/composites/A06_overlay_33_composite.png	4847	2a9fb4a93dd80e9e2fe46506d2117b0caba6e08076941cc1b903705155220cfc	.png	current reconstructed output; see documentation for confidence and remaining caveats
reconstructed_current/scenes/A06/composites/A06_overlay_33_composite_2x.png	5936	594c806f09d5a4d6f00e10c12efec58071f730299177f9d0b74cf69f67d7bb1d	.png	current reconstructed output; see documentation for confidence and remaining caveats
reconstructed_current/scenes/A06/composites/A06_overlay_34_composite.png	4835	f5a22cf1ae9e6a7aa930d7736dd64432011c53f66bf32da9ecdbbb4b87747d4e	.png	current reconstructed output; see documentation for confidence and remaining caveats
reconstructed_current/scenes/A06/composites/A06_overlay_34_composite_2x.png	5934	9145b8c0b120255b2587962c6ca4f8cabb8650230452fd6db650ad5d362d22a5	.png	current reconstructed output; see documentation for confidence and remaining caveats
reconstructed_current/scenes/A06/composites/A06_overlay_35_composite.png	4837	8f7505a929cccb37033ac9e0e63239a9234c767a4ba6898ab0540b14ae915f18	.png	current reconstructed output; see documentation for confidence and remaining caveats
reconstructed_current/scenes/A06/composites/A06_overlay_35_composite_2x.png	5940	5dfe35b1908206797ffe9b1958e0f7ba50994ba86768a418c827c0cbfdaa4633	.png	current reconstructed output; see documentation for confidence and remaining caveats
reconstructed_current/scenes/A06/composites/A06_overlay_36_composite.png	4839	5a010d2b9a1f5da7b088ede6304929321996f49419db39d4963d02cf66993211	.png	current reconstructed output; see documentation for confidence and remaining caveats
reconstructed_current/scenes/A06/composites/A06_overlay_36_composite_2x.png	5940	965460c4ec5badb1c421cebbd809a1a3b294f103c85fbaba3e8ceadb0b427bb5	.png	current reconstructed output; see documentation for confidence and remaining caveats
reconstructed_current/scenes/A06/composites/A06_overlay_37_composite.png	4835	6ab59f8b67a8df48787becd6be5edb0ad0ebb63a5ed0b4223be525f722c07373	.png	current reconstructed output; see documentation for confidence and remaining caveats
reconstructed_current/scenes/A06/composites/A06_overlay_37_composite_2x.png	5937	e02dfefcc2f98489b4d08d9ff787ca4ec63cdbf455f65b867e86094847e0a2c9	.png	current reconstructed output; see documentation for confidence and remaining caveats
reconstructed_current/scenes/A06/composites/A06_overlay_38_composite.png	4835	e0ce59e932a13213b9136ac750908b91487ba8570f5b6bf4477f3d27e0bf56a8	.png	current reconstructed output; see documentation for confidence and remaining caveats
reconstructed_current/scenes/A06/composites/A06_overlay_38_composite_2x.png	5938	dcd16159cb9b3739c31f494349b0c057f939647e88c45cc09a5d6198023a120a	.png	current reconstructed output; see documentation for confidence and remaining caveats
reconstructed_current/scenes/A06/composites/A06_overlay_39_composite.png	4837	60310571624cd15cca8fa836e2cc7c964bb51df004c5fdd3ba59cbd993601d01	.png	current reconstructed output; see documentation for confidence and remaining caveats
reconstructed_current/scenes/A06/composites/A06_overlay_39_composite_2x.png	5943	e1d1034c1c5b41843efe1f9e55c9e408145070b3a03395a672464f7e076981e6	.png	current reconstructed output; see documentation for confidence and remaining caveats
reconstructed_current/scenes/A06/composites/A06_overlay_40_composite.png	4835	5203cf59e9577f7ba5b3be4f64afdb1c9deb62b2887e324501536f8fd23abba7	.png	current reconstructed output; see documentation for confidence and remaining caveats
reconstructed_current/scenes/A06/composites/A06_overlay_40_composite_2x.png	5943	31c072596612970984bdea0e60a35a1684b603874f1f6a30bad91983de03c19e	.png	current reconstructed output; see documentation for confidence and remaining caveats
reconstructed_current/scenes/A06/composites/A06_overlay_41_composite.png	4854	226635541a849d19e3ef53c2e51cf64c0364eaa5d2794c87d9514619f49e525d	.png	current reconstructed output; see documentation for confidence and remaining caveats
reconstructed_current/scenes/A06/composites/A06_overlay_41_composite_2x.png	5973	a16f66eb81aeed69f0b62221aca1aaf8510612512a7d2e67888a1ab9fdaf28c5	.png	current reconstructed output; see documentation for confidence and remaining caveats
reconstructed_current/scenes/A06/composites/A06_overlay_42_composite.png	4850	47b86167f2222866b2803507866b1e84bdc016adfc1139022aee965c952677df	.png	current reconstructed output; see documentation for confidence and remaining caveats
reconstructed_current/scenes/A06/composites/A06_overlay_42_composite_2x.png	5968	6f831252ab7b279a51f1560205b7c019219ea640cb25c35697fadd679094782f	.png	current reconstructed output; see documentation for confidence and remaining caveats
reconstructed_current/scenes/A06/overlays/A06_overlay_01_32x8_x64_y0.png	950	e04e499c5fc287b80d03af04604726412a2745337ebd4bbf85a71d9487dace0e	.png	current reconstructed output; see documentation for confidence and remaining caveats
reconstructed_current/scenes/A06/overlays/A06_overlay_01_32x8_x64_y0_2x.png	994	d2dcc5a577cfbe150a41240a3181817782f333ffe1d00a9bb363ccf35ef61e30	.png	current reconstructed output; see documentation for confidence and remaining caveats
reconstructed_current/scenes/A06/overlays/A06_overlay_02_32x8_x64_y0.png	950	0d9a4b87d9a545213d353489373001fe2b636f91ee0574f58f98c45acfbaa07d	.png	current reconstructed output; see documentation for confidence and remaining caveats
reconstructed_current/scenes/A06/overlays/A06_overlay_02_32x8_x64_y0_2x.png	994	8796be7d9c3f0b3207b16908116b58e91a18be47c1344628f3d06e128d3849fd	.png	current reconstructed output; see documentation for confidence and remaining caveats
reconstructed_current/scenes/A06/overlays/A06_overlay_03_32x8_x64_y0.png	947	95636cb03f6f2b071e5a19ca50129225d3df7975aa2abc408ce60d0f12a76cc2	.png	current reconstructed output; see documentation for confidence and remaining caveats
reconstructed_current/scenes/A06/overlays/A06_overlay_03_32x8_x64_y0_2x.png	985	8e1b4620c1060d6c68e1140225393601cf16419c2c65695975c3425a8e4dd674	.png	current reconstructed output; see documentation for confidence and remaining caveats
reconstructed_current/scenes/A06/overlays/A06_overlay_04_32x8_x64_y0.png	947	fa33284fb2096ed2dd849cd7588ce1c27f857525eb62fda4173a5185b7a72047	.png	current reconstructed output; see documentation for confidence and remaining caveats
reconstructed_current/scenes/A06/overlays/A06_overlay_04_32x8_x64_y0_2x.png	990	be69c34846ca3e7f59bb5b61677ad56ebf4acfa1dcb87a659e78f572b943d613	.png	current reconstructed output; see documentation for confidence and remaining caveats
reconstructed_current/scenes/A06/overlays/A06_overlay_05_16x12_x80_y76.png	938	3d36150df4b537991f966a0b2a7b4bb1b3283b5958d46fc35471e6fd071e296b	.png	current reconstructed output; see documentation for confidence and remaining caveats
reconstructed_current/scenes/A06/overlays/A06_overlay_05_16x12_x80_y76_2x.png	990	75858fd42e368edddbf5631b89e8838748396308dbf436c17482d3bba05dbd5f	.png	current reconstructed output; see documentation for confidence and remaining caveats
reconstructed_current/scenes/A06/overlays/A06_overlay_06_16x12_x80_y76.png	936	73694c87be4fbaab4d5fb779d850d5baafac198bddac95ce5834902a4979d2f4	.png	current reconstructed output; see documentation for confidence and remaining caveats
reconstructed_current/scenes/A06/overlays/A06_overlay_06_16x12_x80_y76_2x.png	990	b72e6b46a63dbb6c5c339950ae6d82dab7f52c9ac4ce5aa8eea9d178c5ddfc10	.png	current reconstructed output; see documentation for confidence and remaining caveats
reconstructed_current/scenes/A06/overlays/A06_overlay_07_16x12_x80_y76.png	939	5113f99c2cd8a3bf9bac1ba73522049b5455d8099031108f85f19f4825a20b42	.png	current reconstructed output; see documentation for confidence and remaining caveats
reconstructed_current/scenes/A06/overlays/A06_overlay_07_16x12_x80_y76_2x.png	995	8ca62ec029ee9374ce318811f50485e21b5e81876116d86fc25b0e7fd65f544c	.png	current reconstructed output; see documentation for confidence and remaining caveats
reconstructed_current/scenes/A06/overlays/A06_overlay_08_16x12_x80_y76.png	938	fb71f845f007777077b1ffcdf0c041d6c7006d7b56d37f6abd9a9bfb91ba4c4a	.png	current reconstructed output; see documentation for confidence and remaining caveats
reconstructed_current/scenes/A06/overlays/A06_overlay_08_16x12_x80_y76_2x.png	993	c413f57cfdbdc34e932725fdde2b591efb9262dceed5f45285d850a741c19af3	.png	current reconstructed output; see documentation for confidence and remaining caveats
reconstructed_current/scenes/A06/overlays/A06_overlay_09_16x12_x80_y76.png	938	aef174e68c16f32209d02febfad76f6ed14f28e8238648c8de70130362215653	.png	current reconstructed output; see documentation for confidence and remaining caveats
reconstructed_current/scenes/A06/overlays/A06_overlay_09_16x12_x80_y76_2x.png	987	86bd285011da80de44ea9094d0e0882d989ba1bd042c7d303b535536520a3e1d	.png	current reconstructed output; see documentation for confidence and remaining caveats
reconstructed_current/scenes/A06/overlays/A06_overlay_10_16x12_x80_y76.png	939	bf3756150faaffc91e812173126311b41f84e868d767d74b9a795c1d4b58a7fb	.png	current reconstructed output; see documentation for confidence and remaining caveats
reconstructed_current/scenes/A06/overlays/A06_overlay_10_16x12_x80_y76_2x.png	987	560c6cc5cfc8f52508f2003defb3a08949ebacbdd0a4cb402d9713a31e0bfd10	.png	current reconstructed output; see documentation for confidence and remaining caveats
reconstructed_current/scenes/A06/overlays/A06_overlay_11_32x12_x64_y76.png	996	cb1bf3787112697d2363dc23bce8d3b8af701584f815e8315f1e3186a673cf1b	.png	current reconstructed output; see documentation for confidence and remaining caveats
reconstructed_current/scenes/A06/overlays/A06_overlay_11_32x12_x64_y76_2x.png	1057	6df0e1640c61c7cd858c66185a2894acd08c6bf173969c972952a3e26e97e7d4	.png	current reconstructed output; see documentation for confidence and remaining caveats
reconstructed_current/scenes/A06/overlays/A06_overlay_12_32x12_x64_y76.png	997	395b515b6695cc09940f6a1027556458d7181b232e06e10d9e9188cb4da047e1	.png	current reconstructed output; see documentation for confidence and remaining caveats
reconstructed_current/scenes/A06/overlays/A06_overlay_12_32x12_x64_y76_2x.png	1063	746935514c9c155465965ac02c81093284eb903cdf3d30e2f7e6eaf1432d6798	.png	current reconstructed output; see documentation for confidence and remaining caveats
reconstructed_current/scenes/A06/overlays/A06_overlay_13_32x12_x64_y76.png	996	21db40550c385798146c59538026cb851b6259e46143b718ba8699b47370beb1	.png	current reconstructed output; see documentation for confidence and remaining caveats
reconstructed_current/scenes/A06/overlays/A06_overlay_13_32x12_x64_y76_2x.png	1061	43abbd20606b3ef96aacabcdae9353f1dc608d41453abfdfb33002661747b273	.png	current reconstructed output; see documentation for confidence and remaining caveats
reconstructed_current/scenes/A06/overlays/A06_overlay_14_32x12_x64_y76.png	997	ac2ae5db62e1a1a5a19199bf6d65d9cc212d28b753b8e2d39b40ecbe41d7d6f2	.png	current reconstructed output; see documentation for confidence and remaining caveats
reconstructed_current/scenes/A06/overlays/A06_overlay_14_32x12_x64_y76_2x.png	1061	7cd14c7ec2d7480530a2a6c88c711909f81c8cde548fe7d16fad1c74444ad0aa	.png	current reconstructed output; see documentation for confidence and remaining caveats
reconstructed_current/scenes/A06/overlays/A06_overlay_15_16x12_x80_y76.png	936	defb419497a281a3ebeb4e1708d97486fe0f688788e7015e8ccb32156d96d301	.png	current reconstructed output; see documentation for confidence and remaining caveats
reconstructed_current/scenes/A06/overlays/A06_overlay_15_16x12_x80_y76_2x.png	985	2023beb6cc2bfd4ad283dc84a47f34f44b23d7d9d1e99e4cd867c5f72f157513	.png	current reconstructed output; see documentation for confidence and remaining caveats
reconstructed_current/scenes/A06/overlays/A06_overlay_16_16x12_x80_y76.png	939	14f6f8b1a54669c864404c09ab62784377e81dc764c02c0cba68832e373d1077	.png	current reconstructed output; see documentation for confidence and remaining caveats
reconstructed_current/scenes/A06/overlays/A06_overlay_16_16x12_x80_y76_2x.png	988	0a3e1eacab78c1a77c62159a72d3e895a6597f598b4bdbb41a4d5d8c6e8ed768	.png	current reconstructed output; see documentation for confidence and remaining caveats
reconstructed_current/scenes/A06/overlays/A06_overlay_17_16x12_x80_y76.png	939	f3df8f53bc7b0ea272223403cb1ea4648af5ba8c8e156d08db11a88636fe1412	.png	current reconstructed output; see documentation for confidence and remaining caveats
reconstructed_current/scenes/A06/overlays/A06_overlay_17_16x12_x80_y76_2x.png	994	ecfdd652ad3ebe87c95d3fa52fe77f3d8d0660c72d428a8f8cb3414282ef7a36	.png	current reconstructed output; see documentation for confidence and remaining caveats
reconstructed_current/scenes/A06/overlays/A06_overlay_18_16x12_x80_y76.png	936	0e8e672bc895f207fc0d56aa57ab401e8013be1e8e7fe940e294216d4fa2a34d	.png	current reconstructed output; see documentation for confidence and remaining caveats
reconstructed_current/scenes/A06/overlays/A06_overlay_18_16x12_x80_y76_2x.png	991	a98843b7de75e540a90217942d6a4d16d00f3bb4825fdabf8d7e462b8af7d73e	.png	current reconstructed output; see documentation for confidence and remaining caveats
reconstructed_current/scenes/A06/overlays/A06_overlay_19_16x12_x80_y76.png	936	c0c71a8054fcd9164e0562af96282bacfd8afb7f6df000d5d1646c1808828fb3	.png	current reconstructed output; see documentation for confidence and remaining caveats
reconstructed_current/scenes/A06/overlays/A06_overlay_19_16x12_x80_y76_2x.png	993	c81a3409d2fe21984bcd3066488cf130350b0675d2f0119814e491efe881c7f0	.png	current reconstructed output; see documentation for confidence and remaining caveats
reconstructed_current/scenes/A06/overlays/A06_overlay_20_16x12_x80_y76.png	937	b50c76183bd40047ecf3ffe3f59f93eea220ede1a72e74e7e8707b4f98ce68a4	.png	current reconstructed output; see documentation for confidence and remaining caveats
reconstructed_current/scenes/A06/overlays/A06_overlay_20_16x12_x80_y76_2x.png	991	0c02b7caae36b10a4750d0914cf44e82f509fdceb95be50f80640a335a6606d1	.png	current reconstructed output; see documentation for confidence and remaining caveats
reconstructed_current/scenes/A06/overlays/A06_overlay_21_16x12_x80_y76.png	937	22c217c532109436738600059f3701c3af64813d06d48615766cf0ddc00ff7d8	.png	current reconstructed output; see documentation for confidence and remaining caveats
reconstructed_current/scenes/A06/overlays/A06_overlay_21_16x12_x80_y76_2x.png	988	95b38f0665b17772cd36793fda21dc818a5c956bd5586042b6cb54314cc202bb	.png	current reconstructed output; see documentation for confidence and remaining caveats
reconstructed_current/scenes/A06/overlays/A06_overlay_22_16x12_x80_y76.png	936	8f3f0b1023b5d5ef67bda0b5fa9eea7f890523b14c4c3965d878f95c7c768022	.png	current reconstructed output; see documentation for confidence and remaining caveats
reconstructed_current/scenes/A06/overlays/A06_overlay_22_16x12_x80_y76_2x.png	988	f88ed087d99bd66e7fbae13af2f5fb7000ed56d8f627e41da9b7a94fa4832f43	.png	current reconstructed output; see documentation for confidence and remaining caveats
reconstructed_current/scenes/A06/overlays/A06_overlay_23_32x8_x112_y16.png	946	74b7f0bddd9593b7e0a279493e1837eb3fde9d03ee6a1c279ee5da0b8d225f91	.png	current reconstructed output; see documentation for confidence and remaining caveats
reconstructed_current/scenes/A06/overlays/A06_overlay_23_32x8_x112_y16_2x.png	983	1c4b39597b1923f5d9286da169279fc7e84da2b3165cffa653f345121d21da44	.png	current reconstructed output; see documentation for confidence and remaining caveats
reconstructed_current/scenes/A06/overlays/A06_overlay_24_32x8_x112_y16.png	944	38733777aaec1ef830404c5095ee34ac1b71ff9afcfb55755a6d6b414de243df	.png	current reconstructed output; see documentation for confidence and remaining caveats
reconstructed_current/scenes/A06/overlays/A06_overlay_24_32x8_x112_y16_2x.png	983	c2f30f227598102ef7f6290a578b36659deeecfc09919c5cb446ee15709bfbbc	.png	current reconstructed output; see documentation for confidence and remaining caveats
reconstructed_current/scenes/A06/overlays/A06_overlay_25_32x8_x112_y16.png	944	38733777aaec1ef830404c5095ee34ac1b71ff9afcfb55755a6d6b414de243df	.png	current reconstructed output; see documentation for confidence and remaining caveats
reconstructed_current/scenes/A06/overlays/A06_overlay_25_32x8_x112_y16_2x.png	983	c2f30f227598102ef7f6290a578b36659deeecfc09919c5cb446ee15709bfbbc	.png	current reconstructed output; see documentation for confidence and remaining caveats
reconstructed_current/scenes/A06/overlays/A06_overlay_26_32x8_x112_y16.png	942	92592395dbe0cedd45002e37278d415ef91c4f2cffc85e21fd9dd7418e92fe9e	.png	current reconstructed output; see documentation for confidence and remaining caveats
reconstructed_current/scenes/A06/overlays/A06_overlay_26_32x8_x112_y16_2x.png	979	344bac8776e9a4b1f6005cbe2a8b84ca4b9bbe5705f33bcf7952aea4d49152f9	.png	current reconstructed output; see documentation for confidence and remaining caveats
reconstructed_current/scenes/A06/overlays/A06_overlay_27_16x8_x128_y16.png	901	3198483f4c85efb1d7d693d5a1ce97ff003e01b52b90e5907544d668da43450c	.png	current reconstructed output; see documentation for confidence and remaining caveats
reconstructed_current/scenes/A06/overlays/A06_overlay_27_16x8_x128_y16_2x.png	929	882ca1060d89586aaadf1cfb9cbb12a7cc7db81b37683ecd5f566a861218c2a5	.png	current reconstructed output; see documentation for confidence and remaining caveats
reconstructed_current/scenes/A06/overlays/A06_overlay_28_16x8_x128_y16.png	900	9bc79c52265e90e99e3c72f3ffb7ec2bb50eeea47d55158c1e3dc4cc3bc39bac	.png	current reconstructed output; see documentation for confidence and remaining caveats
reconstructed_current/scenes/A06/overlays/A06_overlay_28_16x8_x128_y16_2x.png	927	7236f7c343f343478a720404129d5c5338be16e9d1275af7b7fce789af0d80f3	.png	current reconstructed output; see documentation for confidence and remaining caveats
reconstructed_current/scenes/A06/overlays/A06_overlay_29_16x8_x128_y16.png	904	25719487d56fe546cbea945163bf6afd249ccd0e4fb3f733bad13c9ebac53692	.png	current reconstructed output; see documentation for confidence and remaining caveats
reconstructed_current/scenes/A06/overlays/A06_overlay_29_16x8_x128_y16_2x.png	934	8cffcc4b28c2f9724ef1f6bafe76b0685f05847cf89e80e525625d1eeeaf7297	.png	current reconstructed output; see documentation for confidence and remaining caveats
reconstructed_current/scenes/A06/overlays/A06_overlay_30_16x8_x128_y16.png	902	69af0446f39749d5c90f43483c8c441b3e6990fcb482fa0cadfe841470c709e4	.png	current reconstructed output; see documentation for confidence and remaining caveats
reconstructed_current/scenes/A06/overlays/A06_overlay_30_16x8_x128_y16_2x.png	935	f5f4921250655bda21a83fb388785c863cd7b7744be2cb9dd0d54ccb734d62d7	.png	current reconstructed output; see documentation for confidence and remaining caveats
reconstructed_current/scenes/A06/overlays/A06_overlay_31_16x8_x128_y16.png	901	1e54e4e2d7eaf9a9b24584676aa17c47e0fcca323897589817d774181ff9ed81	.png	current reconstructed output; see documentation for confidence and remaining caveats
reconstructed_current/scenes/A06/overlays/A06_overlay_31_16x8_x128_y16_2x.png	936	898f8ac5248dee0da5be60041fa233053160cdd0a56f9dd7ce514bc01da3f721	.png	current reconstructed output; see documentation for confidence and remaining caveats
reconstructed_current/scenes/A06/overlays/A06_overlay_32_16x8_x128_y16.png	900	ae5ac84ca03c08e080477783d4f29c98a763afc0d22654d6c8a65eff0db97f60	.png	current reconstructed output; see documentation for confidence and remaining caveats
reconstructed_current/scenes/A06/overlays/A06_overlay_32_16x8_x128_y16_2x.png	933	2f8053e7134ee80a145fb58046617bd1fe4866205f888b38da31a520f01fcbe3	.png	current reconstructed output; see documentation for confidence and remaining caveats
reconstructed_current/scenes/A06/overlays/A06_overlay_33_16x8_x128_y16.png	901	da7a3834b536c65de17e924f83647bd14e54adbaf970d6121695d6f810bddd6a	.png	current reconstructed output; see documentation for confidence and remaining caveats
reconstructed_current/scenes/A06/overlays/A06_overlay_33_16x8_x128_y16_2x.png	934	1f7aec5d0c4e0a449069ccc38ca629e44e8ecd4ec482899c47c9a2ee1c294cf3	.png	current reconstructed output; see documentation for confidence and remaining caveats
reconstructed_current/scenes/A06/overlays/A06_overlay_34_16x8_x144_y16.png	895	a3889afe1f2cf225f017a7d7ab7830185877997001f1442f2dca3e04192deae6	.png	current reconstructed output; see documentation for confidence and remaining caveats
reconstructed_current/scenes/A06/overlays/A06_overlay_34_16x8_x144_y16_2x.png	919	11a5660f7ed19ab3e0d579681a173527346c46e84798cc21e2f5fd91475da025	.png	current reconstructed output; see documentation for confidence and remaining caveats
reconstructed_current/scenes/A06/overlays/A06_overlay_35_16x8_x144_y8.png	900	06aae2b14b08a7f730ab5f139ea747fe9293d7eaa40e1d96e90ccfd94c102f6d	.png	current reconstructed output; see documentation for confidence and remaining caveats
reconstructed_current/scenes/A06/overlays/A06_overlay_35_16x8_x144_y8_2x.png	922	573debc627fe3a8ff40d23bcd89e76ae91957a151d1f940caf81396b15cae531	.png	current reconstructed output; see documentation for confidence and remaining caveats
reconstructed_current/scenes/A06/overlays/A06_overlay_36_16x8_x144_y8.png	900	a29e89d3ad274c92ba9f1862533259eb2ee113a7e55e72f2f348a8f16eae3691	.png	current reconstructed output; see documentation for confidence and remaining caveats
reconstructed_current/scenes/A06/overlays/A06_overlay_36_16x8_x144_y8_2x.png	923	07f26612ba6de1e62510089af64111103364eaeb04eaa6bb2beb8cc5aceecdab	.png	current reconstructed output; see documentation for confidence and remaining caveats
reconstructed_current/scenes/A06/overlays/A06_overlay_37_16x8_x144_y8.png	900	cce7c5407353f055b4b834bad274da3946c9a7ecde929a4728474bcee5afdd0a	.png	current reconstructed output; see documentation for confidence and remaining caveats
reconstructed_current/scenes/A06/overlays/A06_overlay_37_16x8_x144_y8_2x.png	920	978969341a083f6d380bfe7cf67a80455812a27fae77144fa3d57c2ee5ec0859	.png	current reconstructed output; see documentation for confidence and remaining caveats
reconstructed_current/scenes/A06/overlays/A06_overlay_38_16x8_x144_y8.png	899	4742ac5546959ca7fa3507cfe59c184d93455231d3cd06e79630a2ad32d79ece	.png	current reconstructed output; see documentation for confidence and remaining caveats
reconstructed_current/scenes/A06/overlays/A06_overlay_38_16x8_x144_y8_2x.png	921	bf7f616fbf981526df1e120d818817528b07ed6fd21331c8c6c41dea4d4bce2d	.png	current reconstructed output; see documentation for confidence and remaining caveats
reconstructed_current/scenes/A06/overlays/A06_overlay_39_16x8_x144_y8.png	899	1f5034c83e37ac7452a60e0c31795e750daad06bfa67b10bbd08c76981f50034	.png	current reconstructed output; see documentation for confidence and remaining caveats
reconstructed_current/scenes/A06/overlays/A06_overlay_39_16x8_x144_y8_2x.png	922	6b2e7c49819c3183dd435dd4136aa686505e26a57c49ae6abbf20321394462a0	.png	current reconstructed output; see documentation for confidence and remaining caveats
reconstructed_current/scenes/A06/overlays/A06_overlay_40_16x8_x144_y8.png	898	aefaf6326f5617d2038b55918820297a206d388c4995d2863fa1f88283b6ef86	.png	current reconstructed output; see documentation for confidence and remaining caveats
reconstructed_current/scenes/A06/overlays/A06_overlay_40_16x8_x144_y8_2x.png	919	2033a14ab60d21b0b5c4a4b8a2fea3bc536cc200b2a83211af6932ba36306349	.png	current reconstructed output; see documentation for confidence and remaining caveats
reconstructed_current/scenes/A06/overlays/A06_overlay_41_16x10_x0_y86.png	912	ed644424239a1c523cb12bc5cb92b80bc77e7578502d257adeb35b96e49e83a6	.png	current reconstructed output; see documentation for confidence and remaining caveats
reconstructed_current/scenes/A06/overlays/A06_overlay_41_16x10_x0_y86_2x.png	944	2e876fe7e33cc5a37f4db94ef4ec5d9a987c17ea03b1505778b4c1f3efa401c1	.png	current reconstructed output; see documentation for confidence and remaining caveats
reconstructed_current/scenes/A06/overlays/A06_overlay_42_16x10_x0_y86.png	910	6f2daf6281bdf7f200dd02b1ea1b162a431f5f15ac7c76671d2c9afaf3e18d90	.png	current reconstructed output; see documentation for confidence and remaining caveats
reconstructed_current/scenes/A06/overlays/A06_overlay_42_16x10_x0_y86_2x.png	942	b0c18503dd66f5f608f11a0efb9560fdca3f287ab7b8edf5ba9487fc271fe302	.png	current reconstructed output; see documentation for confidence and remaining caveats
reconstructed_current/scenes/A06/overlays.tsv	1693	420ca376e8420b4d1057b2e6c3f92575808e083e219320339496a852ce1c03c4	.tsv	current reconstructed output; see documentation for confidence and remaining caveats
reconstructed_current/scenes/A07/A07_base.png	4007	0149bac63331d6b43272e7c011b04454cb985b3a738451b8049726327ca3efa5	.png	current reconstructed output; see documentation for confidence and remaining caveats
reconstructed_current/scenes/A07/A07_base_2x.png	5006	1a0c60535eb5ca8353e5f7fcb82fca1d335d07f0de61ce821a0b3fc3e636ef5f	.png	current reconstructed output; see documentation for confidence and remaining caveats
reconstructed_current/scenes/A07/animation_sequences.tsv	1309	46ae0024c1c7e33366f12b0ed9e6ae7b7040da4dfc4a9a72578c1a8a7f65eb88	.tsv	current reconstructed output; see documentation for confidence and remaining caveats
reconstructed_current/scenes/A07/composites/A07_overlay_01_composite.png	4010	7ab03c6bf1cae6a3ffd8c3c2df7efcf788dbd651dbdb24e03a7fe11bcf7c7d74	.png	current reconstructed output; see documentation for confidence and remaining caveats
reconstructed_current/scenes/A07/composites/A07_overlay_01_composite_2x.png	5007	014684332214fdb58bfe8a3e060d61eb31df263a5b339075c65045d679c4f783	.png	current reconstructed output; see documentation for confidence and remaining caveats
reconstructed_current/scenes/A07/composites/A07_overlay_02_composite.png	4008	528082bc79bb1308ed25999388e77b3b0d74e23ed35c651db1651074c3eca884	.png	current reconstructed output; see documentation for confidence and remaining caveats
reconstructed_current/scenes/A07/composites/A07_overlay_02_composite_2x.png	5008	bc32c7d44302514acaea3c98513c1f9225db13cfbcc50e62e16ee5cae2729d15	.png	current reconstructed output; see documentation for confidence and remaining caveats
reconstructed_current/scenes/A07/composites/A07_overlay_03_composite.png	4010	612fafe963135e5698795761b99464bf636cdc3ec8f79e03259aaf5dceed5e70	.png	current reconstructed output; see documentation for confidence and remaining caveats
reconstructed_current/scenes/A07/composites/A07_overlay_03_composite_2x.png	5008	2afe1509e8c306c126ebe76613e0b5bca7067f38b3b44f2ea9c82e52c9fd4f4c	.png	current reconstructed output; see documentation for confidence and remaining caveats
reconstructed_current/scenes/A07/composites/A07_overlay_04_composite.png	4012	89225b5e88d114d9e0d42c8a1e53a3c596dae3dfffac6d626b388b4ab8a94b65	.png	current reconstructed output; see documentation for confidence and remaining caveats
reconstructed_current/scenes/A07/composites/A07_overlay_04_composite_2x.png	5009	7848d68f3b53eaaeab150f1e37ff62e127b1d5a2cfcd9f3f5f037551c054cc90	.png	current reconstructed output; see documentation for confidence and remaining caveats
reconstructed_current/scenes/A07/composites/A07_overlay_05_composite.png	4014	2d7fd4448bcf93e58bc6b0fb88b99586fa43b47bd986968838b80200909d1c68	.png	current reconstructed output; see documentation for confidence and remaining caveats
reconstructed_current/scenes/A07/composites/A07_overlay_05_composite_2x.png	5012	8b64b30c75c3d144a57820deec229570c616a067ec4eb6d827ead63c5e6fed0e	.png	current reconstructed output; see documentation for confidence and remaining caveats
reconstructed_current/scenes/A07/composites/A07_overlay_06_composite.png	4010	7a2317cab3b86775f0498db239568a9e50140979da37a6ab446bc6b8d9af5dd0	.png	current reconstructed output; see documentation for confidence and remaining caveats
reconstructed_current/scenes/A07/composites/A07_overlay_06_composite_2x.png	5007	02cd8d809a1d4e339ff048d8b395236aad5f4d35d9db9c6a7b7e9fe6a33ba179	.png	current reconstructed output; see documentation for confidence and remaining caveats
reconstructed_current/scenes/A07/composites/A07_overlay_07_composite.png	4006	5f7b184b744b7eb010610e6ed429f1985e53a20cd284f0fe1d2c2c438c6935f0	.png	current reconstructed output; see documentation for confidence and remaining caveats
reconstructed_current/scenes/A07/composites/A07_overlay_07_composite_2x.png	5005	580f1e78e7afa470d5feab4b5ab28f91d0324d7d9836a01e15adeef06191f43a	.png	current reconstructed output; see documentation for confidence and remaining caveats
reconstructed_current/scenes/A07/composites/A07_overlay_08_composite.png	4001	5abb335760047a36cc2af99e50f50a34ba537b7e0f348f7eadd279f8e325621c	.png	current reconstructed output; see documentation for confidence and remaining caveats
reconstructed_current/scenes/A07/composites/A07_overlay_08_composite_2x.png	5000	4acc9bfa7c22740a9ba3e083e1a43ba8feaea1a87b9b923913cd94c4a0cb9aa6	.png	current reconstructed output; see documentation for confidence and remaining caveats
reconstructed_current/scenes/A07/composites/A07_overlay_09_composite.png	4002	7b980eddf8b2427890bb02b4689b9da31b79aa8f3f1b935fc3bd63a5a944cb8e	.png	current reconstructed output; see documentation for confidence and remaining caveats
reconstructed_current/scenes/A07/composites/A07_overlay_09_composite_2x.png	5002	eb8dea22c5a0ef345104e879764a8e1b65117f948a30310fa42bbc403e8af028	.png	current reconstructed output; see documentation for confidence and remaining caveats
reconstructed_current/scenes/A07/composites/A07_overlay_10_composite.png	4010	8de036c985673ea13b85f7decc5c7bbbe5df443ad03bb68b0296e7732a219ea7	.png	current reconstructed output; see documentation for confidence and remaining caveats
reconstructed_current/scenes/A07/composites/A07_overlay_10_composite_2x.png	5010	7ba5a5f5c333d6fa0690e149225d39d4508f3197e8e07c710c72a82a9a5e8f29	.png	current reconstructed output; see documentation for confidence and remaining caveats
reconstructed_current/scenes/A07/composites/A07_overlay_11_composite.png	4013	fa02b9fa3c95721b1c20f9b7a1f4e6938b4c2b8489ac49ed5ee00c8dbff7a688	.png	current reconstructed output; see documentation for confidence and remaining caveats
reconstructed_current/scenes/A07/composites/A07_overlay_11_composite_2x.png	5015	4f55b05bb6436efbb0651944bbd4b55bf9aaedefb1001a9b7836966fd4a114aa	.png	current reconstructed output; see documentation for confidence and remaining caveats
reconstructed_current/scenes/A07/composites/A07_overlay_12_composite.png	4012	3497a87e8912147a549207acb845250ccda591a5c475790b76d8cf2671a9108e	.png	current reconstructed output; see documentation for confidence and remaining caveats
reconstructed_current/scenes/A07/composites/A07_overlay_12_composite_2x.png	5013	005531aecdc7e76fbfcd247c5e3459e73d10bc8c21e33f6ef7765f3ff0e1dc8f	.png	current reconstructed output; see documentation for confidence and remaining caveats
reconstructed_current/scenes/A07/composites/A07_overlay_13_composite.png	4013	01e064408f3fa655ccb7a15ca6e38290c7217ee9794069210beb70c2bb12c471	.png	current reconstructed output; see documentation for confidence and remaining caveats
reconstructed_current/scenes/A07/composites/A07_overlay_13_composite_2x.png	5024	1b66e262a81c99730ef1e404a721c72a40b155559aa20d9d18758cc15508c5f6	.png	current reconstructed output; see documentation for confidence and remaining caveats
reconstructed_current/scenes/A07/composites/A07_overlay_14_composite.png	4018	72d662d51fe926c7fb8b8fa9b6153a0313009555b4077644bde61f03dcdb79c5	.png	current reconstructed output; see documentation for confidence and remaining caveats
reconstructed_current/scenes/A07/composites/A07_overlay_14_composite_2x.png	5028	a98fd7ad0855485982b4ba0804a9f90ecd3553c024e12a3795a00cb09f1ad12a	.png	current reconstructed output; see documentation for confidence and remaining caveats
reconstructed_current/scenes/A07/composites/A07_overlay_15_composite.png	4017	73488f35b6050de61bac8e9493ea7a0944d5396a0db50a5eb4c7c6d9ae128154	.png	current reconstructed output; see documentation for confidence and remaining caveats
reconstructed_current/scenes/A07/composites/A07_overlay_15_composite_2x.png	5025	a3ea1fd10ed92ba9c31502d8927c54f9ea33a2ca0656351061a12b8ea2652396	.png	current reconstructed output; see documentation for confidence and remaining caveats
reconstructed_current/scenes/A07/composites/A07_overlay_16_composite.png	4016	84f33d4dfb2fe29459da86314e294070b2f42ac5abb04ca0fb50215d83b49eab	.png	current reconstructed output; see documentation for confidence and remaining caveats
reconstructed_current/scenes/A07/composites/A07_overlay_16_composite_2x.png	5025	f277a951a8e69733723bf9c9534e2f389b22c0e560cb698f676fe6ee4eaa79ab	.png	current reconstructed output; see documentation for confidence and remaining caveats
reconstructed_current/scenes/A07/composites/A07_overlay_17_composite.png	4019	4a137af9167cc107b0ca08c54c8ef2add9aacc0e21fb46828c5547c5455ceb4d	.png	current reconstructed output; see documentation for confidence and remaining caveats
reconstructed_current/scenes/A07/composites/A07_overlay_17_composite_2x.png	5026	fe63385a22b58955517073a7f0f167824478accfc694332b1bfd8dc4c82ca8d2	.png	current reconstructed output; see documentation for confidence and remaining caveats
reconstructed_current/scenes/A07/composites/A07_overlay_18_composite.png	4017	b2e5c2b4ddeef6b320a97008d3ace95aac65885ed85225adfd2e22c96694be74	.png	current reconstructed output; see documentation for confidence and remaining caveats
reconstructed_current/scenes/A07/composites/A07_overlay_18_composite_2x.png	5020	ecd78e5552d86417411155d66c4529d5a3808d4d4d597c8726e3099a060e1a08	.png	current reconstructed output; see documentation for confidence and remaining caveats
reconstructed_current/scenes/A07/composites/A07_overlay_19_composite.png	4013	c128b193a1ecbe820760e64458cf96ad57b867f16d55a6f522d89e9a54e6dd6d	.png	current reconstructed output; see documentation for confidence and remaining caveats
reconstructed_current/scenes/A07/composites/A07_overlay_19_composite_2x.png	5021	a7ddaa7ed0d25e91f58a074d16a878585fddeb23d3a828035deea60331cfedb4	.png	current reconstructed output; see documentation for confidence and remaining caveats
reconstructed_current/scenes/A07/composites/A07_overlay_20_composite.png	4012	82d78053ecefb99baaff17350969b64c42c1f20c569c9623ddff3fcc94516110	.png	current reconstructed output; see documentation for confidence and remaining caveats
reconstructed_current/scenes/A07/composites/A07_overlay_20_composite_2x.png	5020	58726c8611089c5339f1daae19c51bb5317d5b09f57432611fdb9bbf2be662ea	.png	current reconstructed output; see documentation for confidence and remaining caveats
reconstructed_current/scenes/A07/composites/A07_overlay_21_composite.png	4014	c45d3296815a1235c2ee670504848418e94968eba01e25d790f0433970fad13a	.png	current reconstructed output; see documentation for confidence and remaining caveats
reconstructed_current/scenes/A07/composites/A07_overlay_21_composite_2x.png	5020	710fb35f2cb708cc09ac2aa6c2d86fd5949655852acd2e74b6cfca39ec1bfeac	.png	current reconstructed output; see documentation for confidence and remaining caveats
reconstructed_current/scenes/A07/composites/A07_overlay_22_composite.png	4016	ffffb39da9114b117f93e272df11a9e3cdefbfb084b5d47311daa684ba9c0909	.png	current reconstructed output; see documentation for confidence and remaining caveats
reconstructed_current/scenes/A07/composites/A07_overlay_22_composite_2x.png	5020	46d197b8395087ec5e03bdc51d97707d585f0ebad3e8ab8c07b93da76505c1bd	.png	current reconstructed output; see documentation for confidence and remaining caveats
reconstructed_current/scenes/A07/composites/A07_overlay_23_composite.png	4013	151e3c109b184345109c80435ac730d24ee845bedaf2d8cb4e66f3d299dca969	.png	current reconstructed output; see documentation for confidence and remaining caveats
reconstructed_current/scenes/A07/composites/A07_overlay_23_composite_2x.png	5019	dfcaba1128050d16988d4126084572425a5a935ffe0bea7e29e5c934203ad5ce	.png	current reconstructed output; see documentation for confidence and remaining caveats
reconstructed_current/scenes/A07/composites/A07_overlay_24_composite.png	4013	b18faf122b6ea2af9cace489a35da26ad409c868d7cccab35a6e075e4c4c88dd	.png	current reconstructed output; see documentation for confidence and remaining caveats
reconstructed_current/scenes/A07/composites/A07_overlay_24_composite_2x.png	5014	451fa5189a9c5e619e2cbd6ce6d32823565db9858f72b656db7a185e1792a230	.png	current reconstructed output; see documentation for confidence and remaining caveats
reconstructed_current/scenes/A07/composites/A07_overlay_25_composite.png	4018	dca9c50dd9bbe01984dffd2504e94ecc073228e4aeb1a213da362d3318cbfaa8	.png	current reconstructed output; see documentation for confidence and remaining caveats
reconstructed_current/scenes/A07/composites/A07_overlay_25_composite_2x.png	5024	2dc1fc1795c236d7765cb55912bcbb40859f7073afbe732082f6496e83365953	.png	current reconstructed output; see documentation for confidence and remaining caveats
reconstructed_current/scenes/A07/composites/A07_overlay_26_composite.png	4023	88987861d0810fcbaf0b8178b3c9f97cc797b45e164ded0a38472c1a8b03e5dc	.png	current reconstructed output; see documentation for confidence and remaining caveats
reconstructed_current/scenes/A07/composites/A07_overlay_26_composite_2x.png	5029	8be1db7e15f7b8eb1353672810c44713ac41ff4431dbacbae3bcf5c44ae2f7c9	.png	current reconstructed output; see documentation for confidence and remaining caveats
reconstructed_current/scenes/A07/composites/A07_overlay_27_composite.png	4025	174a73001bc5b72c6c10fe3a545f6fd24fb10f119758880168440e4642705a4c	.png	current reconstructed output; see documentation for confidence and remaining caveats
reconstructed_current/scenes/A07/composites/A07_overlay_27_composite_2x.png	5030	bcd5da5a46f4cfdde80580b71b1231daa892138a02ada9d74da27cecbe3c97c9	.png	current reconstructed output; see documentation for confidence and remaining caveats
reconstructed_current/scenes/A07/composites/A07_overlay_28_composite.png	4025	df997a88323eb6cc50889d4a56e2fa46970a1d91f35dd1fe5dca66208e952c25	.png	current reconstructed output; see documentation for confidence and remaining caveats
reconstructed_current/scenes/A07/composites/A07_overlay_28_composite_2x.png	5028	d6abf09974102fd80edd35c42f817335ebbb3a33bf03d8cf5d5155a3d2831ef1	.png	current reconstructed output; see documentation for confidence and remaining caveats
reconstructed_current/scenes/A07/composites/A07_overlay_29_composite.png	4025	1c96325bbcc81da5a163a62e2c5ea00f2aa5e9028e51804ce9602b6be2778657	.png	current reconstructed output; see documentation for confidence and remaining caveats
reconstructed_current/scenes/A07/composites/A07_overlay_29_composite_2x.png	5031	486afe5137b863a4ba447e9cba712d5a58dff0c7b016db80f977476579f9696b	.png	current reconstructed output; see documentation for confidence and remaining caveats
reconstructed_current/scenes/A07/composites/A07_overlay_30_composite.png	4026	ab1a2a8f9a8b5c553eaafd48c279d7d45d12d2e9ee68612112eba1e88be130f7	.png	current reconstructed output; see documentation for confidence and remaining caveats
reconstructed_current/scenes/A07/composites/A07_overlay_30_composite_2x.png	5031	bdd40a9cf532078b58093dc2b9e2cd2d1184b96e6404201914389335064373fd	.png	current reconstructed output; see documentation for confidence and remaining caveats
reconstructed_current/scenes/A07/composites/A07_overlay_31_composite.png	4024	d001bebb70309231c228f49c66112bbf0f0899e025c4fdda5eafb39b5ab1e5fe	.png	current reconstructed output; see documentation for confidence and remaining caveats
reconstructed_current/scenes/A07/composites/A07_overlay_31_composite_2x.png	5031	5bad6dd557928c22927492d50699477c55569e2a1a535f3e90a4ff31d9a9e932	.png	current reconstructed output; see documentation for confidence and remaining caveats
reconstructed_current/scenes/A07/composites/A07_overlay_32_composite.png	4027	9b9b0f4e32096192c3974787662cc509a463121239607ec40dcc74a20504a24b	.png	current reconstructed output; see documentation for confidence and remaining caveats
reconstructed_current/scenes/A07/composites/A07_overlay_32_composite_2x.png	5031	65a8bf52a8e4b0ab1af859ab8dd37e1cd7f91d23e64dc346d811ba619c53a7a0	.png	current reconstructed output; see documentation for confidence and remaining caveats
reconstructed_current/scenes/A07/composites/A07_overlay_33_composite.png	4026	f419bc1e7be21a80c74532ad5edcd2ceb2e8091b5bc0c82a80d686a0f46eadf5	.png	current reconstructed output; see documentation for confidence and remaining caveats
reconstructed_current/scenes/A07/composites/A07_overlay_33_composite_2x.png	5033	aa9c54c833ee20c8b172d42269b452118517631a716e02356d67026507c9cfdb	.png	current reconstructed output; see documentation for confidence and remaining caveats
reconstructed_current/scenes/A07/composites/A07_overlay_34_composite.png	4026	73e3332d6ed6cf8989458d97f64c80420097ffee3ebe4cffa35fa59e38418113	.png	current reconstructed output; see documentation for confidence and remaining caveats
reconstructed_current/scenes/A07/composites/A07_overlay_34_composite_2x.png	5033	c0f11983e14decec9a1f3fc6fee33e7e3b15b8ae6a066e21cdf19fcde81e7b08	.png	current reconstructed output; see documentation for confidence and remaining caveats
reconstructed_current/scenes/A07/composites/A07_overlay_35_composite.png	4026	86f0f2811cb544f1422cf3e6c6623d70783738e765eceb7cf9647e6723417861	.png	current reconstructed output; see documentation for confidence and remaining caveats
reconstructed_current/scenes/A07/composites/A07_overlay_35_composite_2x.png	5031	8231596e217aec9fefcf4cf4445797fd85d95e794f3cb08e28857022a0d32db6	.png	current reconstructed output; see documentation for confidence and remaining caveats
reconstructed_current/scenes/A07/composites/A07_overlay_36_composite.png	4022	4972a27cd784f2e3bc6e26da4dcc4f8ed6805ea1ad5bb84cb45879ca4e03d8b7	.png	current reconstructed output; see documentation for confidence and remaining caveats
reconstructed_current/scenes/A07/composites/A07_overlay_36_composite_2x.png	5024	235d4f1d7a3ff013ce200341c8c5d8df541a7f72c219748b314e9f52fc9ae5d6	.png	current reconstructed output; see documentation for confidence and remaining caveats
reconstructed_current/scenes/A07/composites/A07_overlay_37_composite.png	4015	b5e01294d7e16a5853373ad6d257d6bec07797024e1df2a264551ea7158db989	.png	current reconstructed output; see documentation for confidence and remaining caveats
reconstructed_current/scenes/A07/composites/A07_overlay_37_composite_2x.png	5018	bc26c9fabed9f278b626bb3cfb64a2d37dc24d7828b0fe376a5debfcf9d04239	.png	current reconstructed output; see documentation for confidence and remaining caveats
reconstructed_current/scenes/A07/composites/A07_overlay_38_composite.png	4014	9c31dca21ba75e7c161e324e68e04d525fa5301350b5c3a4e5dbba9cc973815c	.png	current reconstructed output; see documentation for confidence and remaining caveats
reconstructed_current/scenes/A07/composites/A07_overlay_38_composite_2x.png	5018	a535be0f2287fab10f077c0a72fd75dff9012d9c0d74746f924e20ada2c68b5e	.png	current reconstructed output; see documentation for confidence and remaining caveats
reconstructed_current/scenes/A07/composites/A07_overlay_39_composite.png	4014	2f54f85f97fde0c8c5c014a6e67f6efd297b7feab515a86923e003e1b76843a8	.png	current reconstructed output; see documentation for confidence and remaining caveats
reconstructed_current/scenes/A07/composites/A07_overlay_39_composite_2x.png	5016	36f9494968f37b2022d9aa4722a76e217f7ca4424d4a79291153294eb0b46f0d	.png	current reconstructed output; see documentation for confidence and remaining caveats
reconstructed_current/scenes/A07/composites/A07_overlay_40_composite.png	4015	6baf489f509672550fb29c2fcc5bc5c8e5573b52cb00a989906ba8ba18c26e0e	.png	current reconstructed output; see documentation for confidence and remaining caveats
reconstructed_current/scenes/A07/composites/A07_overlay_40_composite_2x.png	5018	90eb4084aae18cf2fdd761fa9f6e918373c492fa958e7495b4aa0d39893341e8	.png	current reconstructed output; see documentation for confidence and remaining caveats
reconstructed_current/scenes/A07/composites/A07_overlay_41_composite.png	4013	6718ba4d045fb6efbcbc405e7535ffcea1ff4ecd9b6195b3763089ab12921c94	.png	current reconstructed output; see documentation for confidence and remaining caveats
reconstructed_current/scenes/A07/composites/A07_overlay_41_composite_2x.png	5014	4d53c5a93145da098f673898288578667ded9686d070d0f578582e7f616325af	.png	current reconstructed output; see documentation for confidence and remaining caveats
reconstructed_current/scenes/A07/composites/A07_overlay_42_composite.png	4012	9d905a344c1de727301089b5a470ec3a8ac08a6aaabaa61e89bbdcb24ea6130c	.png	current reconstructed output; see documentation for confidence and remaining caveats
reconstructed_current/scenes/A07/composites/A07_overlay_42_composite_2x.png	5017	5bffbb0d8b45b951d6152c26223d44af267d8ca295229d72762fe74c651bd85d	.png	current reconstructed output; see documentation for confidence and remaining caveats
reconstructed_current/scenes/A07/composites/A07_overlay_43_composite.png	4011	45039a80cc95447fbe7a24107f996e1d6b10a33bc43e3c9c99158d8e65520945	.png	current reconstructed output; see documentation for confidence and remaining caveats
reconstructed_current/scenes/A07/composites/A07_overlay_43_composite_2x.png	5017	0523f1c4eda05c2d2ed14469c8774d70cf5fc929b0e132275ded1c6e735fb67a	.png	current reconstructed output; see documentation for confidence and remaining caveats
reconstructed_current/scenes/A07/composites/A07_overlay_44_composite.png	4012	a2e9f3501d2d2efbfb62bab82388b5d24765615a9523bc3df3046ad23c02a156	.png	current reconstructed output; see documentation for confidence and remaining caveats
reconstructed_current/scenes/A07/composites/A07_overlay_44_composite_2x.png	5019	68f08642d75663da9078aa7d9b106021212b10720e83e977f495c1aed6123035	.png	current reconstructed output; see documentation for confidence and remaining caveats
reconstructed_current/scenes/A07/composites/A07_overlay_45_composite.png	4008	1dbb55e72511bc36cf1a8cc7dfa48ed95fd2cd2fa33372ec3d828b267561b5a7	.png	current reconstructed output; see documentation for confidence and remaining caveats
reconstructed_current/scenes/A07/composites/A07_overlay_45_composite_2x.png	5009	9dc550bf147fd38852cc536fc3cd6de5f28d28245660fc7cce6269cc66ed6fd2	.png	current reconstructed output; see documentation for confidence and remaining caveats
reconstructed_current/scenes/A07/composites/A07_overlay_46_composite.png	4005	aab1160ad7c4c4576f585f703435a1b7405e42400e31c041120ea84090e549ba	.png	current reconstructed output; see documentation for confidence and remaining caveats
reconstructed_current/scenes/A07/composites/A07_overlay_46_composite_2x.png	5005	ab6e5b94493d8817fe5518c3d01699c590b4edd3dab86d897cbf2d496a6f0878	.png	current reconstructed output; see documentation for confidence and remaining caveats
reconstructed_current/scenes/A07/composites/A07_overlay_47_composite.png	4006	d3832bcbd5af645852e0d42b266ddec12af2aec1a7022a832c3b12b24fc2b0c1	.png	current reconstructed output; see documentation for confidence and remaining caveats
reconstructed_current/scenes/A07/composites/A07_overlay_47_composite_2x.png	5004	00239ad31b0a44c3e66aa948fe899f7d4c7efe68a92699e547f08930275f7c80	.png	current reconstructed output; see documentation for confidence and remaining caveats
reconstructed_current/scenes/A07/composites/A07_overlay_48_composite.png	4007	d4dcb6010efead9c1191a21e05f8a0dbbd4c261a931bbe03edced1dbd2c9df6b	.png	current reconstructed output; see documentation for confidence and remaining caveats
reconstructed_current/scenes/A07/composites/A07_overlay_48_composite_2x.png	5006	281ff23d14e01f4a076cb0053910286e57e0eec73e3562bf15023370093511ed	.png	current reconstructed output; see documentation for confidence and remaining caveats
reconstructed_current/scenes/A07/composites/A07_overlay_49_composite.png	4006	b8d70c18e76e3977bc3b418e99a80417a437c6a34e78133311ef254122b2e822	.png	current reconstructed output; see documentation for confidence and remaining caveats
reconstructed_current/scenes/A07/composites/A07_overlay_49_composite_2x.png	5006	e57b4ea368eaa9b93c271ed97aacc1c373d35b9f7cdd827cc51be6787d8cda8f	.png	current reconstructed output; see documentation for confidence and remaining caveats
reconstructed_current/scenes/A07/composites/A07_overlay_50_composite.png	4007	04af5c76b1915fce5259e5e80175eaebba022dc8cff92aad16acb1509921b922	.png	current reconstructed output; see documentation for confidence and remaining caveats
reconstructed_current/scenes/A07/composites/A07_overlay_50_composite_2x.png	5006	9a2d961b61a420ae1bcdb0873c25c82b972c1cc305388802bb3d79627bfc5138	.png	current reconstructed output; see documentation for confidence and remaining caveats
reconstructed_current/scenes/A07/composites/A07_overlay_51_composite.png	4006	6da30aad7e481656a8d57549f0674d3ac4f32b92232ccbc7fef2f5846d71a992	.png	current reconstructed output; see documentation for confidence and remaining caveats
reconstructed_current/scenes/A07/composites/A07_overlay_51_composite_2x.png	5006	4bf4a9771a5ac5722d586cc3516fa0f3461b293ed4436eaa687b02f03ef12fcf	.png	current reconstructed output; see documentation for confidence and remaining caveats
reconstructed_current/scenes/A07/composites/A07_overlay_52_composite.png	4007	2a10a8a0790284a68408c91229a3be81a3702a604fee87b9bdfd3f3f2546a38c	.png	current reconstructed output; see documentation for confidence and remaining caveats
reconstructed_current/scenes/A07/composites/A07_overlay_52_composite_2x.png	5006	4a2d0405dbb0e3ef36651b96374db2616b8f35e1c3550be79892b4b50d4de374	.png	current reconstructed output; see documentation for confidence and remaining caveats
reconstructed_current/scenes/A07/composites/A07_overlay_53_composite.png	4009	32e7ea7549d58bd93979e336e47785c5b07c7060995bee84775903633487a5d2	.png	current reconstructed output; see documentation for confidence and remaining caveats
reconstructed_current/scenes/A07/composites/A07_overlay_53_composite_2x.png	5015	5e175c8d69332837f2c6c953434c2b9f03203b213db1728dab31d9e67c545520	.png	current reconstructed output; see documentation for confidence and remaining caveats
reconstructed_current/scenes/A07/composites/A07_overlay_54_composite.png	4010	99abd520f94ab11f5d77bfaa3ac3b108960cb403eb7363f02e84e3035bfbb2f2	.png	current reconstructed output; see documentation for confidence and remaining caveats
reconstructed_current/scenes/A07/composites/A07_overlay_54_composite_2x.png	5014	1edf8b2fab7beaf92c2e7267f8b32eabd19375444d065844af9a61899189da4f	.png	current reconstructed output; see documentation for confidence and remaining caveats
reconstructed_current/scenes/A07/composites/A07_overlay_55_composite.png	4010	b1846b7ef4d891c89693c7e7bf0e5a0f23e4edb13faaca2052a57a2f02eb4c05	.png	current reconstructed output; see documentation for confidence and remaining caveats
reconstructed_current/scenes/A07/composites/A07_overlay_55_composite_2x.png	5016	86b5e5c5b93fd0c01e0416ac03f87c62ed97b991a817fdf790ff061dd8eb9472	.png	current reconstructed output; see documentation for confidence and remaining caveats
reconstructed_current/scenes/A07/composites/A07_overlay_56_composite.png	4009	71713c6c9518ed8d05a0a61421d2a880a4e094b63985367fd018f5ec3e73db12	.png	current reconstructed output; see documentation for confidence and remaining caveats
reconstructed_current/scenes/A07/composites/A07_overlay_56_composite_2x.png	5012	ca109539d7ee10a51a62a716f625ec5a127d2f844875d30f17e0a214a3474cb8	.png	current reconstructed output; see documentation for confidence and remaining caveats
reconstructed_current/scenes/A07/composites/A07_overlay_57_composite.png	4007	e0b85ed3e39cf29e8d699b4bb970dfd58d3532a42083654969ea51ee7fae62ac	.png	current reconstructed output; see documentation for confidence and remaining caveats
reconstructed_current/scenes/A07/composites/A07_overlay_57_composite_2x.png	5007	04b0d5704873ec448623687da9740ecb65a06dfcb33b7d617e90f41339f9d36a	.png	current reconstructed output; see documentation for confidence and remaining caveats
reconstructed_current/scenes/A07/overlays/A07_overlay_01_16x8_x0_y48.png	907	c88272d2e34f00f1c53b71f3fccfc0687f419147c8aead10c1634529d25e92ce	.png	current reconstructed output; see documentation for confidence and remaining caveats
reconstructed_current/scenes/A07/overlays/A07_overlay_01_16x8_x0_y48_2x.png	943	885fa35f9bf6378df9dea737be2f666b27803b56982fd9b8a4b48db133323352	.png	current reconstructed output; see documentation for confidence and remaining caveats
reconstructed_current/scenes/A07/overlays/A07_overlay_02_16x8_x0_y48.png	907	4eb95492deb474ec80d1901eaa5619fa37f11708fc531e2ce7db48eb22a1402b	.png	current reconstructed output; see documentation for confidence and remaining caveats
reconstructed_current/scenes/A07/overlays/A07_overlay_02_16x8_x0_y48_2x.png	939	7bcfa1e01c782778f526f9db88fe708bfdb80c1c4ca8e5230c3e9c63a4d0b0bc	.png	current reconstructed output; see documentation for confidence and remaining caveats
reconstructed_current/scenes/A07/overlays/A07_overlay_03_16x8_x0_y48.png	907	8d72597d047c3887f42b90f4dd0bf3f4bc938585ec2bad783d4e449344a81581	.png	current reconstructed output; see documentation for confidence and remaining caveats
reconstructed_current/scenes/A07/overlays/A07_overlay_03_16x8_x0_y48_2x.png	938	b07a9cc52452761e93e40fd49e32d68419728ff130caac96c9a10025108d83b2	.png	current reconstructed output; see documentation for confidence and remaining caveats
reconstructed_current/scenes/A07/overlays/A07_overlay_04_16x8_x96_y0.png	890	7e1939658e833991dda5a6e921339ffb10fdf69915baf1d395116357139b1eaf	.png	current reconstructed output; see documentation for confidence and remaining caveats
reconstructed_current/scenes/A07/overlays/A07_overlay_04_16x8_x96_y0_2x.png	913	a10d35b205b607b5cb7f8458a99d5499dc7684bf7e5b2ae35b301f949586b61e	.png	current reconstructed output; see documentation for confidence and remaining caveats
reconstructed_current/scenes/A07/overlays/A07_overlay_05_16x8_x96_y0.png	892	18fe53f22e9a8ae4a131ade752eda08f87419231b657c70cae8edd3bf3a9e65a	.png	current reconstructed output; see documentation for confidence and remaining caveats
reconstructed_current/scenes/A07/overlays/A07_overlay_05_16x8_x96_y0_2x.png	912	8b286c01b3e6ba757418a307b27840c5c9ce9fd638e6fe60fa5be9daad5edcc6	.png	current reconstructed output; see documentation for confidence and remaining caveats
reconstructed_current/scenes/A07/overlays/A07_overlay_06_16x8_x96_y0.png	889	4daac2fd1d52ab7a9bf8a89bc0d653a0883da68382adb9721550a6758d9d2d88	.png	current reconstructed output; see documentation for confidence and remaining caveats
reconstructed_current/scenes/A07/overlays/A07_overlay_06_16x8_x96_y0_2x.png	907	dbab951872e300ec9ee0c5f3031f6c6110bb61a32caabdc5890cf902d6646065	.png	current reconstructed output; see documentation for confidence and remaining caveats
reconstructed_current/scenes/A07/overlays/A07_overlay_07_32x8_x112_y8.png	943	4f4c89649827cc01c6a4791b3578695e3762c69137a6350254773a3b2e85f4c1	.png	current reconstructed output; see documentation for confidence and remaining caveats
reconstructed_current/scenes/A07/overlays/A07_overlay_07_32x8_x112_y8_2x.png	976	1c5557dd6608592f7006fc172cbd1b7a61fdbaac146c59d42db0b674c713dc10	.png	current reconstructed output; see documentation for confidence and remaining caveats
reconstructed_current/scenes/A07/overlays/A07_overlay_08_32x8_x112_y8.png	936	c449cfeb90bb8d49ad2adcbed8feb8f3151706557eb33a7412a7c8b129d63401	.png	current reconstructed output; see documentation for confidence and remaining caveats
reconstructed_current/scenes/A07/overlays/A07_overlay_08_32x8_x112_y8_2x.png	967	76a8486f059c7b5400a423000d035ba4d7b7f6645e183f1a31904dffcb0f6cff	.png	current reconstructed output; see documentation for confidence and remaining caveats
reconstructed_current/scenes/A07/overlays/A07_overlay_09_32x8_x112_y8.png	938	726746be0204d2f84be1f3be1862077790f765e32101a785a3f2a720621e1f28	.png	current reconstructed output; see documentation for confidence and remaining caveats
reconstructed_current/scenes/A07/overlays/A07_overlay_09_32x8_x112_y8_2x.png	974	1d3ba2d80216dbc5015637ec95934ecdb0bf70579afb4e84b800b8aac028ee1e	.png	current reconstructed output; see documentation for confidence and remaining caveats
reconstructed_current/scenes/A07/overlays/A07_overlay_10_32x8_x128_y24.png	938	d3431056231bec4ce4fa4175e983abb453ea2022ebc43d7e51ebae7641bcdd3b	.png	current reconstructed output; see documentation for confidence and remaining caveats
reconstructed_current/scenes/A07/overlays/A07_overlay_10_32x8_x128_y24_2x.png	981	e2879b1405dd226d2f9d208231b5592f5fd45cc419912af6b3fde6f1b115dff9	.png	current reconstructed output; see documentation for confidence and remaining caveats
reconstructed_current/scenes/A07/overlays/A07_overlay_11_32x8_x128_y24.png	939	36f37380f1844793d3691eb16b60888a38883e502eca17c47fb850954bfc577f	.png	current reconstructed output; see documentation for confidence and remaining caveats
reconstructed_current/scenes/A07/overlays/A07_overlay_11_32x8_x128_y24_2x.png	976	a0dc28a1250f50d2aa0432d7ff8e7023f0df2b0219462ad9cb53a0d2821eaf59	.png	current reconstructed output; see documentation for confidence and remaining caveats
reconstructed_current/scenes/A07/overlays/A07_overlay_12_32x8_x128_y24.png	939	092d9a1039a4ab6d6e442511cf639fe02ff0f858fc8bd5c07a36d06dcf74c5d2	.png	current reconstructed output; see documentation for confidence and remaining caveats
reconstructed_current/scenes/A07/overlays/A07_overlay_12_32x8_x128_y24_2x.png	978	f68f30eb0c68a883f2d4bd852201fca84154677ceb20dc676451ffe14375d3e5	.png	current reconstructed output; see documentation for confidence and remaining caveats
reconstructed_current/scenes/A07/overlays/A07_overlay_13_16x9_x0_y64.png	905	f9255190d05b497718acb809c0e95bb0fff6ce1300f05e8249be2b20f8c776b1	.png	current reconstructed output; see documentation for confidence and remaining caveats
reconstructed_current/scenes/A07/overlays/A07_overlay_13_16x9_x0_y64_2x.png	936	d3cc9748e98374e9e2660d255fcc7f5cc0a29ba1dc2ef2eff5b0b0d7aed879a9	.png	current reconstructed output; see documentation for confidence and remaining caveats
reconstructed_current/scenes/A07/overlays/A07_overlay_14_16x9_x0_y64.png	907	dd989903c698755be111540c3e77ca16e82f327f9f350a2c37fb1e31f70ad47a	.png	current reconstructed output; see documentation for confidence and remaining caveats
reconstructed_current/scenes/A07/overlays/A07_overlay_14_16x9_x0_y64_2x.png	942	ccce478733adba898fcbff279ea47e0a1a709c1527816e182612b99e23367187	.png	current reconstructed output; see documentation for confidence and remaining caveats
reconstructed_current/scenes/A07/overlays/A07_overlay_15_16x9_x0_y64.png	908	c2cc32ebce5b432d85f0d88d2d0ef495f7d5384cc1a43326fd445c618903d42a	.png	current reconstructed output; see documentation for confidence and remaining caveats
reconstructed_current/scenes/A07/overlays/A07_overlay_15_16x9_x0_y64_2x.png	939	e65ee1cfcb6180191b28143d8688ab5e55fe4598aa4026f696c7bbffc8b1fce0	.png	current reconstructed output; see documentation for confidence and remaining caveats
reconstructed_current/scenes/A07/overlays/A07_overlay_16_16x9_x0_y64.png	906	904f0c15a2163aa8c55517cb7ab30418b7cafcd18f59c94bc91efe326ae4e40a	.png	current reconstructed output; see documentation for confidence and remaining caveats
reconstructed_current/scenes/A07/overlays/A07_overlay_16_16x9_x0_y64_2x.png	939	a262382394fba049bf750b70a4aca58f4516e98b51fa5a46beef656555c41751	.png	current reconstructed output; see documentation for confidence and remaining caveats
reconstructed_current/scenes/A07/overlays/A07_overlay_17_16x9_x0_y64.png	905	cab8a777543d2864cb39c26e7ec46e8950c9f1f946f6d2ecadd6ac2d5a055ec7	.png	current reconstructed output; see documentation for confidence and remaining caveats
reconstructed_current/scenes/A07/overlays/A07_overlay_17_16x9_x0_y64_2x.png	935	742afb46c3f6deff22fd98fde14c111566611803870f97295c2cc6324c4074a7	.png	current reconstructed output; see documentation for confidence and remaining caveats
reconstructed_current/scenes/A07/overlays/A07_overlay_18_16x9_x0_y64.png	906	031a2cd1704cd7e5298c36275d6c68c68582c90f172df2b741817c9857e040cf	.png	current reconstructed output; see documentation for confidence and remaining caveats
reconstructed_current/scenes/A07/overlays/A07_overlay_18_16x9_x0_y64_2x.png	935	2631af64d61fe91c182a760c90c420bde0149b64ba70bfadb3614be087db2a54	.png	current reconstructed output; see documentation for confidence and remaining caveats
reconstructed_current/scenes/A07/overlays/A07_overlay_19_16x9_x0_y64.png	905	e3337bcefcd205866a9eb5b21ee62789eb6b23192a55a6bc1218379d5b80d08c	.png	current reconstructed output; see documentation for confidence and remaining caveats
reconstructed_current/scenes/A07/overlays/A07_overlay_19_16x9_x0_y64_2x.png	935	fb211a3b0ddbdb76e278b004a502f8b574a50203d729c80ea2bba51b2b0817a3	.png	current reconstructed output; see documentation for confidence and remaining caveats
reconstructed_current/scenes/A07/overlays/A07_overlay_20_32x9_x0_y64.png	939	cb3a1b26c44e01af974ed1b90556b334cd27d4606e57872f15457d5aa939adbb	.png	current reconstructed output; see documentation for confidence and remaining caveats
reconstructed_current/scenes/A07/overlays/A07_overlay_20_32x9_x0_y64_2x.png	985	9084545ab7bf4d4923649343cf193c5da7b92f4462dafe55e8436ea4f97365b3	.png	current reconstructed output; see documentation for confidence and remaining caveats
reconstructed_current/scenes/A07/overlays/A07_overlay_21_32x9_x0_y64.png	939	16d530706f831c9a35c79bf7cfcf4093b89d2dbdaf4bc7e51860e2345d444e5b	.png	current reconstructed output; see documentation for confidence and remaining caveats
reconstructed_current/scenes/A07/overlays/A07_overlay_21_32x9_x0_y64_2x.png	986	63208a3d6001c59189f825b5d23c0bc7ebd6bff74920cfe9e441688a3ad4caa8	.png	current reconstructed output; see documentation for confidence and remaining caveats
reconstructed_current/scenes/A07/overlays/A07_overlay_22_16x9_x16_y64.png	907	688521083a62f670b3a9c7146ad06a8eb5705b495999750c00b06bb29177ce4b	.png	current reconstructed output; see documentation for confidence and remaining caveats
reconstructed_current/scenes/A07/overlays/A07_overlay_22_16x9_x16_y64_2x.png	937	296af2c7640db36ef3b8d0b348ee0c38c73bdfc1c727230e54a495894ab7e8d0	.png	current reconstructed output; see documentation for confidence and remaining caveats
reconstructed_current/scenes/A07/overlays/A07_overlay_23_16x9_x16_y64.png	906	31db3429e6bc5a02efcc787747c3aafec1cd656ad0b6a70c3ddc5f72bb20d1b0	.png	current reconstructed output; see documentation for confidence and remaining caveats
reconstructed_current/scenes/A07/overlays/A07_overlay_23_16x9_x16_y64_2x.png	937	2800a27f78ba518beac599f061f45d422203bb233c1d6535dd3bc23348a2e82c	.png	current reconstructed output; see documentation for confidence and remaining caveats
reconstructed_current/scenes/A07/overlays/A07_overlay_24_16x9_x16_y64.png	906	31ce2f827a47957d6b9802b43b60b2bdcfba618c330400e14742c15cebb327f3	.png	current reconstructed output; see documentation for confidence and remaining caveats
reconstructed_current/scenes/A07/overlays/A07_overlay_24_16x9_x16_y64_2x.png	934	4c0d432bc71956c43b70c8ba526ba6e090b763d9888571dd4c3ccf4a96be4b4e	.png	current reconstructed output; see documentation for confidence and remaining caveats
reconstructed_current/scenes/A07/overlays/A07_overlay_25_16x9_x16_y64.png	910	66a98ed8e6bb43ce2bcd1338c2eb6c8800e449e9213a5c09086aa593717d74de	.png	current reconstructed output; see documentation for confidence and remaining caveats
reconstructed_current/scenes/A07/overlays/A07_overlay_25_16x9_x16_y64_2x.png	937	c06e95f8e20d22f57d7289591aedfe41e9cb3f263773d31015cb8652a9e68909	.png	current reconstructed output; see documentation for confidence and remaining caveats
reconstructed_current/scenes/A07/overlays/A07_overlay_26_16x9_x16_y64.png	913	e0953118b4c4052c188122b5c01de31e7fd556935f627e123199ab16eaa9f161	.png	current reconstructed output; see documentation for confidence and remaining caveats
reconstructed_current/scenes/A07/overlays/A07_overlay_26_16x9_x16_y64_2x.png	944	c4369de83a0d8b6f2db2c1771c0b89f5215f1a3e5de7aea4d899387a414d959d	.png	current reconstructed output; see documentation for confidence and remaining caveats
reconstructed_current/scenes/A07/overlays/A07_overlay_27_16x9_x16_y64.png	914	cdf25b7a1cbe6e9803de97c707027b321f6d9d99a4cb8f4f6b6e6acf69d5e6cc	.png	current reconstructed output; see documentation for confidence and remaining caveats
reconstructed_current/scenes/A07/overlays/A07_overlay_27_16x9_x16_y64_2x.png	942	daaa86177e74ecb1fa8bb2efe891c7f2f5b877a8dc254776cb6fe27ea6e87d8f	.png	current reconstructed output; see documentation for confidence and remaining caveats
reconstructed_current/scenes/A07/overlays/A07_overlay_28_32x9_x16_y64.png	919	ff69318764089504e46dcfbce347b43103e47bae274c72cbb479526122a38fb8	.png	current reconstructed output; see documentation for confidence and remaining caveats
reconstructed_current/scenes/A07/overlays/A07_overlay_28_32x9_x16_y64_2x.png	953	d18a47efcd46f99229700805949673e0f31c2a06ff4d1e4adbd0f10efbd71ac4	.png	current reconstructed output; see documentation for confidence and remaining caveats
reconstructed_current/scenes/A07/overlays/A07_overlay_29_32x9_x16_y64.png	922	9c0f5977f4502d47ac1875d1eef9b54fb3078299ec1ccf237465d55f5f40c538	.png	current reconstructed output; see documentation for confidence and remaining caveats
reconstructed_current/scenes/A07/overlays/A07_overlay_29_32x9_x16_y64_2x.png	953	e523bf09a0e861483659d51aa092428d1512220b6d3b797775ab30741c82a7ee	.png	current reconstructed output; see documentation for confidence and remaining caveats
reconstructed_current/scenes/A07/overlays/A07_overlay_30_16x9_x32_y64.png	870	9248311414a63e743399a3350d7c503e206e1ee91caf0f79fa9c520f51ac98c5	.png	current reconstructed output; see documentation for confidence and remaining caveats
reconstructed_current/scenes/A07/overlays/A07_overlay_30_16x9_x32_y64_2x.png	889	8769ed51724e670b0b39f00ca816ceaff4fb0a1a1bfdfb56e69cb59de17f1d1d	.png	current reconstructed output; see documentation for confidence and remaining caveats
reconstructed_current/scenes/A07/overlays/A07_overlay_31_16x9_x32_y64.png	871	f8053f626c1538e0cfc90ca6e6b68fda8b48c9a83f805fa602377707533337ed	.png	current reconstructed output; see documentation for confidence and remaining caveats
reconstructed_current/scenes/A07/overlays/A07_overlay_31_16x9_x32_y64_2x.png	887	55f17c2aa894efc50ca06d9f9bc58c0678da13c07ffccaf0e11c9c924f0fe2d7	.png	current reconstructed output; see documentation for confidence and remaining caveats
reconstructed_current/scenes/A07/overlays/A07_overlay_32_16x9_x32_y64.png	869	8c5c61c8c294e882befc1f1ee00d0cd8a55447dac1e2eeafe9164c55e811852f	.png	current reconstructed output; see documentation for confidence and remaining caveats
reconstructed_current/scenes/A07/overlays/A07_overlay_32_16x9_x32_y64_2x.png	889	723905a7900a43e09293c7e843705ecd498153238e2725dcbc4d6bc42b8a31cc	.png	current reconstructed output; see documentation for confidence and remaining caveats
reconstructed_current/scenes/A07/overlays/A07_overlay_33_16x9_x32_y64.png	871	346f3e940817e70e3b2e4e907d96900abc9de4b473dfa5e8e676ae3b020bfb39	.png	current reconstructed output; see documentation for confidence and remaining caveats
reconstructed_current/scenes/A07/overlays/A07_overlay_33_16x9_x32_y64_2x.png	888	530e49cfe4f342fbd8d6822959f08dbb69cf837dbf347aa3130fe4a9ac3e514b	.png	current reconstructed output; see documentation for confidence and remaining caveats
reconstructed_current/scenes/A07/overlays/A07_overlay_34_16x9_x32_y64.png	872	55b6f1774e45ab7b35f996b549954cefaaeceaf70c0a3d43ee3dac85093e2481	.png	current reconstructed output; see documentation for confidence and remaining caveats
reconstructed_current/scenes/A07/overlays/A07_overlay_34_16x9_x32_y64_2x.png	892	bad787ecd466a4dcb4649231160d60ff66b9eeabf9f981c0bb49caed73c0b3c0	.png	current reconstructed output; see documentation for confidence and remaining caveats
reconstructed_current/scenes/A07/overlays/A07_overlay_35_16x9_x32_y64.png	870	35a7105fa7d8091fe541c550c6ad3c2623f8c1252d3986ead141101662806abf	.png	current reconstructed output; see documentation for confidence and remaining caveats
reconstructed_current/scenes/A07/overlays/A07_overlay_35_16x9_x32_y64_2x.png	890	eef4a33757257915861d4ce6c20af6b737b9b2a6e61e425aeedc84303dadcfb6	.png	current reconstructed output; see documentation for confidence and remaining caveats
reconstructed_current/scenes/A07/overlays/A07_overlay_36_16x9_x32_y64.png	867	d9d7170d54f21abcf593cf51265eb4dca97613223e7a78c09cf9fbb240c571f6	.png	current reconstructed output; see documentation for confidence and remaining caveats
reconstructed_current/scenes/A07/overlays/A07_overlay_36_16x9_x32_y64_2x.png	887	8f867f71f542b9739243de67aad8ba6cfbc2fffabda0199dceba2af237a9e31d	.png	current reconstructed output; see documentation for confidence and remaining caveats
reconstructed_current/scenes/A07/overlays/A07_overlay_37_16x3_x96_y88.png	880	ee47767df92bc57d220a1c23b5c31c042e8d59f3770b2e713c20bd19d101ba23	.png	current reconstructed output; see documentation for confidence and remaining caveats
reconstructed_current/scenes/A07/overlays/A07_overlay_37_16x3_x96_y88_2x.png	894	23e9995ab4cc8f5f7a36ad31fb4bcddb3b44f28e868f459cec97e1e9234494a6	.png	current reconstructed output; see documentation for confidence and remaining caveats
reconstructed_current/scenes/A07/overlays/A07_overlay_38_16x3_x96_y88.png	880	3884aefe8607bb7f88d64af1a37258adeca5e5ef3bf42eedc703927fb0152fa2	.png	current reconstructed output; see documentation for confidence and remaining caveats
reconstructed_current/scenes/A07/overlays/A07_overlay_38_16x3_x96_y88_2x.png	893	aa224d75bbcac4aab2e2ea74bcb0f1795baed2a0fb1c3ea2ae38b295d3e6658e	.png	current reconstructed output; see documentation for confidence and remaining caveats
reconstructed_current/scenes/A07/overlays/A07_overlay_39_16x3_x96_y88.png	879	bb2aff875999b4aa964919bedd79e9950af1b06c886e2a587f4530df0e9614de	.png	current reconstructed output; see documentation for confidence and remaining caveats
reconstructed_current/scenes/A07/overlays/A07_overlay_39_16x3_x96_y88_2x.png	893	e60c1669656af7b4b21b8755e4699a657fe956362b6429f217509d76f2da2a06	.png	current reconstructed output; see documentation for confidence and remaining caveats
reconstructed_current/scenes/A07/overlays/A07_overlay_40_16x3_x96_y88.png	878	e010e906b12d32c81b0f6e26b002516de9085c43b48c231fcde80cbf378844b9	.png	current reconstructed output; see documentation for confidence and remaining caveats
reconstructed_current/scenes/A07/overlays/A07_overlay_40_16x3_x96_y88_2x.png	892	cca360e37bc89c7a40c6264ee6d9e3665dbeea72b12887f04bb22e99d72bf376	.png	current reconstructed output; see documentation for confidence and remaining caveats
reconstructed_current/scenes/A07/overlays/A07_overlay_41_16x3_x96_y88.png	878	20320adbb3c612c9dc93e1c4c133c9d5aa617c41b2b456248380feaf40b0a71d	.png	current reconstructed output; see documentation for confidence and remaining caveats
reconstructed_current/scenes/A07/overlays/A07_overlay_41_16x3_x96_y88_2x.png	891	7a59a9debb72ab4f85b25bd0ebc37d734a2a65395d1faf278598ae9a4c4d3609	.png	current reconstructed output; see documentation for confidence and remaining caveats
reconstructed_current/scenes/A07/overlays/A07_overlay_42_16x3_x96_y88.png	878	f2948c18d2c99c1a27add0f80fa48197c544f0f5d42d30b405a1cb566e300e96	.png	current reconstructed output; see documentation for confidence and remaining caveats
reconstructed_current/scenes/A07/overlays/A07_overlay_42_16x3_x96_y88_2x.png	890	9c8cd4ebf2290992c79c66dd1a159ee991534093253e39798076ab49ad5012db	.png	current reconstructed output; see documentation for confidence and remaining caveats
reconstructed_current/scenes/A07/overlays/A07_overlay_43_16x3_x96_y88.png	878	bfca6a344e1d519b9bc5218730cd1136e03235a1931bc28671fdee9a18002574	.png	current reconstructed output; see documentation for confidence and remaining caveats
reconstructed_current/scenes/A07/overlays/A07_overlay_43_16x3_x96_y88_2x.png	890	7f4ff86da5c14c6d1afe205e822b75e9dfe13ac71c5c8bb9aa9fc622ee3e1427	.png	current reconstructed output; see documentation for confidence and remaining caveats
reconstructed_current/scenes/A07/overlays/A07_overlay_44_16x3_x96_y88.png	878	7142b705de2fe91d39cd8ddeaf0bf0fbe8bf9c80f8cf8de497c911ac30811745	.png	current reconstructed output; see documentation for confidence and remaining caveats
reconstructed_current/scenes/A07/overlays/A07_overlay_44_16x3_x96_y88_2x.png	892	d2c856dbcb56ea4606d9e51f86851d979c06dec9e14cba4ba11407b0ee2270b0	.png	current reconstructed output; see documentation for confidence and remaining caveats
reconstructed_current/scenes/A07/overlays/A07_overlay_45_16x1_x48_y12.png	859	8b8b503bd3f22b76a2efdadd5ade94f9ec7b8e27731ba0131d7377260b67e25c	.png	current reconstructed output; see documentation for confidence and remaining caveats
reconstructed_current/scenes/A07/overlays/A07_overlay_45_16x1_x48_y12_2x.png	867	91829aa0a9bce6bbc36b8350440eadbd79e3f8fc2259c6fdf997e5302c9bf906	.png	current reconstructed output; see documentation for confidence and remaining caveats
reconstructed_current/scenes/A07/overlays/A07_overlay_46_16x5_x16_y40.png	885	0db7e6178e2d0d34570da7b05037d9905b6051b3f752d8834ed532cd2136e4dc	.png	current reconstructed output; see documentation for confidence and remaining caveats
reconstructed_current/scenes/A07/overlays/A07_overlay_46_16x5_x16_y40_2x.png	900	0d141d4151131e92673b8c7166a1f92904ca1d788e91d5dd08a040729e01b84b	.png	current reconstructed output; see documentation for confidence and remaining caveats
reconstructed_current/scenes/A07/overlays/A07_overlay_47_16x5_x16_y40.png	886	ace5d91fc277c93354bc8b8d483ab13b98e0b80876e4c9315e71328b98707545	.png	current reconstructed output; see documentation for confidence and remaining caveats
reconstructed_current/scenes/A07/overlays/A07_overlay_47_16x5_x16_y40_2x.png	900	536975885554658748a093d0cbeed5f1708f092f5be6d4f5993639c3b229b43c	.png	current reconstructed output; see documentation for confidence and remaining caveats
reconstructed_current/scenes/A07/overlays/A07_overlay_48_16x5_x16_y40.png	885	de84be61fd9bb8a69dc02c4f182a5af94ae5bf9d49bf19e4b2460a1f9de8378c	.png	current reconstructed output; see documentation for confidence and remaining caveats
reconstructed_current/scenes/A07/overlays/A07_overlay_48_16x5_x16_y40_2x.png	899	a3fbc5d51173b3ac2724c7cc8a41884c579e1e6fa1d4fd7cf6a6fe8ce95cede1	.png	current reconstructed output; see documentation for confidence and remaining caveats
reconstructed_current/scenes/A07/overlays/A07_overlay_49_16x5_x16_y40.png	886	7d41011f4e975068e40d08a5906662803b93f5d45c6fd1ee31ad100831469f17	.png	current reconstructed output; see documentation for confidence and remaining caveats
reconstructed_current/scenes/A07/overlays/A07_overlay_49_16x5_x16_y40_2x.png	901	c954ccc74d3874a2485716265854bd676eb80f26953193be9b56d5fba2db828f	.png	current reconstructed output; see documentation for confidence and remaining caveats
reconstructed_current/scenes/A07/overlays/A07_overlay_50_16x5_x16_y40.png	885	2963335fec8eec0e0bb356a130e245158a48091d4f6c98609387c460b4381fe1	.png	current reconstructed output; see documentation for confidence and remaining caveats
reconstructed_current/scenes/A07/overlays/A07_overlay_50_16x5_x16_y40_2x.png	901	40c28f7370332e1ffb110283320f34a97526db488cecd20384a1fa5ce2a836c0	.png	current reconstructed output; see documentation for confidence and remaining caveats
reconstructed_current/scenes/A07/overlays/A07_overlay_51_16x5_x16_y40.png	885	05c5aad04ae26f2d5adaa14bd0133318009da70b116310488427cd9b30f8c53c	.png	current reconstructed output; see documentation for confidence and remaining caveats
reconstructed_current/scenes/A07/overlays/A07_overlay_51_16x5_x16_y40_2x.png	903	5dce84eb672302e40a3661cec60acb75830dc55e614c5775f1157500f5e7ca8e	.png	current reconstructed output; see documentation for confidence and remaining caveats
reconstructed_current/scenes/A07/overlays/A07_overlay_52_16x5_x16_y40.png	886	7bcaa297ea8d55cbff7871a129ca3854dac37345c3529afd296c4c68778f592f	.png	current reconstructed output; see documentation for confidence and remaining caveats
reconstructed_current/scenes/A07/overlays/A07_overlay_52_16x5_x16_y40_2x.png	903	928a1590a2608f780439373d4b56f5a9b0126bea220fbd126d50b9d20acb89d3	.png	current reconstructed output; see documentation for confidence and remaining caveats
reconstructed_current/scenes/A07/overlays/A07_overlay_53_16x5_x16_y40.png	889	b7f63f121359ff251031275ecf056282d830b3257ed5e5ddee98282b24ac6d97	.png	current reconstructed output; see documentation for confidence and remaining caveats
reconstructed_current/scenes/A07/overlays/A07_overlay_53_16x5_x16_y40_2x.png	906	81bed8ce0f618f70a826bafd8d97293cc17493bda4cc31cfae5f7b310d8ef0c9	.png	current reconstructed output; see documentation for confidence and remaining caveats
reconstructed_current/scenes/A07/overlays/A07_overlay_54_16x5_x16_y40.png	889	e3e462d52b5311e21304bbb1b3de4f192713e261f3eaf1be050980f8fdab4d52	.png	current reconstructed output; see documentation for confidence and remaining caveats
reconstructed_current/scenes/A07/overlays/A07_overlay_54_16x5_x16_y40_2x.png	907	911ed9159cef5b37755f05fb0264179c40cd3c28e823d4e6ab5dcfb634456f9a	.png	current reconstructed output; see documentation for confidence and remaining caveats
reconstructed_current/scenes/A07/overlays/A07_overlay_55_16x5_x16_y40.png	892	c179d4af8d083eeb515eacb6aa38f5930028f76b9f2d129f9c4642886ad81dfb	.png	current reconstructed output; see documentation for confidence and remaining caveats
reconstructed_current/scenes/A07/overlays/A07_overlay_55_16x5_x16_y40_2x.png	914	582c4a4bddd4fd6189623bef3716f1dcfa97ea599fce2e7d4c980d5314b13500	.png	current reconstructed output; see documentation for confidence and remaining caveats
reconstructed_current/scenes/A07/overlays/A07_overlay_56_16x5_x16_y40.png	889	298d9271188e4b286be1a6f428c7e5709f029d9b4900a03ce5f852e1efabe924	.png	current reconstructed output; see documentation for confidence and remaining caveats
reconstructed_current/scenes/A07/overlays/A07_overlay_56_16x5_x16_y40_2x.png	906	f6b10b0e9a6fddc062359da3dde85abfb3fd1dce7bf07ae1bf29a969ebc4f9ca	.png	current reconstructed output; see documentation for confidence and remaining caveats
reconstructed_current/scenes/A07/overlays/A07_overlay_57_16x5_x16_y40.png	886	55822a9f060c3cdef43543d3deb0d6e0cf5e4c9af20c18c499683b3c7829d42d	.png	current reconstructed output; see documentation for confidence and remaining caveats
reconstructed_current/scenes/A07/overlays/A07_overlay_57_16x5_x16_y40_2x.png	902	d3371a2f95c4e2351298387194595c667acd23df0e36a0c447f4d0fbadec5f08	.png	current reconstructed output; see documentation for confidence and remaining caveats
reconstructed_current/scenes/A07/overlays.tsv	2223	89a83d097c37074f58c8a3c9919f00392746b5ff6df580d47def8913ccb2ab2e	.tsv	current reconstructed output; see documentation for confidence and remaining caveats
reconstructed_current/scenes/A08/A08_base.png	6043	f9e4598c4631aba703fd514db023318781fe23fa27e507d01ace6f67217b6e4e	.png	current reconstructed output; see documentation for confidence and remaining caveats
reconstructed_current/scenes/A08/A08_base_2x.png	7304	25a411c6d6ff95f64b1194348ba2d91ed4407ae110b02507bf6115bec5df4ff5	.png	current reconstructed output; see documentation for confidence and remaining caveats
reconstructed_current/scenes/A08/animation_sequences.tsv	927	739d875cd5ee04b67096b3d39a7554d00231137d8bf1237c4ea0bf8efdcf9a17	.tsv	current reconstructed output; see documentation for confidence and remaining caveats
reconstructed_current/scenes/A08/composites/A08_overlay_01_composite.png	6042	dc66d5dd73fd3961367e6cac4bdb3c34e949b6cd0a240e9a428d57073e91cf36	.png	current reconstructed output; see documentation for confidence and remaining caveats
reconstructed_current/scenes/A08/composites/A08_overlay_01_composite_2x.png	7304	6b536b481ef10a221e7ea5fe7d8a14f6ef68467f5caaa8e989e26acb8d2c2908	.png	current reconstructed output; see documentation for confidence and remaining caveats
reconstructed_current/scenes/A08/composites/A08_overlay_02_composite.png	6047	0955678109be591860d1943f1e8bf658a495820f2f4d0947d84aec1a70a4cf49	.png	current reconstructed output; see documentation for confidence and remaining caveats
reconstructed_current/scenes/A08/composites/A08_overlay_02_composite_2x.png	7301	8661dbdc0314e8e320ea1d6f349e943ee0762a678acdbc585418c09ea1a50185	.png	current reconstructed output; see documentation for confidence and remaining caveats
reconstructed_current/scenes/A08/composites/A08_overlay_03_composite.png	6043	64cc2f64be84fc85b4aad80b9247b37816e51f4aaf27c80f9c09d46049b6bdce	.png	current reconstructed output; see documentation for confidence and remaining caveats
reconstructed_current/scenes/A08/composites/A08_overlay_03_composite_2x.png	7303	05453e998b60793b704c2747a55dac0e8d2ae921dbe25d2b97b2b9fb4eba5d70	.png	current reconstructed output; see documentation for confidence and remaining caveats
reconstructed_current/scenes/A08/composites/A08_overlay_04_composite.png	6037	f2ce35acca0517c60ee68e9c098a527f6724ec94b995899abded10d2d9987beb	.png	current reconstructed output; see documentation for confidence and remaining caveats
reconstructed_current/scenes/A08/composites/A08_overlay_04_composite_2x.png	7294	be94ef963ec4abb2f4e11df9ae3b0c84d56c7b2fb77a15c2dcb9c8317a25b111	.png	current reconstructed output; see documentation for confidence and remaining caveats
reconstructed_current/scenes/A08/composites/A08_overlay_05_composite.png	6041	96584c76ee85ef2efcfa350bd4d2765cb2a9b405ff285a74d1e0c1525ee7513c	.png	current reconstructed output; see documentation for confidence and remaining caveats
reconstructed_current/scenes/A08/composites/A08_overlay_05_composite_2x.png	7309	5e4444bfe2ef36fe181384cab91edf2cbc2a64d07f78bf5ab891e2a8288b8fc1	.png	current reconstructed output; see documentation for confidence and remaining caveats
reconstructed_current/scenes/A08/composites/A08_overlay_06_composite.png	6036	3ed62195047f143ad075e5fe6b51f506a63f02a1abcd1b18a3d0e1670c5b8e05	.png	current reconstructed output; see documentation for confidence and remaining caveats
reconstructed_current/scenes/A08/composites/A08_overlay_06_composite_2x.png	7295	26ef9d52ca4472c00c17ea97e3c9cb5617d0f057e2d1d36d2ce32d3fa6cd1372	.png	current reconstructed output; see documentation for confidence and remaining caveats
reconstructed_current/scenes/A08/composites/A08_overlay_07_composite.png	6050	b93e4aad95da060b31573dbfddb5461e2b9cb0dae58a83c694c841be108ea542	.png	current reconstructed output; see documentation for confidence and remaining caveats
reconstructed_current/scenes/A08/composites/A08_overlay_07_composite_2x.png	7305	21139357a32a9ce05124ef24fc10dcfbb658435df3b52e28917f62fe477e1275	.png	current reconstructed output; see documentation for confidence and remaining caveats
reconstructed_current/scenes/A08/composites/A08_overlay_08_composite.png	6043	c9bf86bf55b829ee5e5eeb93cef43400c1f2fc236a90f6f83d70e348a44f8079	.png	current reconstructed output; see documentation for confidence and remaining caveats
reconstructed_current/scenes/A08/composites/A08_overlay_08_composite_2x.png	7307	8d3d3407efc989b4593eaacd3b849ef82f0d6e87b98bc0f6a6d5cef6d3117ca9	.png	current reconstructed output; see documentation for confidence and remaining caveats
reconstructed_current/scenes/A08/composites/A08_overlay_09_composite.png	6045	a7c566b5f5f48b5ae1332401e843fa631e0d59fa6b3261baa71e089f8de483c3	.png	current reconstructed output; see documentation for confidence and remaining caveats
reconstructed_current/scenes/A08/composites/A08_overlay_09_composite_2x.png	7303	ea041211eb6965a2c737361f50a2569e85cd34a9ae8386e33abd46b8c65cf611	.png	current reconstructed output; see documentation for confidence and remaining caveats
reconstructed_current/scenes/A08/composites/A08_overlay_10_composite.png	6041	b4df6ce3df690b829e79f4b96febe45cdb79b7e5644de8cdad6a00fcd9e5269f	.png	current reconstructed output; see documentation for confidence and remaining caveats
reconstructed_current/scenes/A08/composites/A08_overlay_10_composite_2x.png	7301	ee50a5351f5d0e7de246426e89c4e000aabef91db3add530c51f2dad80092619	.png	current reconstructed output; see documentation for confidence and remaining caveats
reconstructed_current/scenes/A08/composites/A08_overlay_11_composite.png	6038	c3feff5199078b1f1b0f2501c048786d4bf79e60011a6cf4cbd16fe219278af2	.png	current reconstructed output; see documentation for confidence and remaining caveats
reconstructed_current/scenes/A08/composites/A08_overlay_11_composite_2x.png	7303	73466955aaff5bb2b2b32666f60e3972adaa8e880a46c04fd197ff491e92d22e	.png	current reconstructed output; see documentation for confidence and remaining caveats
reconstructed_current/scenes/A08/composites/A08_overlay_12_composite.png	6037	5edaaeeed8637b438834915fe49ad64e3bed18cc3d340510b20598db8eebea50	.png	current reconstructed output; see documentation for confidence and remaining caveats
reconstructed_current/scenes/A08/composites/A08_overlay_12_composite_2x.png	7306	3e6782fdaa2d262c3051918845b0171f4eceb09ac70f436a733e97d1c0bf6d11	.png	current reconstructed output; see documentation for confidence and remaining caveats
reconstructed_current/scenes/A08/composites/A08_overlay_13_composite.png	6039	90b9cda133b1a3a1b9988973c3907ba7d610e6bc7635fdcb5428ffcaa9f0b6e0	.png	current reconstructed output; see documentation for confidence and remaining caveats
reconstructed_current/scenes/A08/composites/A08_overlay_13_composite_2x.png	7302	00108f61ee9c6e8ed452ec944f387ac441e1bfa6140a838406284c81b1fda28c	.png	current reconstructed output; see documentation for confidence and remaining caveats
reconstructed_current/scenes/A08/composites/A08_overlay_14_composite.png	6041	64762dea10b01237573e23967ddd068c84557a6438308f9f54340711af7c537f	.png	current reconstructed output; see documentation for confidence and remaining caveats
reconstructed_current/scenes/A08/composites/A08_overlay_14_composite_2x.png	7302	d4967b3230b9aba6b86235336b1a3c09fa535878dcd93d941e2e7dcb32482cd4	.png	current reconstructed output; see documentation for confidence and remaining caveats
reconstructed_current/scenes/A08/composites/A08_overlay_15_composite.png	6041	3d3893adfc23aefadb6e4d2a03931c0109ac0e6a5c9a7d86260abdfa66e02e06	.png	current reconstructed output; see documentation for confidence and remaining caveats
reconstructed_current/scenes/A08/composites/A08_overlay_15_composite_2x.png	7305	60d134a438ed137a2ab58f5ac4b90342410c76107e7ad0027103786ea24ffe90	.png	current reconstructed output; see documentation for confidence and remaining caveats
reconstructed_current/scenes/A08/composites/A08_overlay_16_composite.png	6044	22164da27503b371886c79afda277ea78384f8ae8e7d48a50c3a17cd82c41cc2	.png	current reconstructed output; see documentation for confidence and remaining caveats
reconstructed_current/scenes/A08/composites/A08_overlay_16_composite_2x.png	7305	dab89a27d2d01197dc39d3b41bb5d57518c715e52659bab175f8f32ca52a5b98	.png	current reconstructed output; see documentation for confidence and remaining caveats
reconstructed_current/scenes/A08/composites/A08_overlay_17_composite.png	6045	e69886be1544216afb52bb673d8fd7167d0966d8550d4c1e06edac2b4e67c9f2	.png	current reconstructed output; see documentation for confidence and remaining caveats
reconstructed_current/scenes/A08/composites/A08_overlay_17_composite_2x.png	7311	49d0c10fad420b577b6e5edd4b8e6cd5addff47bd7e5fe1c2b1706b82e629567	.png	current reconstructed output; see documentation for confidence and remaining caveats
reconstructed_current/scenes/A08/composites/A08_overlay_18_composite.png	6045	8eda14419205ff49d4cb92320d27cd3e6d2425ade5ab6ed124ca99280ccc29f1	.png	current reconstructed output; see documentation for confidence and remaining caveats
reconstructed_current/scenes/A08/composites/A08_overlay_18_composite_2x.png	7310	b5b2f092edbec94093457db8448c580ce91f54d2ca816e32fa3cfa2014187782	.png	current reconstructed output; see documentation for confidence and remaining caveats
reconstructed_current/scenes/A08/composites/A08_overlay_19_composite.png	6045	ec575f36c4f6d6283fb1066533847f663e084094a64f35ad07f3e271731323fa	.png	current reconstructed output; see documentation for confidence and remaining caveats
reconstructed_current/scenes/A08/composites/A08_overlay_19_composite_2x.png	7307	3004f7161d57dc380eea45256767f7897fa0a19e4a1024dec18bbef6afd3e390	.png	current reconstructed output; see documentation for confidence and remaining caveats
reconstructed_current/scenes/A08/composites/A08_overlay_20_composite.png	6044	0a3d35603d71b900166dc22fcb0e04b2941faaa8c5f8177218ace08099c166fe	.png	current reconstructed output; see documentation for confidence and remaining caveats
reconstructed_current/scenes/A08/composites/A08_overlay_20_composite_2x.png	7306	22cbf46d24ce144a14b877e5a5a16a0d56ef33372ad0f7361c24a1f9024aaa29	.png	current reconstructed output; see documentation for confidence and remaining caveats
reconstructed_current/scenes/A08/composites/A08_overlay_21_composite.png	6042	58485e062c2b0a99601fe992df14333d2efd660fa8d6940670c1bb6e2f3aa463	.png	current reconstructed output; see documentation for confidence and remaining caveats
reconstructed_current/scenes/A08/composites/A08_overlay_21_composite_2x.png	7305	a6f0934d3e6e467f86c521da4301c8f062eb9b4c345623754ef6afc1129942b3	.png	current reconstructed output; see documentation for confidence and remaining caveats
reconstructed_current/scenes/A08/composites/A08_overlay_22_composite.png	6044	0f58b39e6b2d7c947b136ededf533ad7d893d89bb0dcd86a2d5afdad249c751a	.png	current reconstructed output; see documentation for confidence and remaining caveats
reconstructed_current/scenes/A08/composites/A08_overlay_22_composite_2x.png	7306	56a4b4b3fa623e5d789912413e93bfa03be8929df1122a9b43b8ece269f1616d	.png	current reconstructed output; see documentation for confidence and remaining caveats
reconstructed_current/scenes/A08/composites/A08_overlay_23_composite.png	6044	dae6793ca94fc55323c9b0589a0b4ecb1f5416a3651638f0ca41a330072c4368	.png	current reconstructed output; see documentation for confidence and remaining caveats
reconstructed_current/scenes/A08/composites/A08_overlay_23_composite_2x.png	7305	e35cbcd02435388928848512ef6eac61b5fef3913159016612e8ba01c878e9f0	.png	current reconstructed output; see documentation for confidence and remaining caveats
reconstructed_current/scenes/A08/composites/A08_overlay_24_composite.png	6042	3009b95aff1d98011783440affc0e6c81d436f9b20694d58db6e86df1a7a9afb	.png	current reconstructed output; see documentation for confidence and remaining caveats
reconstructed_current/scenes/A08/composites/A08_overlay_24_composite_2x.png	7306	8a08e2dbcdc9faefed33f731c49e61438bd517795430c8147b702cb50826ee1c	.png	current reconstructed output; see documentation for confidence and remaining caveats
reconstructed_current/scenes/A08/composites/A08_overlay_25_composite.png	6043	893150858ae26143b9887ba7c10ab427e05a6ffcdc299aeae9820fc5a5ddfe49	.png	current reconstructed output; see documentation for confidence and remaining caveats
reconstructed_current/scenes/A08/composites/A08_overlay_25_composite_2x.png	7306	af1b4dc7e88e3fc066baa5abd59b0287706521da4501bb30ca9293599a422fc4	.png	current reconstructed output; see documentation for confidence and remaining caveats
reconstructed_current/scenes/A08/composites/A08_overlay_26_composite.png	6047	d38919651c199ca8d3dd8073dd75a1540cc7ab9f42404c6d0a474f85f6b793bf	.png	current reconstructed output; see documentation for confidence and remaining caveats
reconstructed_current/scenes/A08/composites/A08_overlay_26_composite_2x.png	7312	15fcc106af81659f06a8204fba764137f505b3bf9a3473997fb520164de68c41	.png	current reconstructed output; see documentation for confidence and remaining caveats
reconstructed_current/scenes/A08/composites/A08_overlay_27_composite.png	6045	4ae21b91121a1178bad48eb7b68074108964212ad43e58e75fc2687f0b3a4383	.png	current reconstructed output; see documentation for confidence and remaining caveats
reconstructed_current/scenes/A08/composites/A08_overlay_27_composite_2x.png	7311	2c55bf646bd156b2138b8efc6706ef0c7ee006daaa1a60c47679a90166492d69	.png	current reconstructed output; see documentation for confidence and remaining caveats
reconstructed_current/scenes/A08/composites/A08_overlay_28_composite.png	6046	1248604391b466e66aa0a8c164ef947cf1a278ef768393d98ea2cdc813ee3e5c	.png	current reconstructed output; see documentation for confidence and remaining caveats
reconstructed_current/scenes/A08/composites/A08_overlay_28_composite_2x.png	7308	a583eec36cdfb720338a6f3c56b6c7a704eb19f9dfb93b3f31acad16db41b6c9	.png	current reconstructed output; see documentation for confidence and remaining caveats
reconstructed_current/scenes/A08/composites/A08_overlay_29_composite.png	6046	8026111764757c687e584e31b01c47318369449a24862a8a2f595aae51fa3db6	.png	current reconstructed output; see documentation for confidence and remaining caveats
reconstructed_current/scenes/A08/composites/A08_overlay_29_composite_2x.png	7301	ef281656396032d08dd360085b8a52eeb815dfb2b991da0971d073c7bb18166c	.png	current reconstructed output; see documentation for confidence and remaining caveats
reconstructed_current/scenes/A08/composites/A08_overlay_30_composite.png	6046	1fd8173c9b69f249203cc7dadc9002c661ae475fed2d942405b71107f2ebfb03	.png	current reconstructed output; see documentation for confidence and remaining caveats
reconstructed_current/scenes/A08/composites/A08_overlay_30_composite_2x.png	7307	a0bda5f87e710eaf3343719fabe5a63796aa5f7b92aaace74adf7ed35ef2bac6	.png	current reconstructed output; see documentation for confidence and remaining caveats
reconstructed_current/scenes/A08/composites/A08_overlay_31_composite.png	6047	2c257c2ff31434d9a23a3b0e6b2269e6752602e5c7e46a5623571db985870fd5	.png	current reconstructed output; see documentation for confidence and remaining caveats
reconstructed_current/scenes/A08/composites/A08_overlay_31_composite_2x.png	7307	65b6812518d89012c3489df24ec5634ad454360c79df8feecf68785b9014fc77	.png	current reconstructed output; see documentation for confidence and remaining caveats
reconstructed_current/scenes/A08/composites/A08_overlay_32_composite.png	6049	24ed9230a87037de1a17beb8f7fe62897502d9ab323870a1c2681a030d37844d	.png	current reconstructed output; see documentation for confidence and remaining caveats
reconstructed_current/scenes/A08/composites/A08_overlay_32_composite_2x.png	7320	62febf742d8c66040f35231fa229003eb86a20b25ed3905500501b730e978d64	.png	current reconstructed output; see documentation for confidence and remaining caveats
reconstructed_current/scenes/A08/composites/A08_overlay_33_composite.png	6046	5d0f646c9cc64564dadc1887bf2fb755b221d1229d2280d74e3bd7ccce07ba68	.png	current reconstructed output; see documentation for confidence and remaining caveats
reconstructed_current/scenes/A08/composites/A08_overlay_33_composite_2x.png	7308	a51c47f5b550adfc01676917eb43f82096079897199034527a02d92e0c04f7a2	.png	current reconstructed output; see documentation for confidence and remaining caveats
reconstructed_current/scenes/A08/composites/A08_overlay_34_composite.png	6047	fbb6752be8007182535fae2bdfc8d734cfc4291eacd58fe4f6d1e5427a0b92df	.png	current reconstructed output; see documentation for confidence and remaining caveats
reconstructed_current/scenes/A08/composites/A08_overlay_34_composite_2x.png	7315	a09037210d790f3c6236e9a8ba47541e349799e41a0da98280a65163494e70ed	.png	current reconstructed output; see documentation for confidence and remaining caveats
reconstructed_current/scenes/A08/composites/A08_overlay_35_composite.png	6042	1ed94e4397ed8205463942e101dfd8979940ce1419870e247ee90addab180659	.png	current reconstructed output; see documentation for confidence and remaining caveats
reconstructed_current/scenes/A08/composites/A08_overlay_35_composite_2x.png	7306	ce7114b993513e30d5e507d31084af83ce7ccc8af03c726595a20ea1e2f2b926	.png	current reconstructed output; see documentation for confidence and remaining caveats
reconstructed_current/scenes/A08/overlays/A08_overlay_01_96x14_x0_y72.png	1319	5f9caa5aef8f29aaf3df73fe386448d5ab9d250a83c343326f373541144bad4c	.png	current reconstructed output; see documentation for confidence and remaining caveats
reconstructed_current/scenes/A08/overlays/A08_overlay_01_96x14_x0_y72_2x.png	1475	3f4da1165e74082a20ea07751bcef51a9cff52406cacd5e2e49b7b15410a72a3	.png	current reconstructed output; see documentation for confidence and remaining caveats
reconstructed_current/scenes/A08/overlays/A08_overlay_02_96x14_x0_y72.png	1322	467edb53e0150231551078d11f99e11bf11c848a1dd08a607d45222bbd0d3508	.png	current reconstructed output; see documentation for confidence and remaining caveats
reconstructed_current/scenes/A08/overlays/A08_overlay_02_96x14_x0_y72_2x.png	1477	f557f0a27cf490489ed6a8a2e9d79e7f47f946c86a6b66eea0f59b7289aa189a	.png	current reconstructed output; see documentation for confidence and remaining caveats
reconstructed_current/scenes/A08/overlays/A08_overlay_03_96x14_x0_y72.png	1320	d367345e350da310f73d1de9f91fef6e6511de23423e7448807bd2a85b6b40ff	.png	current reconstructed output; see documentation for confidence and remaining caveats
reconstructed_current/scenes/A08/overlays/A08_overlay_03_96x14_x0_y72_2x.png	1472	f6b434222408ecd241672cef66b51350e64fe0ce6ca7319b49b3294a76720c88	.png	current reconstructed output; see documentation for confidence and remaining caveats
reconstructed_current/scenes/A08/overlays/A08_overlay_04_32x27_x128_y0.png	1059	c917879954a764d7945856862e573759c612412b14a2f4be93c9d1d02a996e4a	.png	current reconstructed output; see documentation for confidence and remaining caveats
reconstructed_current/scenes/A08/overlays/A08_overlay_04_32x27_x128_y0_2x.png	1149	4d58ebcc0a7c5f5a2d101b6423d83fa85f6325c34026c083fb7750c7c1fc9772	.png	current reconstructed output; see documentation for confidence and remaining caveats
reconstructed_current/scenes/A08/overlays/A08_overlay_05_32x27_x128_y0.png	1063	d8b5abf28c60732a4f4598905e46b18d39611ab41c1989c17f55122aa66a70a5	.png	current reconstructed output; see documentation for confidence and remaining caveats
reconstructed_current/scenes/A08/overlays/A08_overlay_05_32x27_x128_y0_2x.png	1151	3f30f04acd6034d95c1cd4219f2bd459d50d3c83417c29805eb19f5c95c494ce	.png	current reconstructed output; see documentation for confidence and remaining caveats
reconstructed_current/scenes/A08/overlays/A08_overlay_06_32x27_x128_y0.png	1058	44dea578bd4eca590242d5a7cae3c967c53462f8b28297b427f73e10b38ee178	.png	current reconstructed output; see documentation for confidence and remaining caveats
reconstructed_current/scenes/A08/overlays/A08_overlay_06_32x27_x128_y0_2x.png	1150	483c7e67a5e44151391698a80c9f2c001a8e1fb176d05691db68d8977b0a0d41	.png	current reconstructed output; see documentation for confidence and remaining caveats
reconstructed_current/scenes/A08/overlays/A08_overlay_07_32x24_x128_y64.png	1186	e5ba979c4a8b9e088cc9fdb8685b55b22a7891ad313dc124d032d7fc0a95b209	.png	current reconstructed output; see documentation for confidence and remaining caveats
reconstructed_current/scenes/A08/overlays/A08_overlay_07_32x24_x128_y64_2x.png	1340	ce02ce073c3766d5015aa8ec8a84b3a63645a43965616d3f881d810148ecb574	.png	current reconstructed output; see documentation for confidence and remaining caveats
reconstructed_current/scenes/A08/overlays/A08_overlay_08_32x7_x0_y48.png	958	86e6a95d4711a4e307449cf07e7bca44b560f33d32ffc3f5365ad40ab60faac9	.png	current reconstructed output; see documentation for confidence and remaining caveats
reconstructed_current/scenes/A08/overlays/A08_overlay_08_32x7_x0_y48_2x.png	1018	acc18aa9db168cb6b8cacee3c7e8ff806b4d2a3a61ad00b9ba827b5b670f656d	.png	current reconstructed output; see documentation for confidence and remaining caveats
reconstructed_current/scenes/A08/overlays/A08_overlay_09_32x7_x0_y48.png	958	ece15dd2f51f2ecf0d291dd63b5139dc97dedb6ff46c9a0dd37b78f0d557ea78	.png	current reconstructed output; see documentation for confidence and remaining caveats
reconstructed_current/scenes/A08/overlays/A08_overlay_09_32x7_x0_y48_2x.png	1016	f2cdf92c40a88280b304b703d4d6114fa31951aff44047014eba2e971ab0f10c	.png	current reconstructed output; see documentation for confidence and remaining caveats
reconstructed_current/scenes/A08/overlays/A08_overlay_10_32x7_x0_y48.png	957	955ef127ed17ae55d5b0528f6158341801572b92b2f1f6ed22ab204e01bfb867	.png	current reconstructed output; see documentation for confidence and remaining caveats
reconstructed_current/scenes/A08/overlays/A08_overlay_10_32x7_x0_y48_2x.png	1014	2ad553d4efa51e92a75a39188c7800fda9e0170781b2091e71146c0f5f0e6078	.png	current reconstructed output; see documentation for confidence and remaining caveats
reconstructed_current/scenes/A08/overlays/A08_overlay_11_32x7_x0_y48.png	957	9b563652c37f2079577ddc73c37edc29ebd73d833ebd40dc8890ac08aadd56bd	.png	current reconstructed output; see documentation for confidence and remaining caveats
reconstructed_current/scenes/A08/overlays/A08_overlay_11_32x7_x0_y48_2x.png	1014	e30b19bb35ad5cb391044ae3cf1c60903f9de13971365adb9adc3314926a4fa9	.png	current reconstructed output; see documentation for confidence and remaining caveats
reconstructed_current/scenes/A08/overlays/A08_overlay_12_32x7_x0_y48.png	956	36e7a0c6e4940bea4bb8288f3bd173ff89f4c06c86376742dceaba8589055b08	.png	current reconstructed output; see documentation for confidence and remaining caveats
reconstructed_current/scenes/A08/overlays/A08_overlay_12_32x7_x0_y48_2x.png	1013	65028084d739dfbf098aaf8fe4fbfaeee04447c80222ace4d2e7ac5f34d83575	.png	current reconstructed output; see documentation for confidence and remaining caveats
reconstructed_current/scenes/A08/overlays/A08_overlay_13_32x7_x0_y48.png	956	e767094e3981a7e62c44260457321f466154a56eaf7960707295aed98fb349bb	.png	current reconstructed output; see documentation for confidence and remaining caveats
reconstructed_current/scenes/A08/overlays/A08_overlay_13_32x7_x0_y48_2x.png	1013	15d5678f4f9e6e61ed48e0fbf6e2f66457fbadb109557c4b17bd87afdd8c2376	.png	current reconstructed output; see documentation for confidence and remaining caveats
reconstructed_current/scenes/A08/overlays/A08_overlay_14_32x7_x0_y48.png	956	89f494666cef1d7d52d34bb8cef52864c540b9a8cf70bc2045aa6bea2aa790d0	.png	current reconstructed output; see documentation for confidence and remaining caveats
reconstructed_current/scenes/A08/overlays/A08_overlay_14_32x7_x0_y48_2x.png	1015	0a2928a559db7adf76a13094863eef5cf77354cf5f1915f44c598d4b84f5057e	.png	current reconstructed output; see documentation for confidence and remaining caveats
reconstructed_current/scenes/A08/overlays/A08_overlay_15_32x7_x0_y48.png	956	9a180dee20bf0c607c6ecad6d6df8bf56782342fbed04ce24a8aede8255801f5	.png	current reconstructed output; see documentation for confidence and remaining caveats
reconstructed_current/scenes/A08/overlays/A08_overlay_15_32x7_x0_y48_2x.png	1015	bb67a155601ccd1a0e9f0cc6a99e159aba2b65d2c2e28394f97e2bd3fbe8c835	.png	current reconstructed output; see documentation for confidence and remaining caveats
reconstructed_current/scenes/A08/overlays/A08_overlay_16_16x8_x96_y32.png	894	4bc1741e07ee7b2fb02d6b555adf6043d3103420a9f888705346d02ebf1de8f3	.png	current reconstructed output; see documentation for confidence and remaining caveats
reconstructed_current/scenes/A08/overlays/A08_overlay_16_16x8_x96_y32_2x.png	914	d67998e5a8e5b4843550a7c20a4ba3259669700a37183ee6310a991f52086651	.png	current reconstructed output; see documentation for confidence and remaining caveats
reconstructed_current/scenes/A08/overlays/A08_overlay_17_16x8_x96_y32.png	896	46930f064ab32a6f1fa96e00d73b1e14cc8f13c9649fba0b78aa33c84789dc58	.png	current reconstructed output; see documentation for confidence and remaining caveats
reconstructed_current/scenes/A08/overlays/A08_overlay_17_16x8_x96_y32_2x.png	917	f90856b5f2de0d5b224e9634ac6cb8211e90a772cc7738fefa7494ddcf3dadb8	.png	current reconstructed output; see documentation for confidence and remaining caveats
reconstructed_current/scenes/A08/overlays/A08_overlay_18_16x8_x96_y32.png	896	e0cc1134798f769a41d5f813e105d6a52236977e3c95e74972b78afb21cd93fb	.png	current reconstructed output; see documentation for confidence and remaining caveats
reconstructed_current/scenes/A08/overlays/A08_overlay_18_16x8_x96_y32_2x.png	915	13a8eb8fbadbdb17d5159c059e137ea6984d8fddebd2f690c247b37d655e631d	.png	current reconstructed output; see documentation for confidence and remaining caveats
reconstructed_current/scenes/A08/overlays/A08_overlay_19_16x8_x96_y32.png	898	8fca9230cf3acdabf678263a775001360d290bc25b74f550155e249b4f26ccef	.png	current reconstructed output; see documentation for confidence and remaining caveats
reconstructed_current/scenes/A08/overlays/A08_overlay_19_16x8_x96_y32_2x.png	921	3282ba9693df4d2ad7999dbb2913acadae1604e4d20fc115f6268585d9317387	.png	current reconstructed output; see documentation for confidence and remaining caveats
reconstructed_current/scenes/A08/overlays/A08_overlay_20_16x8_x96_y32.png	897	150c8ecea525f942d50d0650f1e6f456552220026b601dae4460fc89d3871b1a	.png	current reconstructed output; see documentation for confidence and remaining caveats
reconstructed_current/scenes/A08/overlays/A08_overlay_20_16x8_x96_y32_2x.png	920	112e3f6af9e770a3ffc6f485645d91b341181c0b1e11bd804ba279af4bbb64fe	.png	current reconstructed output; see documentation for confidence and remaining caveats
reconstructed_current/scenes/A08/overlays/A08_overlay_21_16x8_x96_y32.png	896	036bdc2aafc11a3e50f3ee793b8cebe57a204efb8f3f119ed958308f0453d5ae	.png	current reconstructed output; see documentation for confidence and remaining caveats
reconstructed_current/scenes/A08/overlays/A08_overlay_21_16x8_x96_y32_2x.png	915	3acb822f9c9d10a657c52693727d7af5bfa8373af051e4fcc4cc783ace3a0363	.png	current reconstructed output; see documentation for confidence and remaining caveats
reconstructed_current/scenes/A08/overlays/A08_overlay_22_16x8_x96_y32.png	896	f9625a39f55772af1d282818707e4d58a02b9e7071a0266e0fd94beb188084ab	.png	current reconstructed output; see documentation for confidence and remaining caveats
reconstructed_current/scenes/A08/overlays/A08_overlay_22_16x8_x96_y32_2x.png	918	2417680a191f98c183e6cdafb1960348ab4f5dc8ab4b33fdbc8e672ffff1e1c1	.png	current reconstructed output; see documentation for confidence and remaining caveats
reconstructed_current/scenes/A08/overlays/A08_overlay_23_16x8_x96_y32.png	896	467b846fe24a1299a1194634a7c3bb466915bc17c3c2782c11fedbc9e5469e17	.png	current reconstructed output; see documentation for confidence and remaining caveats
reconstructed_current/scenes/A08/overlays/A08_overlay_23_16x8_x96_y32_2x.png	917	78dcb2becd4e86ca7d06c0b4a2e9409deecdb86f9ad4cdb1ea3da1799f878efd	.png	current reconstructed output; see documentation for confidence and remaining caveats
reconstructed_current/scenes/A08/overlays/A08_overlay_24_16x8_x96_y32.png	893	d7a505f76e08fae9914a1ee6fe646343eb746bf9f4ddbea050822db06acc5bf9	.png	current reconstructed output; see documentation for confidence and remaining caveats
reconstructed_current/scenes/A08/overlays/A08_overlay_24_16x8_x96_y32_2x.png	913	2e24cbbcd80150e4ab8876259f541d8f436275e2b4c18102f7a477b750f5d617	.png	current reconstructed output; see documentation for confidence and remaining caveats
reconstructed_current/scenes/A08/overlays/A08_overlay_25_16x12_x0_y56.png	941	75e94bc451b6a6ae485aaab6583f4553a923fd88ab08ae9706558ec1c8ab1ef3	.png	current reconstructed output; see documentation for confidence and remaining caveats
reconstructed_current/scenes/A08/overlays/A08_overlay_25_16x12_x0_y56_2x.png	990	8a019f3376ca69d6067956ce56862cc1377c2c3e50a98fa2b239c14485595983	.png	current reconstructed output; see documentation for confidence and remaining caveats
reconstructed_current/scenes/A08/overlays/A08_overlay_26_16x12_x0_y56.png	944	995253e66e050acc28a117ca1763528998f0e8c3b6be81cf77bdc57a56cf7d5d	.png	current reconstructed output; see documentation for confidence and remaining caveats
reconstructed_current/scenes/A08/overlays/A08_overlay_26_16x12_x0_y56_2x.png	994	8156cd4931f3ddbea8b6b3dd10169d774562b7b4b12eedc6c0d4215c01924782	.png	current reconstructed output; see documentation for confidence and remaining caveats
reconstructed_current/scenes/A08/overlays/A08_overlay_27_16x12_x0_y56.png	944	2b4c316ef66d19d573a5e4b91ef278e8ebf209e4b94ef8788986c4f1ba3b6632	.png	current reconstructed output; see documentation for confidence and remaining caveats
reconstructed_current/scenes/A08/overlays/A08_overlay_27_16x12_x0_y56_2x.png	995	0b2f235f9cafaaadf41f6e79c5ad16bbececb5f4048549bcd2071f5ace989b8d	.png	current reconstructed output; see documentation for confidence and remaining caveats
reconstructed_current/scenes/A08/overlays/A08_overlay_28_16x12_x0_y56.png	943	2fa8c771b505d1787c6c107ad10e65de7994fcf8156e77cf195683e9cc986012	.png	current reconstructed output; see documentation for confidence and remaining caveats
reconstructed_current/scenes/A08/overlays/A08_overlay_28_16x12_x0_y56_2x.png	993	0687ac493d4ae70833e8578f488436276a8be82e88261dd6aa59176e2288d2ac	.png	current reconstructed output; see documentation for confidence and remaining caveats
reconstructed_current/scenes/A08/overlays/A08_overlay_29_16x12_x0_y56.png	943	4401ebb1d9a7bdeffab38d8ad835cfe36846e5ba585251de81b740d686a7ffe2	.png	current reconstructed output; see documentation for confidence and remaining caveats
reconstructed_current/scenes/A08/overlays/A08_overlay_29_16x12_x0_y56_2x.png	992	8f2f3cf026195d9f8e057563b667ef80ddb5993f9dcfef2dc4f1e4ee32eb1de6	.png	current reconstructed output; see documentation for confidence and remaining caveats
reconstructed_current/scenes/A08/overlays/A08_overlay_30_16x12_x0_y56.png	943	0b08bd42cfee0f70c734dc7b2b1c62469ecc9f898732e179f0fe2b85762f393c	.png	current reconstructed output; see documentation for confidence and remaining caveats
reconstructed_current/scenes/A08/overlays/A08_overlay_30_16x12_x0_y56_2x.png	993	5b365a2326caf1742b63f8b88acf33eac8186e6d4eb69733819a0543fd7d1684	.png	current reconstructed output; see documentation for confidence and remaining caveats
reconstructed_current/scenes/A08/overlays/A08_overlay_31_16x12_x0_y56.png	944	75559c98a6ed7592013373b30bfeec377519b9fb0428a9d53664aa6821aa6772	.png	current reconstructed output; see documentation for confidence and remaining caveats
reconstructed_current/scenes/A08/overlays/A08_overlay_31_16x12_x0_y56_2x.png	993	ae67e7685680dd24e6a07b837f29a7351bd7e912bacfca9fce88fe89a36bab37	.png	current reconstructed output; see documentation for confidence and remaining caveats
reconstructed_current/scenes/A08/overlays/A08_overlay_32_16x12_x0_y56.png	945	cd504b2321765c588bdbaefd87e86dedff2e48c81af20022f228a9cafdf7deb8	.png	current reconstructed output; see documentation for confidence and remaining caveats
reconstructed_current/scenes/A08/overlays/A08_overlay_32_16x12_x0_y56_2x.png	996	e6848da926165da20a9f593677ae4aedc38134fd812aaecaa4d5a87741995aa4	.png	current reconstructed output; see documentation for confidence and remaining caveats
reconstructed_current/scenes/A08/overlays/A08_overlay_33_16x12_x0_y56.png	944	a1a5d8e8f7a0ffbf13f1bbca58da42b669365bf79b6233087752421321356a3b	.png	current reconstructed output; see documentation for confidence and remaining caveats
reconstructed_current/scenes/A08/overlays/A08_overlay_33_16x12_x0_y56_2x.png	991	92a5750458851a9b608e7757d9d12749ed5d96d0d22f799a58594ecf4413075f	.png	current reconstructed output; see documentation for confidence and remaining caveats
reconstructed_current/scenes/A08/overlays/A08_overlay_34_16x12_x0_y56.png	945	c535620458a333e934a16b3a9396527be0e2392a7b76042f5fcc8497f65e1e02	.png	current reconstructed output; see documentation for confidence and remaining caveats
reconstructed_current/scenes/A08/overlays/A08_overlay_34_16x12_x0_y56_2x.png	995	e15f4145ed3bef137a1e8a39d6d31d1114336f6418bc7de47544228ddbfffc6f	.png	current reconstructed output; see documentation for confidence and remaining caveats
reconstructed_current/scenes/A08/overlays/A08_overlay_35_16x12_x0_y56.png	943	24b5acee91a8a10745d3db654e8e93d8923a0a493cf0449f8927107af9ce61d9	.png	current reconstructed output; see documentation for confidence and remaining caveats
reconstructed_current/scenes/A08/overlays/A08_overlay_35_16x12_x0_y56_2x.png	992	6a7f7b8f223e4e4343aa2e381006a04ad240702b7714d940053864587d7a14d4	.png	current reconstructed output; see documentation for confidence and remaining caveats
reconstructed_current/scenes/A08/overlays.tsv	1401	299442a04d1e4bfaca0ea0f3cdbdb43b28e658cfd4430602d3881fc866f0c998	.tsv	current reconstructed output; see documentation for confidence and remaining caveats
reconstructed_current/scenes/A09/A09_base.png	4302	fa2858597b6bfc8ee812daf587ccad26398af2c56962118e23643c429530f784	.png	current reconstructed output; see documentation for confidence and remaining caveats
reconstructed_current/scenes/A09/A09_base_2x.png	5372	367edb56791c98207646ecef859bc9dfa66356726733dffdd0a4f8a1504bf91b	.png	current reconstructed output; see documentation for confidence and remaining caveats
reconstructed_current/scenes/A09/animation_sequences.tsv	919	872b6d5a07817f22ba983cb6c5416566cdf6bd83c1b5f6192e1897c76f608e9d	.tsv	current reconstructed output; see documentation for confidence and remaining caveats
reconstructed_current/scenes/A09/composites/A09_overlay_01_composite.png	4296	6140a6248dd0909053191cf108b92f9ad18d04aa200cfb5831f0b7a066f839fe	.png	current reconstructed output; see documentation for confidence and remaining caveats
reconstructed_current/scenes/A09/composites/A09_overlay_01_composite_2x.png	5355	4c4f57b90226933c1de661a30113077bed3ee3b4fc5365950b4631f1911b7254	.png	current reconstructed output; see documentation for confidence and remaining caveats
reconstructed_current/scenes/A09/composites/A09_overlay_02_composite.png	4257	7b7d5883461cbc1f11c14d62d532c2694a1ae413172f9e23cf8fa626e9695c93	.png	current reconstructed output; see documentation for confidence and remaining caveats
reconstructed_current/scenes/A09/composites/A09_overlay_02_composite_2x.png	5322	c5615f4d7775634258ee17f8b8a6cc51835cbd0828bf78337fe2c4cba78ed968	.png	current reconstructed output; see documentation for confidence and remaining caveats
reconstructed_current/scenes/A09/composites/A09_overlay_03_composite.png	4308	9a7ebe2c98e69bc172d672eae2f8354f62b050f5ffe0d7f59253368b6d2739e2	.png	current reconstructed output; see documentation for confidence and remaining caveats
reconstructed_current/scenes/A09/composites/A09_overlay_03_composite_2x.png	5371	95ab24a4c06d61b93cf6f287af0662ccab396c731e6782c05982b8cfe0657fac	.png	current reconstructed output; see documentation for confidence and remaining caveats
reconstructed_current/scenes/A09/composites/A09_overlay_04_composite.png	4307	f719f96a016fe5cdb104f9f6fa6e1784a7fc7e19e528d637cbf75c5aa1d35a17	.png	current reconstructed output; see documentation for confidence and remaining caveats
reconstructed_current/scenes/A09/composites/A09_overlay_04_composite_2x.png	5377	d6e4b6c549a2444a5cdc2e397cc9c87b8e777f6968c8789b45683eb113356198	.png	current reconstructed output; see documentation for confidence and remaining caveats
reconstructed_current/scenes/A09/composites/A09_overlay_05_composite.png	4306	1280b5140b25389c66e321268a01f073f29fbe24e0f5d916e3a0d02ea57ce8aa	.png	current reconstructed output; see documentation for confidence and remaining caveats
reconstructed_current/scenes/A09/composites/A09_overlay_05_composite_2x.png	5377	b733e9d7eb22efacbee7994b4e0106fa346332a6cabfcbcaea03e96c1ec1f72f	.png	current reconstructed output; see documentation for confidence and remaining caveats
reconstructed_current/scenes/A09/composites/A09_overlay_06_composite.png	4312	6618287cf6e654d6cf2532adad527d07a41f5041e4ac0b121dc264ec91286eda	.png	current reconstructed output; see documentation for confidence and remaining caveats
reconstructed_current/scenes/A09/composites/A09_overlay_06_composite_2x.png	5386	5ef5261f175da8c31590e995111add25492402a964d74f693149b8388c60367a	.png	current reconstructed output; see documentation for confidence and remaining caveats
reconstructed_current/scenes/A09/composites/A09_overlay_07_composite.png	4321	f33409b8cced8b9d12b072b2147064f02fa1825049a68e1f630bbe5187b9c66d	.png	current reconstructed output; see documentation for confidence and remaining caveats
reconstructed_current/scenes/A09/composites/A09_overlay_07_composite_2x.png	5396	d6b4ad12f26037a540690797a9ecc50241830bd645f19af3caaf08b620e271e3	.png	current reconstructed output; see documentation for confidence and remaining caveats
reconstructed_current/scenes/A09/composites/A09_overlay_08_composite.png	4294	689b7f14094cbdc57c24ebaae2b006bcb57c92da3152c95d4a4764de255df7df	.png	current reconstructed output; see documentation for confidence and remaining caveats
reconstructed_current/scenes/A09/composites/A09_overlay_08_composite_2x.png	5366	585d2bd1ea265785a408116e43ea4e176c5be42debf6a27ab2ff65716a33b0f3	.png	current reconstructed output; see documentation for confidence and remaining caveats
reconstructed_current/scenes/A09/composites/A09_overlay_09_composite.png	4300	825b80b6285c5dc1cdb763ee6a0967c67ddb32908f5fc1c21f3ad3eccef2cb2d	.png	current reconstructed output; see documentation for confidence and remaining caveats
reconstructed_current/scenes/A09/composites/A09_overlay_09_composite_2x.png	5375	1e81130b81723880656288035ceb3a1af6613b8161a663fcd1b7a70b3c39350c	.png	current reconstructed output; see documentation for confidence and remaining caveats
reconstructed_current/scenes/A09/composites/A09_overlay_10_composite.png	4297	2a75e585fc4ab25311657f257a549cff1f313ebe74143c40a08f872cf03ecd3e	.png	current reconstructed output; see documentation for confidence and remaining caveats
reconstructed_current/scenes/A09/composites/A09_overlay_10_composite_2x.png	5364	4a86da500e8a1ed335ac383b97e07135e60cdff7ae045a94244d495e2c623840	.png	current reconstructed output; see documentation for confidence and remaining caveats
reconstructed_current/scenes/A09/composites/A09_overlay_11_composite.png	4301	f3c57513c5303340b7db1d71e5390cb2291694a3301a501e74667cf9c2365c98	.png	current reconstructed output; see documentation for confidence and remaining caveats
reconstructed_current/scenes/A09/composites/A09_overlay_11_composite_2x.png	5368	c8c731eaf0edda00b8b4acde0c9a26832221392cf0d5f0f82d6acd912575cb5c	.png	current reconstructed output; see documentation for confidence and remaining caveats
reconstructed_current/scenes/A09/composites/A09_overlay_12_composite.png	4302	621220978d69676980fd4400b94884c4bc5ce047cb60ca8664ea4310b7e247c2	.png	current reconstructed output; see documentation for confidence and remaining caveats
reconstructed_current/scenes/A09/composites/A09_overlay_12_composite_2x.png	5372	4537421aa81e468b28d4c0c126c70a86f331207312b31567afb10c0279900f57	.png	current reconstructed output; see documentation for confidence and remaining caveats
reconstructed_current/scenes/A09/composites/A09_overlay_13_composite.png	4297	9995fc23de7c6eec23675df3c3f000a2b36382b5342d97bf2cd441e77b510fa1	.png	current reconstructed output; see documentation for confidence and remaining caveats
reconstructed_current/scenes/A09/composites/A09_overlay_13_composite_2x.png	5366	dd9bc030ff25f2f090bfbabb2b4cc4682fb2ed6802c10ac4f5b66018bac80384	.png	current reconstructed output; see documentation for confidence and remaining caveats
reconstructed_current/scenes/A09/composites/A09_overlay_14_composite.png	4303	fac484c8ccf8723a401a9531e4cfaa1b1a5f90f2368f7d0774cca9b1f4f4d173	.png	current reconstructed output; see documentation for confidence and remaining caveats
reconstructed_current/scenes/A09/composites/A09_overlay_14_composite_2x.png	5377	b44e64770b3048fee7d490e371dbcfffaa956ee0e1d5498ee8deccc7e28f73fc	.png	current reconstructed output; see documentation for confidence and remaining caveats
reconstructed_current/scenes/A09/composites/A09_overlay_15_composite.png	4303	4ddc9e47d82334b48db9f11b1e5399d2df5b9e9274e4221fefc0b3266952fb5d	.png	current reconstructed output; see documentation for confidence and remaining caveats
reconstructed_current/scenes/A09/composites/A09_overlay_15_composite_2x.png	5375	17679cb6fdbbf92642581282cfe308b87ef943a5f357be8cd1eebf729a331d7b	.png	current reconstructed output; see documentation for confidence and remaining caveats
reconstructed_current/scenes/A09/composites/A09_overlay_16_composite.png	4365	eabc05052e5ac5419ca083cfed94095b08af979c81ebee9db28eaff1b6a08a76	.png	current reconstructed output; see documentation for confidence and remaining caveats
reconstructed_current/scenes/A09/composites/A09_overlay_16_composite_2x.png	5445	aa020f00f908c4bfd98d26daeae9530b926b789abfc8b53d0138885e39bfd6cd	.png	current reconstructed output; see documentation for confidence and remaining caveats
reconstructed_current/scenes/A09/composites/A09_overlay_17_composite.png	4456	e538db4c0248e4726e6a468673e8ba5e7edeb9643d70a62070dd1347f24c12a5	.png	current reconstructed output; see documentation for confidence and remaining caveats
reconstructed_current/scenes/A09/composites/A09_overlay_17_composite_2x.png	5545	0749319fc6c75c74374db3ffeec511e290f07699e210691ade1b57a17d40233a	.png	current reconstructed output; see documentation for confidence and remaining caveats
reconstructed_current/scenes/A09/composites/A09_overlay_18_composite.png	4412	130c8fbaf2da661ecb7429fe74d931dfc15136acbd62a1e4bfad9a1d440c88f1	.png	current reconstructed output; see documentation for confidence and remaining caveats
reconstructed_current/scenes/A09/composites/A09_overlay_18_composite_2x.png	5510	e50fc7d3ae649dac9ed33c5054e1f6508511097647002fafe36746e58e1c2c54	.png	current reconstructed output; see documentation for confidence and remaining caveats
reconstructed_current/scenes/A09/composites/A09_overlay_19_composite.png	4368	1ed60830d04c20f5dc9fc08a46820d9d81be65050b2ef6b6f03d1fb0dfbe9af4	.png	current reconstructed output; see documentation for confidence and remaining caveats
reconstructed_current/scenes/A09/composites/A09_overlay_19_composite_2x.png	5467	9b1c7544e89028b7a5aa4b181f0d1bac7871cb4b622f3b97190e0d89069ff2d9	.png	current reconstructed output; see documentation for confidence and remaining caveats
reconstructed_current/scenes/A09/composites/A09_overlay_20_composite.png	4365	609bd177deb4739861b6e11e985c6dc9221e8c94a9d4743764380cb03d45fd39	.png	current reconstructed output; see documentation for confidence and remaining caveats
reconstructed_current/scenes/A09/composites/A09_overlay_20_composite_2x.png	5454	5d42c3a20ad58c83874f0d7f3c177f5a5760f2607966a7709c5b02f32b4b4ecc	.png	current reconstructed output; see documentation for confidence and remaining caveats
reconstructed_current/scenes/A09/composites/A09_overlay_21_composite.png	4408	b235378149527e061953af041cf6b122da5d48724395a0b9e73d994f9de92314	.png	current reconstructed output; see documentation for confidence and remaining caveats
reconstructed_current/scenes/A09/composites/A09_overlay_21_composite_2x.png	5520	a86ea78c4aadce08c9eb91a7b6037669d41f63da0dc806d5ba1444eacd382f16	.png	current reconstructed output; see documentation for confidence and remaining caveats
reconstructed_current/scenes/A09/composites/A09_overlay_22_composite.png	4406	fca5497df87790d0e8f3eea0315aa94e833bb81c3f8e14c6df0776d86c6e9c9e	.png	current reconstructed output; see documentation for confidence and remaining caveats
reconstructed_current/scenes/A09/composites/A09_overlay_22_composite_2x.png	5501	c581315bafe9de0618affcc13b5bad57609d7c949dc0743b6ee966e963de09b7	.png	current reconstructed output; see documentation for confidence and remaining caveats
reconstructed_current/scenes/A09/composites/A09_overlay_23_composite.png	4372	0e58b43915e31a3c4350fb0b6a099972c0bb43a406358f24073a5b0d78a187e4	.png	current reconstructed output; see documentation for confidence and remaining caveats
reconstructed_current/scenes/A09/composites/A09_overlay_23_composite_2x.png	5490	746cc270fa32bc0f046d5bbaa1c2a74f1b82c3d1e61c229199bafe8bf9e8d958	.png	current reconstructed output; see documentation for confidence and remaining caveats
reconstructed_current/scenes/A09/composites/A09_overlay_24_composite.png	4374	c31821310ef1dac1cd0a190fa7d93cfd7238f3c253b59ef1da7fc469c7d1f9c2	.png	current reconstructed output; see documentation for confidence and remaining caveats
reconstructed_current/scenes/A09/composites/A09_overlay_24_composite_2x.png	5487	0503c5d9d6506cd00a6b9614fa62b2808e8cd074134942ad93552a231260950d	.png	current reconstructed output; see documentation for confidence and remaining caveats
reconstructed_current/scenes/A09/composites/A09_overlay_25_composite.png	4378	8c777c8193c925677d61cb5f5143f2939dc54d124e803f3fd4c6defd69262fb7	.png	current reconstructed output; see documentation for confidence and remaining caveats
reconstructed_current/scenes/A09/composites/A09_overlay_25_composite_2x.png	5483	de48810dc745618fecde35602ed6272892ca89daae298a95d11c68b61887108f	.png	current reconstructed output; see documentation for confidence and remaining caveats
reconstructed_current/scenes/A09/composites/A09_overlay_26_composite.png	4327	9a2ad585af79f31617b4e2402bc3d02dbfe80baf1be0a73e6a00097dcfe841ca	.png	current reconstructed output; see documentation for confidence and remaining caveats
reconstructed_current/scenes/A09/composites/A09_overlay_26_composite_2x.png	5394	3a2641e8ca03da890081a25df8ebddcd6e43d02874cb307fda21b25f773014a0	.png	current reconstructed output; see documentation for confidence and remaining caveats
reconstructed_current/scenes/A09/overlays/A09_overlay_01_64x48_x48_y0.png	1475	d79025b1596d3b5d82afb9326b2fc9a966d9c8aa88dbaadb590a2f89fe11930c	.png	current reconstructed output; see documentation for confidence and remaining caveats
reconstructed_current/scenes/A09/overlays/A09_overlay_01_64x48_x48_y0_2x.png	1694	e9c2ca3442b8cc7de1446a16753cf728ea29a116314aa0dcaa0836de51590bf7	.png	current reconstructed output; see documentation for confidence and remaining caveats
reconstructed_current/scenes/A09/overlays/A09_overlay_02_64x48_x48_y0.png	1441	695747993dadf5e34c3d72f808b9adbb47e2268a2c3b5cedb763b651d127fd8a	.png	current reconstructed output; see documentation for confidence and remaining caveats
reconstructed_current/scenes/A09/overlays/A09_overlay_02_64x48_x48_y0_2x.png	1679	134baf359ad272035c466bf9431b9a835ac2240fa6d07fe5bc98a20061985000	.png	current reconstructed output; see documentation for confidence and remaining caveats
reconstructed_current/scenes/A09/overlays/A09_overlay_03_32x16_x64_y72.png	1023	1c82a7b242afcff818d73d4c3ee8d687f874cdb9104ecbe0dc7d6115560fb632	.png	current reconstructed output; see documentation for confidence and remaining caveats
reconstructed_current/scenes/A09/overlays/A09_overlay_03_32x16_x64_y72_2x.png	1113	5ca5956e110c30a6ba7127125682e5492aa72163be072ad9a95265340184751c	.png	current reconstructed output; see documentation for confidence and remaining caveats
reconstructed_current/scenes/A09/overlays/A09_overlay_04_32x8_x64_y24.png	905	87fddb94bce164ceb30484e1e3e90efe2688a23beed8086183011cc971d10a5d	.png	current reconstructed output; see documentation for confidence and remaining caveats
reconstructed_current/scenes/A09/overlays/A09_overlay_04_32x8_x64_y24_2x.png	944	0777040bf1af12bce993b8939ff4affb4aef56c60208305049400ff94900d2d8	.png	current reconstructed output; see documentation for confidence and remaining caveats
reconstructed_current/scenes/A09/overlays/A09_overlay_05_32x8_x64_y24.png	905	1f6c8c0cb3699fbf6e2638dd1b866e2c7b13ca998fdc9913125226d7b3c4ee70	.png	current reconstructed output; see documentation for confidence and remaining caveats
reconstructed_current/scenes/A09/overlays/A09_overlay_05_32x8_x64_y24_2x.png	944	76fc97eb20cd88faec8bccf8c67a4282f901f39e1293754765ca43fbc4bdbc6b	.png	current reconstructed output; see documentation for confidence and remaining caveats
reconstructed_current/scenes/A09/overlays/A09_overlay_06_32x8_x64_y24.png	913	6ffeee9966a3f71ae5a29def7ed2f98ccd3bc9214aafb314f491228513164a7a	.png	current reconstructed output; see documentation for confidence and remaining caveats
reconstructed_current/scenes/A09/overlays/A09_overlay_06_32x8_x64_y24_2x.png	950	a494422e559bcab61c8b62a809cf21341fa523d6b2f988387fbd7958387bd12d	.png	current reconstructed output; see documentation for confidence and remaining caveats
reconstructed_current/scenes/A09/overlays/A09_overlay_07_32x8_x64_y24.png	919	d546974924d66ce2b4bab3578327ba10196dfbf898bafc675153b1811c965afc	.png	current reconstructed output; see documentation for confidence and remaining caveats
reconstructed_current/scenes/A09/overlays/A09_overlay_07_32x8_x64_y24_2x.png	961	b625ea85d5e57f5d603e6d835a2ecf5806f7d284e817b5f75b41655d7f32c02b	.png	current reconstructed output; see documentation for confidence and remaining caveats
reconstructed_current/scenes/A09/overlays/A09_overlay_08_16x16_x16_y32.png	952	07d974189456dc88a61ff0d5c709ca9d65730c053bf7b1a0414f78327edac193	.png	current reconstructed output; see documentation for confidence and remaining caveats
reconstructed_current/scenes/A09/overlays/A09_overlay_08_16x16_x16_y32_2x.png	1014	be8c488b601a49c109292a7ba4dc61ad0b0871b60dc52d73306339a1f010378a	.png	current reconstructed output; see documentation for confidence and remaining caveats
reconstructed_current/scenes/A09/overlays/A09_overlay_09_16x16_x16_y32.png	953	6d5240945234a4e5addd4fe59295491f8459977a3d1cfcea3d2aa401c380957f	.png	current reconstructed output; see documentation for confidence and remaining caveats
reconstructed_current/scenes/A09/overlays/A09_overlay_09_16x16_x16_y32_2x.png	1014	0bccbaa528019f8dc9517f13aab4d113de5538f95f2abf47e3e5be7f848dd020	.png	current reconstructed output; see documentation for confidence and remaining caveats
reconstructed_current/scenes/A09/overlays/A09_overlay_10_16x16_x16_y32.png	951	fb3e34a39ec0aedc38741af11a370ddefabd9fd3c5c9558a04e79d86cc3407ef	.png	current reconstructed output; see documentation for confidence and remaining caveats
reconstructed_current/scenes/A09/overlays/A09_overlay_10_16x16_x16_y32_2x.png	1006	c56d9e40f19d44ab41942ded2a1b7977ce432bff7c822bc5e335bdb7a990596f	.png	current reconstructed output; see documentation for confidence and remaining caveats
reconstructed_current/scenes/A09/overlays/A09_overlay_11_16x16_x128_y32.png	955	d52d2d32dadc536762b25dfc8c7d2c3415a301be4a025639c7cdf3eecf55948f	.png	current reconstructed output; see documentation for confidence and remaining caveats
reconstructed_current/scenes/A09/overlays/A09_overlay_11_16x16_x128_y32_2x.png	1012	f5f916cdf47a0d54ab5e66d13e0003f0497ff16259d8c4ad3856c53f4cca39e3	.png	current reconstructed output; see documentation for confidence and remaining caveats
reconstructed_current/scenes/A09/overlays/A09_overlay_12_16x16_x128_y32.png	955	08a92cb89b970b02c86372a0d85ece3a8833e866b78e280dcf8a6b3584bbad33	.png	current reconstructed output; see documentation for confidence and remaining caveats
reconstructed_current/scenes/A09/overlays/A09_overlay_12_16x16_x128_y32_2x.png	1015	2f6d46bf689893a0f154822eaac8a3c19026379afe44b65a5d5889af746c9f86	.png	current reconstructed output; see documentation for confidence and remaining caveats
reconstructed_current/scenes/A09/overlays/A09_overlay_13_16x16_x128_y32.png	952	b9f088b72240d65f17165af89516e59087fd6794f0817b91b94b544805ff9ec3	.png	current reconstructed output; see documentation for confidence and remaining caveats
reconstructed_current/scenes/A09/overlays/A09_overlay_13_16x16_x128_y32_2x.png	1004	0b98600c6b539ce644e23c8d373ef8ff8f1a417cc467e613f852da64dacafcc5	.png	current reconstructed output; see documentation for confidence and remaining caveats
reconstructed_current/scenes/A09/overlays/A09_overlay_14_16x8_x128_y48.png	903	711275016678fc88cfbfb25a857751c69851d242275d3a1ab5fcb07105bffca6	.png	current reconstructed output; see documentation for confidence and remaining caveats
reconstructed_current/scenes/A09/overlays/A09_overlay_14_16x8_x128_y48_2x.png	929	1ab8c2299b09c51234f154ac1f3d9fa20e5a7f4f761d46977f7c1f65dca462dd	.png	current reconstructed output; see documentation for confidence and remaining caveats
reconstructed_current/scenes/A09/overlays/A09_overlay_15_16x8_x128_y48.png	905	e7a8e1d23474962ccfb4bfd94884440f4f9d507d55a5a82e7ff02d5006e85416	.png	current reconstructed output; see documentation for confidence and remaining caveats
reconstructed_current/scenes/A09/overlays/A09_overlay_15_16x8_x128_y48_2x.png	930	b54c7218d839c8656c19e2f7206a17d1788633d6b62cdc92d355b35f65d600c1	.png	current reconstructed output; see documentation for confidence and remaining caveats
reconstructed_current/scenes/A09/overlays/A09_overlay_16_32x24_x0_y64.png	1077	037c9d78b1fa9898a39f7f917b04db8d968e6426b66e65a3ccdf87a37e645330	.png	current reconstructed output; see documentation for confidence and remaining caveats
reconstructed_current/scenes/A09/overlays/A09_overlay_16_32x24_x0_y64_2x.png	1179	af63b0373a85a3a3a92c707549a67ed549108b1a49c658496963e9966d25790f	.png	current reconstructed output; see documentation for confidence and remaining caveats
reconstructed_current/scenes/A09/overlays/A09_overlay_17_32x24_x0_y64.png	1140	97c3b0e9e02f4a5cc5332c6d6aee54910b513f1d0d011a08c5a53c120f443ada	.png	current reconstructed output; see documentation for confidence and remaining caveats
reconstructed_current/scenes/A09/overlays/A09_overlay_17_32x24_x0_y64_2x.png	1280	01a393c910686b6be851c7c984b12ddeeb04adeb012c7e114b3d9a368ffb1923	.png	current reconstructed output; see documentation for confidence and remaining caveats
reconstructed_current/scenes/A09/overlays/A09_overlay_18_32x24_x0_y64.png	1116	0fed5e751481f0a77d89f57d068462687e3468a10a7305808b15b5d8655f170d	.png	current reconstructed output; see documentation for confidence and remaining caveats
reconstructed_current/scenes/A09/overlays/A09_overlay_18_32x24_x0_y64_2x.png	1251	e3512821f22c66f066bbdc29a329a6ef713bd41416693ed00cdd85ce3ef63d7a	.png	current reconstructed output; see documentation for confidence and remaining caveats
reconstructed_current/scenes/A09/overlays/A09_overlay_19_32x24_x0_y64.png	1082	193361a9986e69ba25e8ced5981e242e582f3b14fae12edd821337ef29dafac8	.png	current reconstructed output; see documentation for confidence and remaining caveats
reconstructed_current/scenes/A09/overlays/A09_overlay_19_32x24_x0_y64_2x.png	1210	79b35331bc9ff3d4613007024b53562a6e2411600b05d7822a51492660d80c47	.png	current reconstructed output; see documentation for confidence and remaining caveats
reconstructed_current/scenes/A09/overlays/A09_overlay_20_32x24_x0_y64.png	1084	71de012824c0cd8c7441c961dae942fb32119766d42cca0659763ac86eeea0b7	.png	current reconstructed output; see documentation for confidence and remaining caveats
reconstructed_current/scenes/A09/overlays/A09_overlay_20_32x24_x0_y64_2x.png	1197	a6c5b390b36f64bd255efa871ea0eb8a9522bfc622f7173b5912016ec5628b11	.png	current reconstructed output; see documentation for confidence and remaining caveats
reconstructed_current/scenes/A09/overlays/A09_overlay_21_32x24_x0_y64.png	1117	a853dffa1d5450e7a0132deac277c1a3a082ab22e79a7277aae66d2c11ab00ef	.png	current reconstructed output; see documentation for confidence and remaining caveats
reconstructed_current/scenes/A09/overlays/A09_overlay_21_32x24_x0_y64_2x.png	1259	9dd99ebd869cbb41b8ff612f3cf335ddc509ea203f8e064ee3a7471e1c426cd6	.png	current reconstructed output; see documentation for confidence and remaining caveats
reconstructed_current/scenes/A09/overlays/A09_overlay_22_32x24_x0_y64.png	1115	66c379bbc3512640bdb5bd4d054e7ee1a467331767c5dfc84629d2ca2145d2ea	.png	current reconstructed output; see documentation for confidence and remaining caveats
reconstructed_current/scenes/A09/overlays/A09_overlay_22_32x24_x0_y64_2x.png	1250	6833b885485a3ededf1d8e230170b3b2778b90857827f6ef23190026733878d7	.png	current reconstructed output; see documentation for confidence and remaining caveats
reconstructed_current/scenes/A09/overlays/A09_overlay_23_32x16_x0_y64.png	1013	1624559b1cb4d7bcb5551a66ad0462b16d82dbda847fd211f27cf7e06688d14c	.png	current reconstructed output; see documentation for confidence and remaining caveats
reconstructed_current/scenes/A09/overlays/A09_overlay_23_32x16_x0_y64_2x.png	1105	8de2d470a62a3b1d7c5431059e2d76d387249320e4f80b8fea47e782b11b1fee	.png	current reconstructed output; see documentation for confidence and remaining caveats
reconstructed_current/scenes/A09/overlays/A09_overlay_24_32x16_x0_y64.png	1013	e9608d14d7b2fa85fe7548fa35cf56ae174977a463dcadb9da7b478f0340fa04	.png	current reconstructed output; see documentation for confidence and remaining caveats
reconstructed_current/scenes/A09/overlays/A09_overlay_24_32x16_x0_y64_2x.png	1107	bf95cebe2265fd73ac361b5ea815c722c0872e6d1d3003116f77825c2ac83c6a	.png	current reconstructed output; see documentation for confidence and remaining caveats
reconstructed_current/scenes/A09/overlays/A09_overlay_25_32x16_x0_y64.png	1015	0680001c70ad7ba918a4d5a828359eaaecf51875bcf41ed36d29d8c9dc9e021e	.png	current reconstructed output; see documentation for confidence and remaining caveats
reconstructed_current/scenes/A09/overlays/A09_overlay_25_32x16_x0_y64_2x.png	1100	b4fc16c9e416d84307380a5824a2b21ca3d044f5357329d66fb010727a2638cf	.png	current reconstructed output; see documentation for confidence and remaining caveats
reconstructed_current/scenes/A09/overlays/A09_overlay_26_32x8_x0_y80.png	963	6b1f42a5e9438bb7be8fb5816f76161bf771516505b2ec73dd29eae0abdd28e4	.png	current reconstructed output; see documentation for confidence and remaining caveats
reconstructed_current/scenes/A09/overlays/A09_overlay_26_32x8_x0_y80_2x.png	1020	730c57523d023431a00c6609ce8e090cba589fbf8ebc6320cfb005d22c7a59bf	.png	current reconstructed output; see documentation for confidence and remaining caveats
reconstructed_current/scenes/A09/overlays.tsv	1088	524f5f0dd0874a1cd27a1e987b5c0e3d738a26ed5cd19d36667a4b5c36bd3f10	.tsv	current reconstructed output; see documentation for confidence and remaining caveats
reconstructed_current/scenes/A0A/A0A_base.png	5045	0e1e22b1dbeca219047f630eb54e8ea656552648c580d7d67c5f1ad2517f092d	.png	current reconstructed output; see documentation for confidence and remaining caveats
reconstructed_current/scenes/A0A/A0A_base_2x.png	6361	a759fae3b4b406c9d4e28006fade7b6de066e4fbd889ab04462cc9bdc6c943c7	.png	current reconstructed output; see documentation for confidence and remaining caveats
reconstructed_current/scenes/A0A/animation_sequences.tsv	782	100ee480afadc110f30b3f8f877fbd04fd60c9030c571e8158b183170be09efa	.tsv	current reconstructed output; see documentation for confidence and remaining caveats
reconstructed_current/scenes/A0A/composites/A0A_overlay_01_composite.png	5058	1a460c7c0aa200f5d98cc29ee699fe0441678f4fb681d10007cb5181cf8a3e25	.png	current reconstructed output; see documentation for confidence and remaining caveats
reconstructed_current/scenes/A0A/composites/A0A_overlay_01_composite_2x.png	6380	521c940117b295807e612ef15dbc2c07972492cea4bb956785b6449580b79bbe	.png	current reconstructed output; see documentation for confidence and remaining caveats
reconstructed_current/scenes/A0A/composites/A0A_overlay_02_composite.png	5060	98e9488cc2598a9f991ce0fe18371635102ce5f652fb15b0aebf1a58f412a1ea	.png	current reconstructed output; see documentation for confidence and remaining caveats
reconstructed_current/scenes/A0A/composites/A0A_overlay_02_composite_2x.png	6369	8b196fd8e060222b86ae38871126f759ed03cb950e63d47a08beb73459d7f15f	.png	current reconstructed output; see documentation for confidence and remaining caveats
reconstructed_current/scenes/A0A/composites/A0A_overlay_03_composite.png	5044	88c841eba8cbaed4c7ed2329fa90c64a29f9cb36f9e7cd45fcdc4cc5f551f9f7	.png	current reconstructed output; see documentation for confidence and remaining caveats
reconstructed_current/scenes/A0A/composites/A0A_overlay_03_composite_2x.png	6360	64d00b6d840fcda3705aa7e579fad19979dcf0c6ff1079d7cba5d4dd2bb3889a	.png	current reconstructed output; see documentation for confidence and remaining caveats
reconstructed_current/scenes/A0A/composites/A0A_overlay_04_composite.png	5043	ae37327eced9cf83c7084aafc76ab92e8d60255f5dc83d29844927248d838fd1	.png	current reconstructed output; see documentation for confidence and remaining caveats
reconstructed_current/scenes/A0A/composites/A0A_overlay_04_composite_2x.png	6358	bb5ac539c5cf4c7386e51b374fa29ed82b8c1371e560b7e2aa7632b9e582c119	.png	current reconstructed output; see documentation for confidence and remaining caveats
reconstructed_current/scenes/A0A/composites/A0A_overlay_05_composite.png	5041	67b8117d13fbb42e6e2d5140f2de681ece189aa519194dd896c29751fca4ab85	.png	current reconstructed output; see documentation for confidence and remaining caveats
reconstructed_current/scenes/A0A/composites/A0A_overlay_05_composite_2x.png	6358	068e4a6ad97e8bd1263f9893aa1818aecd4f1e22375d2ea70c6b318f8187c3c4	.png	current reconstructed output; see documentation for confidence and remaining caveats
reconstructed_current/scenes/A0A/composites/A0A_overlay_06_composite.png	5040	d0d987bda9a8af6b34cddbe89a616985c3400d91fa2222ff93110036a8d0f9da	.png	current reconstructed output; see documentation for confidence and remaining caveats
reconstructed_current/scenes/A0A/composites/A0A_overlay_06_composite_2x.png	6356	2c1d8cb3ccaed75fe718161afdb9775fb5910012c9badcbef59d8c025c5f4b45	.png	current reconstructed output; see documentation for confidence and remaining caveats
reconstructed_current/scenes/A0A/composites/A0A_overlay_07_composite.png	5035	4c96abfe8e2513eb5677072aa9f0d4c6be4e6312acf7a75332b108e0edfe9f45	.png	current reconstructed output; see documentation for confidence and remaining caveats
reconstructed_current/scenes/A0A/composites/A0A_overlay_07_composite_2x.png	6358	01899453c195c9c27055e96bcc5a461a949397e32fa23390b1e92ee52e123f88	.png	current reconstructed output; see documentation for confidence and remaining caveats
reconstructed_current/scenes/A0A/composites/A0A_overlay_08_composite.png	5043	f6ddaa7d079dc608733ae0b9b138643ee3f06f721aaf087bf23ded39e7ae75b8	.png	current reconstructed output; see documentation for confidence and remaining caveats
reconstructed_current/scenes/A0A/composites/A0A_overlay_08_composite_2x.png	6365	ceb4dbcbe748afb22b69727516e11f472cd28b19e934b43b1be5ea83bb08f8b3	.png	current reconstructed output; see documentation for confidence and remaining caveats
reconstructed_current/scenes/A0A/composites/A0A_overlay_09_composite.png	5057	15393386a461176aed71993f006041048b6f8b2ff6ad8ddeb11cdda7c4f919d6	.png	current reconstructed output; see documentation for confidence and remaining caveats
reconstructed_current/scenes/A0A/composites/A0A_overlay_09_composite_2x.png	6356	09313ce7c77f7b6cf0127562e4779351dba5bd92dcfe3995769ef622c349d3b9	.png	current reconstructed output; see documentation for confidence and remaining caveats
reconstructed_current/scenes/A0A/composites/A0A_overlay_10_composite.png	5045	232d6917814e4f2d8ba00c17d6163a3a2bff6e4874ca767441ce0c363993909a	.png	current reconstructed output; see documentation for confidence and remaining caveats
reconstructed_current/scenes/A0A/composites/A0A_overlay_10_composite_2x.png	6359	d0bdd4e0d9ab11009c9a8e4b39c8366b8dbdee1d18b85910144713d541fd2e62	.png	current reconstructed output; see documentation for confidence and remaining caveats
reconstructed_current/scenes/A0A/composites/A0A_overlay_11_composite.png	5040	272a6deb76f70faa0647683ac864acea88337ab2bf887b7ad84ce2353dcdaa1b	.png	current reconstructed output; see documentation for confidence and remaining caveats
reconstructed_current/scenes/A0A/composites/A0A_overlay_11_composite_2x.png	6358	ea722840f9c7b1bd14a7db9c20d8b1368a99a8730a0751d0c0adaf27b986451f	.png	current reconstructed output; see documentation for confidence and remaining caveats
reconstructed_current/scenes/A0A/composites/A0A_overlay_12_composite.png	5037	728b79a846ff736f53e242e3a525d49500276ef7284c14e5c94887a49dc14ab0	.png	current reconstructed output; see documentation for confidence and remaining caveats
reconstructed_current/scenes/A0A/composites/A0A_overlay_12_composite_2x.png	6355	4d25f570f62fc294027ba7334d9689ee5cc69699b9facbfb36f67545674d6bf2	.png	current reconstructed output; see documentation for confidence and remaining caveats
reconstructed_current/scenes/A0A/overlays/A0A_overlay_01_32x16_x64_y16.png	1013	79447acb79f057dfa6c43bbee61c7a32641fb78a2e91743c3dcca9a5a2eb5599	.png	current reconstructed output; see documentation for confidence and remaining caveats
reconstructed_current/scenes/A0A/overlays/A0A_overlay_01_32x16_x64_y16_2x.png	1083	12c65f978522e43ee5d06b6a62360675ad8563d7f28a047cc40be7e39fd24175	.png	current reconstructed output; see documentation for confidence and remaining caveats
reconstructed_current/scenes/A0A/overlays/A0A_overlay_02_32x8_x64_y8.png	946	57114f59668ba077349079a395162ee61692bd3726f3e8644e951a98203732b0	.png	current reconstructed output; see documentation for confidence and remaining caveats
reconstructed_current/scenes/A0A/overlays/A0A_overlay_02_32x8_x64_y8_2x.png	992	d8c54ab8bbe6aaba4c36906fc10b8466dae12ff51e05ce683ac40ef792eeb25b	.png	current reconstructed output; see documentation for confidence and remaining caveats
reconstructed_current/scenes/A0A/overlays/A0A_overlay_03_32x8_x64_y16.png	944	b2ad7c54490650c9c0499611beff0cbdb64e4c2171b7c1c351d97b8a602852d2	.png	current reconstructed output; see documentation for confidence and remaining caveats
reconstructed_current/scenes/A0A/overlays/A0A_overlay_03_32x8_x64_y16_2x.png	997	c1c071c33d98c9545d7e537646aed5b676b3d1f8fcc67d239a57ef8bc46bac34	.png	current reconstructed output; see documentation for confidence and remaining caveats
reconstructed_current/scenes/A0A/overlays/A0A_overlay_04_32x8_x64_y16.png	945	635f55143f35cb3618bd3cef24976368e81847133d236ad8321dc1315d1f08dc	.png	current reconstructed output; see documentation for confidence and remaining caveats
reconstructed_current/scenes/A0A/overlays/A0A_overlay_04_32x8_x64_y16_2x.png	999	da97567831fb1eedc61f591a04b646f06bbd1edf20b15fa740f37db524473290	.png	current reconstructed output; see documentation for confidence and remaining caveats
reconstructed_current/scenes/A0A/overlays/A0A_overlay_05_32x8_x64_y16.png	946	cae108437a975bf5ec9d5b5b4ab2a08c85880067b4e1bd5f9e711d5d42cf409b	.png	current reconstructed output; see documentation for confidence and remaining caveats
reconstructed_current/scenes/A0A/overlays/A0A_overlay_05_32x8_x64_y16_2x.png	995	07ecb717bcbbdb06ad5fe69335f5c13392d3ff2b604aef0bc255a808a0a52ccf	.png	current reconstructed output; see documentation for confidence and remaining caveats
reconstructed_current/scenes/A0A/overlays/A0A_overlay_06_32x8_x64_y24.png	921	9cdaa48085e25afe8741ace9eeb3f626997bd014cc1ccffee805fa95b04e1522	.png	current reconstructed output; see documentation for confidence and remaining caveats
reconstructed_current/scenes/A0A/overlays/A0A_overlay_06_32x8_x64_y24_2x.png	958	c88e6da8e655ab4c197e5c2ee119278645d0327ca6e45237d74c17feb023fbd1	.png	current reconstructed output; see documentation for confidence and remaining caveats
reconstructed_current/scenes/A0A/overlays/A0A_overlay_07_32x16_x96_y32.png	1036	ace5e4118f8c59a8df008d6add2bd04ad749cd0390d5751c80e652235793871c	.png	current reconstructed output; see documentation for confidence and remaining caveats
reconstructed_current/scenes/A0A/overlays/A0A_overlay_07_32x16_x96_y32_2x.png	1115	5435cbfef1310eb8ac770beb0281202b79cbe0597144b60c31357f4fc0385d2a	.png	current reconstructed output; see documentation for confidence and remaining caveats
reconstructed_current/scenes/A0A/overlays/A0A_overlay_08_32x16_x16_y56.png	1010	0d37bc1c17e83165871363cb67b6d55f05a5bb91b14dce546db64338988603e5	.png	current reconstructed output; see documentation for confidence and remaining caveats
reconstructed_current/scenes/A0A/overlays/A0A_overlay_08_32x16_x16_y56_2x.png	1079	05b610eda80388275c36411b1ddf4166fb7350ba0552bb6d25c31154f8db0aa3	.png	current reconstructed output; see documentation for confidence and remaining caveats
reconstructed_current/scenes/A0A/overlays/A0A_overlay_09_48x32_x80_y48.png	1347	ea9e3e26a458a0ad6804511dd4b25732c2dbdee1778552e5434620071f4387e0	.png	current reconstructed output; see documentation for confidence and remaining caveats
reconstructed_current/scenes/A0A/overlays/A0A_overlay_09_48x32_x80_y48_2x.png	1526	aa97b19ba4c12c44cc4c33c938e3bad093370bb68fdda0fe2077bc5f7d9901c4	.png	current reconstructed output; see documentation for confidence and remaining caveats
reconstructed_current/scenes/A0A/overlays/A0A_overlay_10_32x32_x48_y56.png	1183	033e108d208a80880959c3f61e668fa8b7974f8e569cda12843d22f6306064fb	.png	current reconstructed output; see documentation for confidence and remaining caveats
reconstructed_current/scenes/A0A/overlays/A0A_overlay_10_32x32_x48_y56_2x.png	1334	9560bf8a012be43fa505f9c221ccfc31f797263ce50153d528aa22f940c5accc	.png	current reconstructed output; see documentation for confidence and remaining caveats
reconstructed_current/scenes/A0A/overlays/A0A_overlay_11_32x32_x48_y56.png	1189	7d12b46d9e059b6411135c881d50c13eaa2fb217fa11463e2e424836d4829b0c	.png	current reconstructed output; see documentation for confidence and remaining caveats
reconstructed_current/scenes/A0A/overlays/A0A_overlay_11_32x32_x48_y56_2x.png	1342	cec7f54ec36d211d158f7cf648cafd966b7038a8decb7e59e0898a4ae87ffa9e	.png	current reconstructed output; see documentation for confidence and remaining caveats
reconstructed_current/scenes/A0A/overlays/A0A_overlay_12_32x32_x48_y56.png	1184	631c83e31072ad41e5aef5e79e6f28abf9d86493d1151db6f9354ee6e73c6d93	.png	current reconstructed output; see documentation for confidence and remaining caveats
reconstructed_current/scenes/A0A/overlays/A0A_overlay_12_32x32_x48_y56_2x.png	1337	d9d1c0611e0e283ef85d487dc749868d578708c81536f3d0a256af2fbf83ead0	.png	current reconstructed output; see documentation for confidence and remaining caveats
reconstructed_current/scenes/A0A/overlays.tsv	551	5dc54b30131cdf70a7f431eef7f0659ad66cb0ba4e23ac4eacf49c74c70a795e	.tsv	current reconstructed output; see documentation for confidence and remaining caveats
reconstructed_current/scenes/A0B/A0B_base.png	4396	e7dd635fa2c7dce7aaddddd07aed10d1a21e05719f201825e8dfe39526d79135	.png	current reconstructed output; see documentation for confidence and remaining caveats
reconstructed_current/scenes/A0B/A0B_base_2x.png	5464	d3dc3a655b850afa3b6f41be82ebfd7115ebfd5f36672f41b9d516a54b73f0e2	.png	current reconstructed output; see documentation for confidence and remaining caveats
reconstructed_current/scenes/A0B/animation_sequences.tsv	875	41ada71a09c55dfbd973496e25516b05b32c73544035c26aaf6b206dd332d43c	.tsv	current reconstructed output; see documentation for confidence and remaining caveats
reconstructed_current/scenes/A0B/composites/A0B_overlay_01_composite.png	4395	8002077c7e62b1fa0456180914c74b970edbe9e3548978b41f376b6804e6be9e	.png	current reconstructed output; see documentation for confidence and remaining caveats
reconstructed_current/scenes/A0B/composites/A0B_overlay_01_composite_2x.png	5462	f17267834e773280d26b7b45d7065d558a5588e54c00362f79469bafcd28c5fe	.png	current reconstructed output; see documentation for confidence and remaining caveats
reconstructed_current/scenes/A0B/composites/A0B_overlay_02_composite.png	4395	a5498904eec0a54b4a81bc12044ea6aea9afe9193ae972931f2459d40922eade	.png	current reconstructed output; see documentation for confidence and remaining caveats
reconstructed_current/scenes/A0B/composites/A0B_overlay_02_composite_2x.png	5460	e37351c756e54a501f813f93afda60b48aa7b80183c627fb0a1d810591378734	.png	current reconstructed output; see documentation for confidence and remaining caveats
reconstructed_current/scenes/A0B/composites/A0B_overlay_03_composite.png	4397	e7c393680e9c1b1491e70203d6a6ccd14146f615b9a7a58fc1c99a005c2f2899	.png	current reconstructed output; see documentation for confidence and remaining caveats
reconstructed_current/scenes/A0B/composites/A0B_overlay_03_composite_2x.png	5465	c8699be32a2e75e1e6383d5cef07590478c7df0beda7320c4d3aa14a53d01075	.png	current reconstructed output; see documentation for confidence and remaining caveats
reconstructed_current/scenes/A0B/composites/A0B_overlay_04_composite.png	4393	278ee8e82de87dda669d380a8057745c44e3d2a328456756959a45aed6217f15	.png	current reconstructed output; see documentation for confidence and remaining caveats
reconstructed_current/scenes/A0B/composites/A0B_overlay_04_composite_2x.png	5463	5a3bd47609919c73062a2289a8e8171fe33b65847b08012512eedbe42744f030	.png	current reconstructed output; see documentation for confidence and remaining caveats
reconstructed_current/scenes/A0B/composites/A0B_overlay_05_composite.png	4393	acfb24b7acf074e7252e63a0480ddb3256535e83f8cc5415c4eaf32ea83aee2b	.png	current reconstructed output; see documentation for confidence and remaining caveats
reconstructed_current/scenes/A0B/composites/A0B_overlay_05_composite_2x.png	5462	a409d6653af7587517fce41f0889518265c4d9236725a2940da13efafa8533ea	.png	current reconstructed output; see documentation for confidence and remaining caveats
reconstructed_current/scenes/A0B/composites/A0B_overlay_06_composite.png	4395	f4c375aec7e617cc5b81621ef2917c075fa1537e5115e85188746e4cd11fc7fe	.png	current reconstructed output; see documentation for confidence and remaining caveats
reconstructed_current/scenes/A0B/composites/A0B_overlay_06_composite_2x.png	5464	66f8a1c6db0f29202be250d09dfe5aca843fa2aec1360b58ccfd21acb5baef85	.png	current reconstructed output; see documentation for confidence and remaining caveats
reconstructed_current/scenes/A0B/composites/A0B_overlay_07_composite.png	4400	8ebda2fa14846cd1622593afa56624eeceb184bac37172c6481661923779ec2d	.png	current reconstructed output; see documentation for confidence and remaining caveats
reconstructed_current/scenes/A0B/composites/A0B_overlay_07_composite_2x.png	5467	8ec329fde02a2aa646339b5750ffaf5a76a9283eba257911d6245e0a8ebec744	.png	current reconstructed output; see documentation for confidence and remaining caveats
reconstructed_current/scenes/A0B/composites/A0B_overlay_08_composite.png	4406	2ee4d09eceaf8e0d389e7e147f6893c6cade4b8b75d19e86216f8cb3956f4978	.png	current reconstructed output; see documentation for confidence and remaining caveats
reconstructed_current/scenes/A0B/composites/A0B_overlay_08_composite_2x.png	5488	c525843c38fa75f673f66f36bfdd701a7b8db475e1420c74189c76674cd5dec8	.png	current reconstructed output; see documentation for confidence and remaining caveats
reconstructed_current/scenes/A0B/composites/A0B_overlay_09_composite.png	4414	c2e8d880597ec1b75aef654a6d90f6146fde61a6b52c0c7e8332c1e0998638a0	.png	current reconstructed output; see documentation for confidence and remaining caveats
reconstructed_current/scenes/A0B/composites/A0B_overlay_09_composite_2x.png	5498	43322c0b333f86d75baab84154d63eada5ca9880696e8182c3d0dd9dfc09bd7a	.png	current reconstructed output; see documentation for confidence and remaining caveats
reconstructed_current/scenes/A0B/composites/A0B_overlay_10_composite.png	4411	ac9b17e1a0847143b2cd6f84df5343aced77fc885596c3c29842d93d8f52ad52	.png	current reconstructed output; see documentation for confidence and remaining caveats
reconstructed_current/scenes/A0B/composites/A0B_overlay_10_composite_2x.png	5487	5c144bc911634f34770988ab770b2ffa04165ecb8b839baa13e96d1dbb39fe9d	.png	current reconstructed output; see documentation for confidence and remaining caveats
reconstructed_current/scenes/A0B/composites/A0B_overlay_11_composite.png	4413	10454524e8c65db069d92ebba945194fd42ed6de9809cd2d39585641a251045f	.png	current reconstructed output; see documentation for confidence and remaining caveats
reconstructed_current/scenes/A0B/composites/A0B_overlay_11_composite_2x.png	5491	68a0c53c748e673123918a0d407bf34e550388814ecc41a6162a41ec5c4f3cd4	.png	current reconstructed output; see documentation for confidence and remaining caveats
reconstructed_current/scenes/A0B/composites/A0B_overlay_12_composite.png	4403	185f9ae362ffc61013498ecd5496f332b1e4cd54ad02616d8363a52c7a79e59d	.png	current reconstructed output; see documentation for confidence and remaining caveats
reconstructed_current/scenes/A0B/composites/A0B_overlay_12_composite_2x.png	5481	57d88e6fe1015a384c4b319899fb1934a2585d447125d86c54b0e97acf2dcd67	.png	current reconstructed output; see documentation for confidence and remaining caveats
reconstructed_current/scenes/A0B/composites/A0B_overlay_13_composite.png	4405	eddc7774bdc61b1e4d4e44ddd8e454ceb8411c13689fd84d3a277ee87e4f942d	.png	current reconstructed output; see documentation for confidence and remaining caveats
reconstructed_current/scenes/A0B/composites/A0B_overlay_13_composite_2x.png	5482	d128ee1c62d7be99958c005d0c1cc4101a257d53f443aeb6d8de74e6c2e84a7f	.png	current reconstructed output; see documentation for confidence and remaining caveats
reconstructed_current/scenes/A0B/composites/A0B_overlay_14_composite.png	4400	348784b43557e220be67ea5148acd0589accd115b2847ca0d357432ceafa3fb7	.png	current reconstructed output; see documentation for confidence and remaining caveats
reconstructed_current/scenes/A0B/composites/A0B_overlay_14_composite_2x.png	5470	7dfcd31ba7205f156027da8b48290a0c381331486a4eeff9cd4d5cb6adb7d240	.png	current reconstructed output; see documentation for confidence and remaining caveats
reconstructed_current/scenes/A0B/composites/A0B_overlay_15_composite.png	4403	8e7553bb32cd1584f7c3c07eb97a49f6b6f8f617c51543e73207bf1611055c74	.png	current reconstructed output; see documentation for confidence and remaining caveats
reconstructed_current/scenes/A0B/composites/A0B_overlay_15_composite_2x.png	5471	c35e425384441c093055f96f91cc8392aa116ed19748717afbd2fb3c63e86f2b	.png	current reconstructed output; see documentation for confidence and remaining caveats
reconstructed_current/scenes/A0B/composites/A0B_overlay_16_composite.png	4402	a98040b8a6cc0e07886ef16b3487a928e38b398b47bf0b0aaf3371a1a707d9f2	.png	current reconstructed output; see documentation for confidence and remaining caveats
reconstructed_current/scenes/A0B/composites/A0B_overlay_16_composite_2x.png	5470	a41cc816e83740cb745b74fec888b573e1ab6df1785fd98dfdacfc1aa55e0d64	.png	current reconstructed output; see documentation for confidence and remaining caveats
reconstructed_current/scenes/A0B/composites/A0B_overlay_17_composite.png	4396	1fcb0fd68456bd397b929b18f449135e056ea153f65169d863e1efc3f52aea57	.png	current reconstructed output; see documentation for confidence and remaining caveats
reconstructed_current/scenes/A0B/composites/A0B_overlay_17_composite_2x.png	5467	a847e3a29d36883e6a1903c92d4c1af365450b0ec7ed735bb06970e3e44c8ca2	.png	current reconstructed output; see documentation for confidence and remaining caveats
reconstructed_current/scenes/A0B/composites/A0B_overlay_18_composite.png	4397	4f23add64ecea1d61e8825efe0866ee52eeeca8ea0e82fe1036e16d76d81f7d1	.png	current reconstructed output; see documentation for confidence and remaining caveats
reconstructed_current/scenes/A0B/composites/A0B_overlay_18_composite_2x.png	5463	39958ac9139c50e37b167f8c1c772dcd1eb5a3d44fca46fbe49889ae932878fe	.png	current reconstructed output; see documentation for confidence and remaining caveats
reconstructed_current/scenes/A0B/composites/A0B_overlay_19_composite.png	4364	d88cdb9621eaa55c9aaab402deb467d99da791e219fcc813e7141c83096c2748	.png	current reconstructed output; see documentation for confidence and remaining caveats
reconstructed_current/scenes/A0B/composites/A0B_overlay_19_composite_2x.png	5437	7f80ce6dba8134352a00f7abd1fa10efd049cbc2a3bfb1ebb746b82f22664640	.png	current reconstructed output; see documentation for confidence and remaining caveats
reconstructed_current/scenes/A0B/composites/A0B_overlay_20_composite.png	4399	15a329aa653de6da299cc8ba1102d21be2c099efee13984b82ccc7aa17f04b99	.png	current reconstructed output; see documentation for confidence and remaining caveats
reconstructed_current/scenes/A0B/composites/A0B_overlay_20_composite_2x.png	5471	62cf0009d1c335732a246deac3b376618e99905882cc60cc565b9da3e913e64f	.png	current reconstructed output; see documentation for confidence and remaining caveats
reconstructed_current/scenes/A0B/composites/A0B_overlay_21_composite.png	4400	95802613e1af50d04f0cbe4f5fc3af9d5ce99195dc87478b1bcefd24b781a9c4	.png	current reconstructed output; see documentation for confidence and remaining caveats
reconstructed_current/scenes/A0B/composites/A0B_overlay_21_composite_2x.png	5468	755296c6c9865b3c3bd0d97ca2ddca39fccfa109d6533614286eb99593beec38	.png	current reconstructed output; see documentation for confidence and remaining caveats
reconstructed_current/scenes/A0B/composites/A0B_overlay_22_composite.png	4408	0f08d8a9fe70859dfe6bd41fe266129432f1f74ed895a7f564d528d82870fcd5	.png	current reconstructed output; see documentation for confidence and remaining caveats
reconstructed_current/scenes/A0B/composites/A0B_overlay_22_composite_2x.png	5473	9d83e927dab55b2d80fa1f7719c2b277971f993b52b0244c78f7be45b4840175	.png	current reconstructed output; see documentation for confidence and remaining caveats
reconstructed_current/scenes/A0B/composites/A0B_overlay_23_composite.png	4387	1714aad25e6eaf6beac539ee1d2ebdd12a6a6ce767ab8185df867fd3c8f65722	.png	current reconstructed output; see documentation for confidence and remaining caveats
reconstructed_current/scenes/A0B/composites/A0B_overlay_23_composite_2x.png	5467	02f9b8fcdb318085cd7e9843b2a6b06df45d8ac60d7a511e77ed1c86df704c58	.png	current reconstructed output; see documentation for confidence and remaining caveats
reconstructed_current/scenes/A0B/composites/A0B_overlay_24_composite.png	4392	e7438600353eed93aa02bd568f96b77a8fdeb992f18d4e8306097c085000c000	.png	current reconstructed output; see documentation for confidence and remaining caveats
reconstructed_current/scenes/A0B/composites/A0B_overlay_24_composite_2x.png	5458	37bcad72f84c8368bd4f3cd713e75348064dcbb52fd3d07fa4d50e5d5d918ae0	.png	current reconstructed output; see documentation for confidence and remaining caveats
reconstructed_current/scenes/A0B/composites/A0B_overlay_25_composite.png	4396	39e6b5fd4cb508e87caca77c58d229428d4c4bf132bf5cf6133adf094df0b191	.png	current reconstructed output; see documentation for confidence and remaining caveats
reconstructed_current/scenes/A0B/composites/A0B_overlay_25_composite_2x.png	5466	623b728b8c7df1ca5ad1d92961e6260b151249a821e0b610fc6eaaf88f3694fe	.png	current reconstructed output; see documentation for confidence and remaining caveats
reconstructed_current/scenes/A0B/composites/A0B_overlay_26_composite.png	4381	60f395bd9e3eab3c8a9e80f7a94175065435958bf592a24e3cc4b792dde1158d	.png	current reconstructed output; see documentation for confidence and remaining caveats
reconstructed_current/scenes/A0B/composites/A0B_overlay_26_composite_2x.png	5462	b00482386c17f6babcb9fabe94309f96543e38cd74cb6dfa39c6f46f77056152	.png	current reconstructed output; see documentation for confidence and remaining caveats
reconstructed_current/scenes/A0B/composites/A0B_overlay_27_composite.png	4392	e282c3709b84305f3d26d473e1295de39e4f2de1dfd8d4b1e39b4ce0fb8873f0	.png	current reconstructed output; see documentation for confidence and remaining caveats
reconstructed_current/scenes/A0B/composites/A0B_overlay_27_composite_2x.png	5454	61a542501b0f0b5633f5ec418b5e2a2e5be8fe716b4d24ea1d80fc5eb566b133	.png	current reconstructed output; see documentation for confidence and remaining caveats
reconstructed_current/scenes/A0B/composites/A0B_overlay_28_composite.png	4392	8630fc9ada6db0ecaf9938c64230700c717f00c5c1ba29bff4c02e096b25b957	.png	current reconstructed output; see documentation for confidence and remaining caveats
reconstructed_current/scenes/A0B/composites/A0B_overlay_28_composite_2x.png	5458	5289b7c977cd89681c3f3d0c100ae115bf8e49a6e5bc6e1973612ea763823131	.png	current reconstructed output; see documentation for confidence and remaining caveats
reconstructed_current/scenes/A0B/composites/A0B_overlay_29_composite.png	4397	c3de92e1210be3070ce05064db2e0db0f5a9d5870426642aec7acd48505a8e56	.png	current reconstructed output; see documentation for confidence and remaining caveats
reconstructed_current/scenes/A0B/composites/A0B_overlay_29_composite_2x.png	5458	69f47de57d5515502a55635768b8ba6db4855c288aee2467fac439eeede201a3	.png	current reconstructed output; see documentation for confidence and remaining caveats
reconstructed_current/scenes/A0B/composites/A0B_overlay_30_composite.png	4390	9f9852e858f58b47214700adbd18870b532ee6b0d645477f3016fb464b3b2646	.png	current reconstructed output; see documentation for confidence and remaining caveats
reconstructed_current/scenes/A0B/composites/A0B_overlay_30_composite_2x.png	5458	19e1a51b88211f6b95ca6b55c18d906178f639924ca5f33f9415aebfb9e6c768	.png	current reconstructed output; see documentation for confidence and remaining caveats
reconstructed_current/scenes/A0B/overlays/A0B_overlay_01_32x8_x96_y32.png	950	88d1e60fc5d946dc1315871e60e5870350238dc11b05d4dd5852bb0d1544dd55	.png	current reconstructed output; see documentation for confidence and remaining caveats
reconstructed_current/scenes/A0B/overlays/A0B_overlay_01_32x8_x96_y32_2x.png	999	6de9270f1a5c57861aa8e5deb9eb143833d2312f1791745afdc58accc6dcabf0	.png	current reconstructed output; see documentation for confidence and remaining caveats
reconstructed_current/scenes/A0B/overlays/A0B_overlay_02_32x8_x96_y32.png	953	d7ae26f7fe87337b3a746ab97685b48a692230aef950e622c20b3cf185a95b2e	.png	current reconstructed output; see documentation for confidence and remaining caveats
reconstructed_current/scenes/A0B/overlays/A0B_overlay_02_32x8_x96_y32_2x.png	1005	0fee70803d4b7e27a6e6dac8bf646b7a401e04a9185afadd09102bd352c8e227	.png	current reconstructed output; see documentation for confidence and remaining caveats
reconstructed_current/scenes/A0B/overlays/A0B_overlay_03_32x8_x96_y32.png	953	7dea89b5dff8612c1002d020f52d8e6c294ed7f72c2817bcd8b9a5e7a6dd3b44	.png	current reconstructed output; see documentation for confidence and remaining caveats
reconstructed_current/scenes/A0B/overlays/A0B_overlay_03_32x8_x96_y32_2x.png	1007	2950ea1ff6374009586d5b8e06ef216f6afa502fffefb4e4d3077d864cfeea30	.png	current reconstructed output; see documentation for confidence and remaining caveats
reconstructed_current/scenes/A0B/overlays/A0B_overlay_04_32x8_x96_y32.png	952	e316d22805d500013936e291d4ded58c384c5b342dfc4d0c9e539758f74598df	.png	current reconstructed output; see documentation for confidence and remaining caveats
reconstructed_current/scenes/A0B/overlays/A0B_overlay_04_32x8_x96_y32_2x.png	997	d31afa834c1c81601dfbfea9aff809b8149bb5eec97361cc07dae50006e75288	.png	current reconstructed output; see documentation for confidence and remaining caveats
reconstructed_current/scenes/A0B/overlays/A0B_overlay_05_32x8_x96_y32.png	954	9a9f67c4844c7685514e893ef789f21988cb3b29bdd570ddaae7d9e8e34b8599	.png	current reconstructed output; see documentation for confidence and remaining caveats
reconstructed_current/scenes/A0B/overlays/A0B_overlay_05_32x8_x96_y32_2x.png	1007	b56d91282c21a3cbb9d973c403dd6887f3641c59e63de88b885326a0c8bce7ac	.png	current reconstructed output; see documentation for confidence and remaining caveats
reconstructed_current/scenes/A0B/overlays/A0B_overlay_06_32x8_x96_y32.png	950	876426d08359833f0b5243339120a23378b821c9783ac8a841f7dcb7dfb67798	.png	current reconstructed output; see documentation for confidence and remaining caveats
reconstructed_current/scenes/A0B/overlays/A0B_overlay_06_32x8_x96_y32_2x.png	1001	f33c75921efc169c7fcb13d4d9c46d62d01d4fe5df89ca1795a717198051796e	.png	current reconstructed output; see documentation for confidence and remaining caveats
reconstructed_current/scenes/A0B/overlays/A0B_overlay_07_16x8_x48_y56.png	899	e7522d2e660e65a551cfa2ff8af865317c15fa0d191106ff4f19806ad562f88c	.png	current reconstructed output; see documentation for confidence and remaining caveats
reconstructed_current/scenes/A0B/overlays/A0B_overlay_07_16x8_x48_y56_2x.png	925	72278fef00030309f31a55c7784e9defe3fe87b837b3b8b4933096777d98d990	.png	current reconstructed output; see documentation for confidence and remaining caveats
reconstructed_current/scenes/A0B/overlays/A0B_overlay_08_16x8_x48_y56.png	904	844395b4ab52a42625d73d2a74a0b5dff498db98f049900ba2ea2e6d7a8b6740	.png	current reconstructed output; see documentation for confidence and remaining caveats
reconstructed_current/scenes/A0B/overlays/A0B_overlay_08_16x8_x48_y56_2x.png	935	3ec5bea80b8b7ec8ea21e7fb6ec3142fe0fa95af4b8f82a92f83d473cba03f70	.png	current reconstructed output; see documentation for confidence and remaining caveats
reconstructed_current/scenes/A0B/overlays/A0B_overlay_09_16x16_x48_y48.png	947	42e6f7dab8913c1cd81578ddcf4b03176ece77ca22a5b62a4b237ac4ec4ad2c6	.png	current reconstructed output; see documentation for confidence and remaining caveats
reconstructed_current/scenes/A0B/overlays/A0B_overlay_09_16x16_x48_y48_2x.png	1003	9bf407c18975ea3b8f24f3e25c5202c0b2148332adca17ac51b5568b0e46753d	.png	current reconstructed output; see documentation for confidence and remaining caveats
reconstructed_current/scenes/A0B/overlays/A0B_overlay_10_16x16_x48_y48.png	944	65515a9a299b5cdcccee4dbb3803383d285de6dbfad8384d2aa1fedf36ff7b51	.png	current reconstructed output; see documentation for confidence and remaining caveats
reconstructed_current/scenes/A0B/overlays/A0B_overlay_10_16x16_x48_y48_2x.png	998	bae893ceecda22e577baf6138df41d4c7fdec487e87650c4094c785092bb7f45	.png	current reconstructed output; see documentation for confidence and remaining caveats
reconstructed_current/scenes/A0B/overlays/A0B_overlay_11_16x16_x48_y48.png	949	3622d76fecd3b7c180a9ae35e23bba3b8deb5d8f31a221a2b31b1e5c70465d4d	.png	current reconstructed output; see documentation for confidence and remaining caveats
reconstructed_current/scenes/A0B/overlays/A0B_overlay_11_16x16_x48_y48_2x.png	1010	bbcbbfe7d8c9bda66c16a55c0c42691d102050fd237cfd1e34af2f345744b2fa	.png	current reconstructed output; see documentation for confidence and remaining caveats
reconstructed_current/scenes/A0B/overlays/A0B_overlay_12_16x16_x48_y40.png	956	ec2e8891414de2a1c528a96aa905293ef39555b3cd4d18a71006853de29903ed	.png	current reconstructed output; see documentation for confidence and remaining caveats
reconstructed_current/scenes/A0B/overlays/A0B_overlay_12_16x16_x48_y40_2x.png	1022	68d86dee21ea75925a88f0e323a3590679faf914022ac1bf1507b58c82647962	.png	current reconstructed output; see documentation for confidence and remaining caveats
reconstructed_current/scenes/A0B/overlays/A0B_overlay_13_16x16_x48_y40.png	955	376c0555fc14cf1af5d42ba7f0a2253f75199287fffa5ba817934203ec54c424	.png	current reconstructed output; see documentation for confidence and remaining caveats
reconstructed_current/scenes/A0B/overlays/A0B_overlay_13_16x16_x48_y40_2x.png	1025	a6af4a103d5ab87f8a604e392dfde1c424e06aa9ae971dae5097cb7fab987a1f	.png	current reconstructed output; see documentation for confidence and remaining caveats
reconstructed_current/scenes/A0B/overlays/A0B_overlay_14_16x8_x48_y40.png	908	c43532519e682b9b775d8857c6cc4fed35febda01853f70386af9084b33763ab	.png	current reconstructed output; see documentation for confidence and remaining caveats
reconstructed_current/scenes/A0B/overlays/A0B_overlay_14_16x8_x48_y40_2x.png	943	658e50d2e37965599ac3c9b608d6c0854b2cf3ceda3d178b18fad21f5dfbde3d	.png	current reconstructed output; see documentation for confidence and remaining caveats
reconstructed_current/scenes/A0B/overlays/A0B_overlay_15_32x12_x0_y32.png	982	35f655e705ddf7f2c50159c51294bde10615ddab0648368d05c5db41707006f5	.png	current reconstructed output; see documentation for confidence and remaining caveats
reconstructed_current/scenes/A0B/overlays/A0B_overlay_15_32x12_x0_y32_2x.png	1040	51d8423f756e227dde2e7ff33ef741e4908fd79e223d621c2f09e02c31b59d63	.png	current reconstructed output; see documentation for confidence and remaining caveats
reconstructed_current/scenes/A0B/overlays/A0B_overlay_16_32x12_x0_y32.png	981	f64af4904583599d1586b8b51c2143e8e2ae5b23ed22437f065b2dbaf70d73eb	.png	current reconstructed output; see documentation for confidence and remaining caveats
reconstructed_current/scenes/A0B/overlays/A0B_overlay_16_32x12_x0_y32_2x.png	1033	3e29eb1a9ba37d07899504cf953fc11ad4473e06e1c545f2f8c8ed4cc56e08c0	.png	current reconstructed output; see documentation for confidence and remaining caveats
reconstructed_current/scenes/A0B/overlays/A0B_overlay_17_32x12_x0_y32.png	976	2df6415f9aa5ff83079788ebfc440b2a3425cfbe8960aec7a0b699a8f591ebcb	.png	current reconstructed output; see documentation for confidence and remaining caveats
reconstructed_current/scenes/A0B/overlays/A0B_overlay_17_32x12_x0_y32_2x.png	1025	57d572d28c95198a7286625fc8a3f5756ad3c775be68671f42c328c116751475	.png	current reconstructed output; see documentation for confidence and remaining caveats
reconstructed_current/scenes/A0B/overlays/A0B_overlay_18_32x12_x0_y32.png	975	eaa443d75e0fc452b8a7f40cc7b9d61bd6cd5e85d3fa281014ac2789dd8f3a96	.png	current reconstructed output; see documentation for confidence and remaining caveats
reconstructed_current/scenes/A0B/overlays/A0B_overlay_18_32x12_x0_y32_2x.png	1026	11eda8e90c33328bde24f8018af488696bc9aab91fe66ae4c6ab56b0f7be16ba	.png	current reconstructed output; see documentation for confidence and remaining caveats
reconstructed_current/scenes/A0B/overlays/A0B_overlay_19_32x48_x64_y32.png	1398	0eec6bdcc5416c7549c459bd9b95afeb904fd0de813031f0a92ea076dbd7a136	.png	current reconstructed output; see documentation for confidence and remaining caveats
reconstructed_current/scenes/A0B/overlays/A0B_overlay_19_32x48_x64_y32_2x.png	1639	6fd76a889755cda59ea7a02ba8ebec456b007e27e5649a0fbf07499814872aba	.png	current reconstructed output; see documentation for confidence and remaining caveats
reconstructed_current/scenes/A0B/overlays/A0B_overlay_20_16x20_x0_y24.png	934	0751b20319eb4a62ac6819a1fd16798e2d0b87c98c930273325533db1f23655c	.png	current reconstructed output; see documentation for confidence and remaining caveats
reconstructed_current/scenes/A0B/overlays/A0B_overlay_20_16x20_x0_y24_2x.png	982	fb8b47a5c03643dcb4ea3c5355cc518fe5c7144db57330313b5b139fc44d07a8	.png	current reconstructed output; see documentation for confidence and remaining caveats
reconstructed_current/scenes/A0B/overlays/A0B_overlay_21_32x20_x0_y24.png	1052	4a17cbf59a240be63c022c2b8607e1fe704ac87291790e5d0bb6dffd26ed791a	.png	current reconstructed output; see documentation for confidence and remaining caveats
reconstructed_current/scenes/A0B/overlays/A0B_overlay_21_32x20_x0_y24_2x.png	1130	cc6ef79cba646140edc87d0568b7032b8a14c346d2e12d776f5ea70f4b72bbe6	.png	current reconstructed output; see documentation for confidence and remaining caveats
reconstructed_current/scenes/A0B/overlays/A0B_overlay_22_32x20_x0_y24.png	1049	15eb4b0290b81917a4b9e92baa8846a232c9fe0c1abc52d9df9bcdd8704ac4aa	.png	current reconstructed output; see documentation for confidence and remaining caveats
reconstructed_current/scenes/A0B/overlays/A0B_overlay_22_32x20_x0_y24_2x.png	1130	97fedb0b9b03fc78f20a1b9c442e240b5a9a8aa9ac511dbf7663e62e39909345	.png	current reconstructed output; see documentation for confidence and remaining caveats
reconstructed_current/scenes/A0B/overlays/A0B_overlay_23_32x20_x0_y24.png	1037	9e63fad613a2123bb27af1ea122df4dc0e878d054222ff5424e23255cbdf1a47	.png	current reconstructed output; see documentation for confidence and remaining caveats
reconstructed_current/scenes/A0B/overlays/A0B_overlay_23_32x20_x0_y24_2x.png	1117	6726d2946ebbece761ce24f7767d18e004f6d1c221f8f3011b40adff1eba7a51	.png	current reconstructed output; see documentation for confidence and remaining caveats
reconstructed_current/scenes/A0B/overlays/A0B_overlay_24_32x20_x0_y24.png	1027	660a5f5c99a6ead9793b3a63452a98e20a76ce7d0e3d130e3c9f66899a4bafc7	.png	current reconstructed output; see documentation for confidence and remaining caveats
reconstructed_current/scenes/A0B/overlays/A0B_overlay_24_32x20_x0_y24_2x.png	1109	53c28448770bac1e485a1334eecbc6390ce886a39ef322d41c3fb33fe0fb7e21	.png	current reconstructed output; see documentation for confidence and remaining caveats
reconstructed_current/scenes/A0B/overlays/A0B_overlay_25_32x20_x0_y24.png	1031	d074e3aa4fdb694c99af744b04a1ef195448c42628aac4448e1222e44c33ea0c	.png	current reconstructed output; see documentation for confidence and remaining caveats
reconstructed_current/scenes/A0B/overlays/A0B_overlay_25_32x20_x0_y24_2x.png	1116	4a991216ba88f467cdb48c50577062b1da909b6bba92fba4558939a02ac6a6fc	.png	current reconstructed output; see documentation for confidence and remaining caveats
reconstructed_current/scenes/A0B/overlays/A0B_overlay_26_32x20_x0_y24.png	1032	15e6be69dd72b9fd85d523fdf44c01433083a23130a16758f6b3c66aff6eecc2	.png	current reconstructed output; see documentation for confidence and remaining caveats
reconstructed_current/scenes/A0B/overlays/A0B_overlay_26_32x20_x0_y24_2x.png	1117	9057d407155c45ec29877166cd274eaa5d796a32bfbc1233018e5f2650d746a1	.png	current reconstructed output; see documentation for confidence and remaining caveats
reconstructed_current/scenes/A0B/overlays/A0B_overlay_27_32x20_x0_y24.png	1033	dc227a4b19ea844591e9076a6019ec3a210d2e10a7e5a86bd9831732fc6a4bb5	.png	current reconstructed output; see documentation for confidence and remaining caveats
reconstructed_current/scenes/A0B/overlays/A0B_overlay_27_32x20_x0_y24_2x.png	1105	fc09b8ec139ef7edab43cdb74651bae7bea723b8e1739dac54f7c3f9a10bde9e	.png	current reconstructed output; see documentation for confidence and remaining caveats
reconstructed_current/scenes/A0B/overlays/A0B_overlay_28_16x8_x96_y48.png	914	3bef77a9911d34a43260f569ed2ce88a182b131b11a32010b6a9614ad50c1171	.png	current reconstructed output; see documentation for confidence and remaining caveats
reconstructed_current/scenes/A0B/overlays/A0B_overlay_28_16x8_x96_y48_2x.png	952	3ce89f7409a680e5928ae23082ce7e7d0c27a0ed024bc390aa65c638b310a9d0	.png	current reconstructed output; see documentation for confidence and remaining caveats
reconstructed_current/scenes/A0B/overlays/A0B_overlay_29_16x8_x80_y24.png	899	0c6de334466616abc3ce29232a988810c606343c4fa18d283c765679d714f34c	.png	current reconstructed output; see documentation for confidence and remaining caveats
reconstructed_current/scenes/A0B/overlays/A0B_overlay_29_16x8_x80_y24_2x.png	927	9ed8aa09ad94fca6236e7e835f85c39ead884a776795fb237d6b14a9dbc03ec3	.png	current reconstructed output; see documentation for confidence and remaining caveats
reconstructed_current/scenes/A0B/overlays/A0B_overlay_30_16x8_x112_y24.png	895	fe34841d9f9a7ddff8e1ffda563cc99713793c7ad5bb20201db52f5eb99c8f25	.png	current reconstructed output; see documentation for confidence and remaining caveats
reconstructed_current/scenes/A0B/overlays/A0B_overlay_30_16x8_x112_y24_2x.png	924	667ef861a6895571c8a3171d81dce950f537be4fe1bcae36a97d3c5d99a56d22	.png	current reconstructed output; see documentation for confidence and remaining caveats
reconstructed_current/scenes/A0B/overlays.tsv	1230	e468e67b08d372652fd030f9adff00b8fe0a29626e8527933a7df1ca20630652	.tsv	current reconstructed output; see documentation for confidence and remaining caveats
reconstructed_current/scenes/A0C/A0C_base.png	3778	17a25b73d764aa80c624193598c87bb39562b420d8f1f42166c546324e549157	.png	current reconstructed output; see documentation for confidence and remaining caveats
reconstructed_current/scenes/A0C/A0C_base_2x.png	4800	88cd669eb1fdd64375f982cf1e1c319bfca24886b2af949104cfe0fe87d676a6	.png	current reconstructed output; see documentation for confidence and remaining caveats
reconstructed_current/scenes/A0C/animation_sequences.tsv	943	f0f89917265b029498123a38b481fd9baf9ef6c2a96e38f4cc05b615533267c8	.tsv	current reconstructed output; see documentation for confidence and remaining caveats
reconstructed_current/scenes/A0C/composites/A0C_overlay_01_composite.png	3772	e5ba76cc7578130a4a3937fcc8657979718bb4541d482ffacf68b4821a2afdfc	.png	current reconstructed output; see documentation for confidence and remaining caveats
reconstructed_current/scenes/A0C/composites/A0C_overlay_01_composite_2x.png	4793	c671fa3288713824792c733cec6901748ec89cdfa409e99f554e695ba1f80550	.png	current reconstructed output; see documentation for confidence and remaining caveats
reconstructed_current/scenes/A0C/composites/A0C_overlay_02_composite.png	3776	c312b0fa753b35fae2bcff923d063435392ef234406aed30767de0e0f436be31	.png	current reconstructed output; see documentation for confidence and remaining caveats
reconstructed_current/scenes/A0C/composites/A0C_overlay_02_composite_2x.png	4799	b341727a809584ce65d8a79a3cd2a7bec7bbd9e44e2c76c16d1ec1db142ee031	.png	current reconstructed output; see documentation for confidence and remaining caveats
reconstructed_current/scenes/A0C/composites/A0C_overlay_03_composite.png	3785	bb0812ec4a0a967bd9cdb25b0c65776f34359cc34234a0440651f4f870bd95d6	.png	current reconstructed output; see documentation for confidence and remaining caveats
reconstructed_current/scenes/A0C/composites/A0C_overlay_03_composite_2x.png	4801	7bcf3c967fd0f780f7df1f0dc450da1afb4064e3c6f6c2ac1f1154f2759e6d65	.png	current reconstructed output; see documentation for confidence and remaining caveats
reconstructed_current/scenes/A0C/composites/A0C_overlay_04_composite.png	3788	7e7d6234d3eeddf330bca84d67959080e3965f1e4d0ea3ac440b31f8c436b742	.png	current reconstructed output; see documentation for confidence and remaining caveats
reconstructed_current/scenes/A0C/composites/A0C_overlay_04_composite_2x.png	4811	a45b6b66ed2cf63c7d134c40fbb3d7782314fd81cb309164f934c2019d79cc6a	.png	current reconstructed output; see documentation for confidence and remaining caveats
reconstructed_current/scenes/A0C/composites/A0C_overlay_05_composite.png	3785	ac75db4c8a2d094ed79363d3126fab08284c87cec9b9dd0c3454be613f3b96ca	.png	current reconstructed output; see documentation for confidence and remaining caveats
reconstructed_current/scenes/A0C/composites/A0C_overlay_05_composite_2x.png	4811	fc02949a04295ab7ba93aa38bbd32d673fc21bbec62a4483d9dfb3b027058875	.png	current reconstructed output; see documentation for confidence and remaining caveats
reconstructed_current/scenes/A0C/composites/A0C_overlay_06_composite.png	3790	1f815430d46c9632cad822f544d558e820a79ff284ec1fece0e4c2df3f9ba1bc	.png	current reconstructed output; see documentation for confidence and remaining caveats
reconstructed_current/scenes/A0C/composites/A0C_overlay_06_composite_2x.png	4812	feeed591aabf6250ff2300db86db6a616ee6ccdf4c96a631742d306478c3ff5a	.png	current reconstructed output; see documentation for confidence and remaining caveats
reconstructed_current/scenes/A0C/composites/A0C_overlay_07_composite.png	3779	e70bd4ebbf23654d1113fa427ba331f5b900c5e935ea7f8a7b1d8dad2195f270	.png	current reconstructed output; see documentation for confidence and remaining caveats
reconstructed_current/scenes/A0C/composites/A0C_overlay_07_composite_2x.png	4807	23e0d71572fb191888d1ad085493982fd98dc55741f54d431b08778f875e1020	.png	current reconstructed output; see documentation for confidence and remaining caveats
reconstructed_current/scenes/A0C/composites/A0C_overlay_08_composite.png	3776	ec3d969611249e3d98906af1d6c0b5a6e3db17c180aa88805ec76101052d675f	.png	current reconstructed output; see documentation for confidence and remaining caveats
reconstructed_current/scenes/A0C/composites/A0C_overlay_08_composite_2x.png	4787	47a43f0222cb382bd8b7ca682f32d795664f3abbdbe09d2235da3a1d2862b97a	.png	current reconstructed output; see documentation for confidence and remaining caveats
reconstructed_current/scenes/A0C/composites/A0C_overlay_09_composite.png	3778	424b502077c21e5dc46adf169475733432285c7d96fe5bc7a0451888c147644f	.png	current reconstructed output; see documentation for confidence and remaining caveats
reconstructed_current/scenes/A0C/composites/A0C_overlay_09_composite_2x.png	4803	56c4c92f0577466b27addc6d22cb88fe47df08b08752eaa7ce88b4c89f144587	.png	current reconstructed output; see documentation for confidence and remaining caveats
reconstructed_current/scenes/A0C/composites/A0C_overlay_10_composite.png	3762	47767452961d9dc0d0562abd2a12ce120de8f49e06bb0c483858838057f03ef8	.png	current reconstructed output; see documentation for confidence and remaining caveats
reconstructed_current/scenes/A0C/composites/A0C_overlay_10_composite_2x.png	4766	98945b9dc963639fa3abad77242f4b63628a895cff506d2ca14bb5877853ce6a	.png	current reconstructed output; see documentation for confidence and remaining caveats
reconstructed_current/scenes/A0C/composites/A0C_overlay_11_composite.png	3776	91f17d6ae6afe7b18ca5a51cec73a2e88a8f858134ec997269fe99459054a04a	.png	current reconstructed output; see documentation for confidence and remaining caveats
reconstructed_current/scenes/A0C/composites/A0C_overlay_11_composite_2x.png	4790	cd4d8dc4737f4ddb930e7d2ce7b1e6b6ffd18d4875de4a96b6ef894af91e6728	.png	current reconstructed output; see documentation for confidence and remaining caveats
reconstructed_current/scenes/A0C/composites/A0C_overlay_12_composite.png	3767	94c3c6aff9a066ccf541f60908618fe79eabc3fef110ab94990e9aaadcd52506	.png	current reconstructed output; see documentation for confidence and remaining caveats
reconstructed_current/scenes/A0C/composites/A0C_overlay_12_composite_2x.png	4783	e28856f3e681a7832b1d54f1cd24784009f2901c78677ee38af69abb95cc8f88	.png	current reconstructed output; see documentation for confidence and remaining caveats
reconstructed_current/scenes/A0C/composites/A0C_overlay_13_composite.png	3779	0baf4793057ef5d045d34a2d39609ee304352e844ecf932b608ce6d7a07c60b7	.png	current reconstructed output; see documentation for confidence and remaining caveats
reconstructed_current/scenes/A0C/composites/A0C_overlay_13_composite_2x.png	4806	2aa3c66300f6a9dbf249454e2c1f6b7eb3cba366cf21378440e6c9ec2226893f	.png	current reconstructed output; see documentation for confidence and remaining caveats
reconstructed_current/scenes/A0C/composites/A0C_overlay_14_composite.png	3777	ce1e73e5ff2cbf16552ab43c23de48d724d37199cadd44ba4f6ac5f378661245	.png	current reconstructed output; see documentation for confidence and remaining caveats
reconstructed_current/scenes/A0C/composites/A0C_overlay_14_composite_2x.png	4793	7aa8bfbec83c9f1e9ad2982967b5a0ef8908a9a139279785510695b38ec58051	.png	current reconstructed output; see documentation for confidence and remaining caveats
reconstructed_current/scenes/A0C/overlays/A0C_overlay_01_32x24_x16_y40.png	1100	91f1f651ca45d838f1efb63f57c29032992f8549818e591ee273f0e4086e9f55	.png	current reconstructed output; see documentation for confidence and remaining caveats
reconstructed_current/scenes/A0C/overlays/A0C_overlay_01_32x24_x16_y40_2x.png	1215	eeed1c4f0b4bba3770b851946c226d829f73341431764d0eba2114e3d91d3ed4	.png	current reconstructed output; see documentation for confidence and remaining caveats
reconstructed_current/scenes/A0C/overlays/A0C_overlay_02_32x24_x16_y40.png	1103	44dcac6338098ba292a824cf4c0e74730827d5b8eb783da4337cf7c3a32fbdde	.png	current reconstructed output; see documentation for confidence and remaining caveats
reconstructed_current/scenes/A0C/overlays/A0C_overlay_02_32x24_x16_y40_2x.png	1223	2bd6f3509eed23caed24e2a66c12a3609255aae2da65fbc090335903809952aa	.png	current reconstructed output; see documentation for confidence and remaining caveats
reconstructed_current/scenes/A0C/overlays/A0C_overlay_03_32x24_x16_y40.png	1105	40546be05908eae7bb501ff4124668732f7dbe6f06568a5200efbee0908cc2bb	.png	current reconstructed output; see documentation for confidence and remaining caveats
reconstructed_current/scenes/A0C/overlays/A0C_overlay_03_32x24_x16_y40_2x.png	1223	d3685b9145de7f6c2ff858fb10d5960dd9c1654760642daa588d326f09271d7d	.png	current reconstructed output; see documentation for confidence and remaining caveats
reconstructed_current/scenes/A0C/overlays/A0C_overlay_04_32x24_x16_y40.png	1105	e1d4ae288bd30b831ae88961f287754f85ee1028089d9ffe4d9d01cd1052cb0a	.png	current reconstructed output; see documentation for confidence and remaining caveats
reconstructed_current/scenes/A0C/overlays/A0C_overlay_04_32x24_x16_y40_2x.png	1225	aa15dba682d7e99089871c26c2f4889d6cc5332b14297ff5c781b328cf17bf77	.png	current reconstructed output; see documentation for confidence and remaining caveats
reconstructed_current/scenes/A0C/overlays/A0C_overlay_05_32x24_x16_y40.png	1104	8e335354e77fffe37a2cf4327930f6b24faa2b89abe2d2e023378ba97b57e4d3	.png	current reconstructed output; see documentation for confidence and remaining caveats
reconstructed_current/scenes/A0C/overlays/A0C_overlay_05_32x24_x16_y40_2x.png	1227	de2a3c0058eaf38052d07a0219a3449e594f9d17f1e98557f2d066ea807cdb6e	.png	current reconstructed output; see documentation for confidence and remaining caveats
reconstructed_current/scenes/A0C/overlays/A0C_overlay_06_32x24_x16_y40.png	1105	a72840d3be3e703c7cff7c0384296e82dafc48d8c79bda0a1de8c6ad50bc9a31	.png	current reconstructed output; see documentation for confidence and remaining caveats
reconstructed_current/scenes/A0C/overlays/A0C_overlay_06_32x24_x16_y40_2x.png	1235	920cb73ac79ecc754014f446a906e8be54fc4888774abc5b6f7619762a633ee2	.png	current reconstructed output; see documentation for confidence and remaining caveats
reconstructed_current/scenes/A0C/overlays/A0C_overlay_07_32x24_x16_y40.png	1106	a0a54fbc92b5f87bf11adf15eb3f4564b6175920097cab705587d5ae49bae93d	.png	current reconstructed output; see documentation for confidence and remaining caveats
reconstructed_current/scenes/A0C/overlays/A0C_overlay_07_32x24_x16_y40_2x.png	1235	b86a549b2a6d93a07ddaa475ad6162c566ee17632767bcc5251cb87e4f915575	.png	current reconstructed output; see documentation for confidence and remaining caveats
reconstructed_current/scenes/A0C/overlays/A0C_overlay_08_16x24_x48_y48.png	985	b8c2b3a3bfcdcaeec4b9aadcdbde65070d5c40e238a4dcde9826b87ff92511f3	.png	current reconstructed output; see documentation for confidence and remaining caveats
reconstructed_current/scenes/A0C/overlays/A0C_overlay_08_16x24_x48_y48_2x.png	1065	941daa6a9183491ba805adba88abf9091eb438d78726df76c791789cf69cf5bf	.png	current reconstructed output; see documentation for confidence and remaining caveats
reconstructed_current/scenes/A0C/overlays/A0C_overlay_09_32x8_x64_y40.png	948	910c640170a5b687898ed7ab5269d86b581cd561fcbb3c3ae66c62921a74f1e2	.png	current reconstructed output; see documentation for confidence and remaining caveats
reconstructed_current/scenes/A0C/overlays/A0C_overlay_09_32x8_x64_y40_2x.png	1001	b77137978e77d06a92e65a0f37c5d17b98acf819ea66f41fc4b832712aeb1c51	.png	current reconstructed output; see documentation for confidence and remaining caveats
reconstructed_current/scenes/A0C/overlays/A0C_overlay_10_16x24_x144_y32.png	975	267b97bd9102b27b418203565d8e9d3f52801d008f4c1bad12903c012b00abe9	.png	current reconstructed output; see documentation for confidence and remaining caveats
reconstructed_current/scenes/A0C/overlays/A0C_overlay_10_16x24_x144_y32_2x.png	1056	730c1805628c481cccc6c61d96be51c42ad06af9cbcb050e3beee4cf01a9ed7b	.png	current reconstructed output; see documentation for confidence and remaining caveats
reconstructed_current/scenes/A0C/overlays/A0C_overlay_11_16x24_x144_y32.png	985	8cafd1550a77fd58fbc4ba4f64ac5eec0ebcbc4f21d63a21aada55a070758a7f	.png	current reconstructed output; see documentation for confidence and remaining caveats
reconstructed_current/scenes/A0C/overlays/A0C_overlay_11_16x24_x144_y32_2x.png	1069	6fbc61ce679e1f78ea80e3ded92aef64857b7583d41d7a43106c292f6ba0d4ba	.png	current reconstructed output; see documentation for confidence and remaining caveats
reconstructed_current/scenes/A0C/overlays/A0C_overlay_12_16x24_x144_y32.png	982	fd5b20ff21e886e201e9145d4649b7e23db58b9832494305c0e6825838f21884	.png	current reconstructed output; see documentation for confidence and remaining caveats
reconstructed_current/scenes/A0C/overlays/A0C_overlay_12_16x24_x144_y32_2x.png	1057	6778d0d1294ef0223cf44c1d0868e0cf906e6a4c5239cd34be0e5d6234bbb977	.png	current reconstructed output; see documentation for confidence and remaining caveats
reconstructed_current/scenes/A0C/overlays/A0C_overlay_13_16x16_x128_y32.png	899	645aa4322c8997204fbfb59f442cf1204b6893e577e2a7bed066baec1c579044	.png	current reconstructed output; see documentation for confidence and remaining caveats
reconstructed_current/scenes/A0C/overlays/A0C_overlay_13_16x16_x128_y32_2x.png	925	2f88bea2a7df658181008c3d64bcb8941e342b24c7c0c2e0443ca82abfaab095	.png	current reconstructed output; see documentation for confidence and remaining caveats
reconstructed_current/scenes/A0C/overlays/A0C_overlay_14_16x16_x128_y32.png	895	ffb6d2ea0c6387ac3b95b5eb8386e7c45e8c10a1dcef894def373051d0d731f8	.png	current reconstructed output; see documentation for confidence and remaining caveats
reconstructed_current/scenes/A0C/overlays/A0C_overlay_14_16x16_x128_y32_2x.png	923	bc3571528015cc828f93e32e1c0c15cd1354b544f7bfa4eec02eed70176348c4	.png	current reconstructed output; see documentation for confidence and remaining caveats
reconstructed_current/scenes/A0C/overlays.tsv	639	398d858ac852c0bafbc3e4195d23ef8eb495e6a0c3b06515e87c3487363f9193	.tsv	current reconstructed output; see documentation for confidence and remaining caveats
reconstructed_current/scenes/A0D/A0D_base.png	4792	0c5f03ae4e32c155e3081e0191c2557bb165c63f6075ff397cabe5ce7023f103	.png	current reconstructed output; see documentation for confidence and remaining caveats
reconstructed_current/scenes/A0D/A0D_base_2x.png	5964	4535c2c4891b5d709556a73c14299b6636f089e0be4fc8c46c7f9a581fdad5c0	.png	current reconstructed output; see documentation for confidence and remaining caveats
reconstructed_current/scenes/A0D/animation_sequences.tsv	860	bccfb2a46ffbb99716b0481931cf1dcdda8ad90bed5156f53c0af40ce5b8f63d	.tsv	current reconstructed output; see documentation for confidence and remaining caveats
reconstructed_current/scenes/A0D/composites/A0D_overlay_01_composite.png	4786	b94ff4647c0512da0998f9d237296bf4fa33999da7f51ae2270548d70814b15b	.png	current reconstructed output; see documentation for confidence and remaining caveats
reconstructed_current/scenes/A0D/composites/A0D_overlay_01_composite_2x.png	5965	7379c5cabc1e20d11e7cd263f8cfaf80e6abc8a5c6bf7971a7d49692f2cdcb4a	.png	current reconstructed output; see documentation for confidence and remaining caveats
reconstructed_current/scenes/A0D/composites/A0D_overlay_02_composite.png	4803	4e9a36268111786e12b24de6f09a5759b4a4850a879b1f06c6ce35af96748a93	.png	current reconstructed output; see documentation for confidence and remaining caveats
reconstructed_current/scenes/A0D/composites/A0D_overlay_02_composite_2x.png	5982	9a360cd7998d6b22c475dec574ed746640d1cea6173118111ba8f9f49595985c	.png	current reconstructed output; see documentation for confidence and remaining caveats
reconstructed_current/scenes/A0D/composites/A0D_overlay_03_composite.png	4785	824d80e90a1558411815c5fb6a9c56f21565606fcb06d3b76ffebfa7c6e0558e	.png	current reconstructed output; see documentation for confidence and remaining caveats
reconstructed_current/scenes/A0D/composites/A0D_overlay_03_composite_2x.png	5958	47e35fd33d3d8a24954d7a2358e2343352952921cbc9ccb653c26a547242a0eb	.png	current reconstructed output; see documentation for confidence and remaining caveats
reconstructed_current/scenes/A0D/composites/A0D_overlay_04_composite.png	4790	f126c277f66f7ab3b9f2ed1f5990632919793f37baeb4454f2887abe8f6777b7	.png	current reconstructed output; see documentation for confidence and remaining caveats
reconstructed_current/scenes/A0D/composites/A0D_overlay_04_composite_2x.png	5955	81d8a1e52868c3216f9dfc7f2ce991e2aa82c7ebbce0e844a0b21e1ff0ca815a	.png	current reconstructed output; see documentation for confidence and remaining caveats
reconstructed_current/scenes/A0D/composites/A0D_overlay_05_composite.png	4785	9ed9a8dd0faa818d4d098417d6f67d3cc89a964776af3631131a4acedca72e76	.png	current reconstructed output; see documentation for confidence and remaining caveats
reconstructed_current/scenes/A0D/composites/A0D_overlay_05_composite_2x.png	5962	f8c2e6d07cc0d6fa2fcb7c05b58ef2f6e6b148f7c86dc8fb1b4cf0415d15b031	.png	current reconstructed output; see documentation for confidence and remaining caveats
reconstructed_current/scenes/A0D/composites/A0D_overlay_06_composite.png	4803	8cd90aa14b83810cf19df8f44801ee9abc1558ba9daa5855b6a8cbf7af2f6547	.png	current reconstructed output; see documentation for confidence and remaining caveats
reconstructed_current/scenes/A0D/composites/A0D_overlay_06_composite_2x.png	5978	1acf8abe8b4738ae236af6857e653ad9fc80f249df729e47574d975620bd5c67	.png	current reconstructed output; see documentation for confidence and remaining caveats
reconstructed_current/scenes/A0D/composites/A0D_overlay_07_composite.png	4795	a467943e30a16c6f2fb7323616cf6196736faded1f40e31042f8d3642705e70e	.png	current reconstructed output; see documentation for confidence and remaining caveats
reconstructed_current/scenes/A0D/composites/A0D_overlay_07_composite_2x.png	5968	f5a046627972849ec4fc4fd7a460b191cfd63800bb57147a048eea7614b1464d	.png	current reconstructed output; see documentation for confidence and remaining caveats
reconstructed_current/scenes/A0D/composites/A0D_overlay_08_composite.png	4789	db79995a0334fea285400619fccb212e3176a0ba40d6bf0d44759c9d50ce987e	.png	current reconstructed output; see documentation for confidence and remaining caveats
reconstructed_current/scenes/A0D/composites/A0D_overlay_08_composite_2x.png	5966	ce13926514e7d5c3b4db06cec03fa2caaafb6c16e9b02245e7e3d4307394ae4a	.png	current reconstructed output; see documentation for confidence and remaining caveats
reconstructed_current/scenes/A0D/composites/A0D_overlay_09_composite.png	4789	80c704d232269d94f88404b15649face91acbbb7ff58a8b2410ef1bd5296e441	.png	current reconstructed output; see documentation for confidence and remaining caveats
reconstructed_current/scenes/A0D/composites/A0D_overlay_09_composite_2x.png	5959	f0a53e801f1761dca9aad9ab584f312b19db926c6a5e8ffbf99dd3469d836865	.png	current reconstructed output; see documentation for confidence and remaining caveats
reconstructed_current/scenes/A0D/composites/A0D_overlay_10_composite.png	4791	3c91b7e70a60195973e00de1aee9da1fe72fd489bea96553956be5ccee052bff	.png	current reconstructed output; see documentation for confidence and remaining caveats
reconstructed_current/scenes/A0D/composites/A0D_overlay_10_composite_2x.png	5964	753a0624c190a0b2476127ff4c33413df6174886ac34d8dabbc61d437cfd58cd	.png	current reconstructed output; see documentation for confidence and remaining caveats
reconstructed_current/scenes/A0D/composites/A0D_overlay_11_composite.png	4796	660d33d7c26759232f617f17ead8be6dafc20aca47468dfde809d997eeb22668	.png	current reconstructed output; see documentation for confidence and remaining caveats
reconstructed_current/scenes/A0D/composites/A0D_overlay_11_composite_2x.png	5968	77320eef1b1a21a915b6da44c14b7a21ff728b07ce1827b5bb67c5e96e10ec22	.png	current reconstructed output; see documentation for confidence and remaining caveats
reconstructed_current/scenes/A0D/composites/A0D_overlay_12_composite.png	4796	b7d104404b44ef7149fa4a507365d40d0201044e9afad1ffa8a4e760eb7852df	.png	current reconstructed output; see documentation for confidence and remaining caveats
reconstructed_current/scenes/A0D/composites/A0D_overlay_12_composite_2x.png	5969	7ab0f62a4e44e3454220aa0807b450c7f9081748621dc740aa27a19c6ecc266e	.png	current reconstructed output; see documentation for confidence and remaining caveats
reconstructed_current/scenes/A0D/composites/A0D_overlay_13_composite.png	4797	293d0444628b21312d0e99ae3a1ae4e2babea1a939b8f44baba25a4d4af2254c	.png	current reconstructed output; see documentation for confidence and remaining caveats
reconstructed_current/scenes/A0D/composites/A0D_overlay_13_composite_2x.png	5970	3a4be66c2ebbb9a215058d3bcde493a3646d5895372693725c56415d5db3ee75	.png	current reconstructed output; see documentation for confidence and remaining caveats
reconstructed_current/scenes/A0D/composites/A0D_overlay_14_composite.png	4793	88e45ef906ad6973c9d885bfd35064cdc0b53b17be9c3141d0b1860ac2b156c2	.png	current reconstructed output; see documentation for confidence and remaining caveats
reconstructed_current/scenes/A0D/composites/A0D_overlay_14_composite_2x.png	5974	c78627f9243cb2164ac69055ea8406d688f39e3e808a18c26e5768b65765d2cf	.png	current reconstructed output; see documentation for confidence and remaining caveats
reconstructed_current/scenes/A0D/composites/A0D_overlay_15_composite.png	4794	32cfc3363cff632520781943d6694bb058b7143d540d2efd32b70e2bb8eb8cf6	.png	current reconstructed output; see documentation for confidence and remaining caveats
reconstructed_current/scenes/A0D/composites/A0D_overlay_15_composite_2x.png	5972	b62c64435a5c8dfefcfdb561d8e7faf34c4cf82bfd86ead4989cfd98a5ba5157	.png	current reconstructed output; see documentation for confidence and remaining caveats
reconstructed_current/scenes/A0D/composites/A0D_overlay_16_composite.png	4798	1d9380fb19204e8c8c54e44af99f30c916cc0356ccbcc2e78d5b74fe7a0a662c	.png	current reconstructed output; see documentation for confidence and remaining caveats
reconstructed_current/scenes/A0D/composites/A0D_overlay_16_composite_2x.png	5973	01623bfd9745946ca112eadc982793d279729e288eb81cb90acd7ab67526e53a	.png	current reconstructed output; see documentation for confidence and remaining caveats
reconstructed_current/scenes/A0D/composites/A0D_overlay_17_composite.png	4791	3677716a302233e972feb6b47337233765244c4a233cfb5ca28ccea93b224cf5	.png	current reconstructed output; see documentation for confidence and remaining caveats
reconstructed_current/scenes/A0D/composites/A0D_overlay_17_composite_2x.png	5965	96cf6a4a7a77fd5ebdfd9439f01bb2e98f1fffbfa64bc1fe0ea3f1aae0a8b1ff	.png	current reconstructed output; see documentation for confidence and remaining caveats
reconstructed_current/scenes/A0D/overlays/A0D_overlay_01_32x24_x0_y72.png	1117	37e839e0e00e121a9bf042597f2692789198f6e01c824c8d2abff634fb552ba7	.png	current reconstructed output; see documentation for confidence and remaining caveats
reconstructed_current/scenes/A0D/overlays/A0D_overlay_01_32x24_x0_y72_2x.png	1229	0be69abf5f7d0fc541e93c77a3292b0300550118e86cea5cad700d9de7209306	.png	current reconstructed output; see documentation for confidence and remaining caveats
reconstructed_current/scenes/A0D/overlays/A0D_overlay_02_32x32_x96_y56.png	1251	84855b701acf9befb78842ea6e2e23e784ca4e0e0a15be8c152c450d68dc2251	.png	current reconstructed output; see documentation for confidence and remaining caveats
reconstructed_current/scenes/A0D/overlays/A0D_overlay_02_32x32_x96_y56_2x.png	1407	a21a4ee792b71870ed70ae15f993fef27f87aec62a7ab21981f8ba3ec52c5c45	.png	current reconstructed output; see documentation for confidence and remaining caveats
reconstructed_current/scenes/A0D/overlays/A0D_overlay_03_48x24_x96_y56.png	1265	4d749e49df063be7d7ada9a7c1e996c808364b5291f59c368a08fe67ffad2df8	.png	current reconstructed output; see documentation for confidence and remaining caveats
reconstructed_current/scenes/A0D/overlays/A0D_overlay_03_48x24_x96_y56_2x.png	1412	be43dc2b3e9a7d995ead315e1f8debb1cee591fa7e304621842c3a380e2b45ef	.png	current reconstructed output; see documentation for confidence and remaining caveats
reconstructed_current/scenes/A0D/overlays/A0D_overlay_04_32x24_x112_y56.png	1103	d3c222e0d1ae4c1f06839d2b6cd74c5a32fb3788e8eb8a2f60ac9e779baf0741	.png	current reconstructed output; see documentation for confidence and remaining caveats
reconstructed_current/scenes/A0D/overlays/A0D_overlay_04_32x24_x112_y56_2x.png	1235	152d904daca0b006f3a044ca74780584349b32e9dc4a64c3b8c503fb6fbd77ee	.png	current reconstructed output; see documentation for confidence and remaining caveats
reconstructed_current/scenes/A0D/overlays/A0D_overlay_05_32x16_x96_y56.png	1036	bd30be3d869724aa4306e0a20c712f8c1abf1e8bc4abf49ec93dcbaed61829cf	.png	current reconstructed output; see documentation for confidence and remaining caveats
reconstructed_current/scenes/A0D/overlays/A0D_overlay_05_32x16_x96_y56_2x.png	1112	0d96a49c6a5cfd8358f789550fb8afa22cec8493d2b721e17aa73a63d69350be	.png	current reconstructed output; see documentation for confidence and remaining caveats
reconstructed_current/scenes/A0D/overlays/A0D_overlay_06_16x16_x144_y56.png	960	4cae0a203116d6caa3ce873103c8901fd50e7b99249baf496a44756fb17a8c8a	.png	current reconstructed output; see documentation for confidence and remaining caveats
reconstructed_current/scenes/A0D/overlays/A0D_overlay_06_16x16_x144_y56_2x.png	1028	3307a46dffeacae8db4dfd412bb4b38d395a51ade35f082c2dfc75ce15b4f8d4	.png	current reconstructed output; see documentation for confidence and remaining caveats
reconstructed_current/scenes/A0D/overlays/A0D_overlay_07_16x16_x144_y56.png	958	01a2019cbac850c7c5dd8a3c5253df508ede01fbe43fbf604a2aae2cb6786e4b	.png	current reconstructed output; see documentation for confidence and remaining caveats
reconstructed_current/scenes/A0D/overlays/A0D_overlay_07_16x16_x144_y56_2x.png	1020	2fdaa1035b081c12847b328ee212005bb7068545b9ba4361f7b3eb46d358ce69	.png	current reconstructed output; see documentation for confidence and remaining caveats
reconstructed_current/scenes/A0D/overlays/A0D_overlay_08_16x16_x0_y48.png	955	151f779a20c3339af617d835bf70dbfe99de9d22c65200f2e3961669e0a6572d	.png	current reconstructed output; see documentation for confidence and remaining caveats
reconstructed_current/scenes/A0D/overlays/A0D_overlay_08_16x16_x0_y48_2x.png	1020	7a9333d5fd275687e49aab646d7873d6d7bd8491c37f3614495a57f2a01df734	.png	current reconstructed output; see documentation for confidence and remaining caveats
reconstructed_current/scenes/A0D/overlays/A0D_overlay_09_16x8_x0_y40.png	905	d20369cbbf934b71cf46fd28a71f4da182e0d341e6ca385883af95f32b6b0dac	.png	current reconstructed output; see documentation for confidence and remaining caveats
reconstructed_current/scenes/A0D/overlays/A0D_overlay_09_16x8_x0_y40_2x.png	942	f364fbee5c436091a69c49df0869c5967b8d6eacd3260e036fbf6929f170123a	.png	current reconstructed output; see documentation for confidence and remaining caveats
reconstructed_current/scenes/A0D/overlays/A0D_overlay_10_16x8_x0_y40.png	907	b09c9ae041d2e161a497e08b1ebcd23d25d068147d9cce956ca9ac313450b9ed	.png	current reconstructed output; see documentation for confidence and remaining caveats
reconstructed_current/scenes/A0D/overlays/A0D_overlay_10_16x8_x0_y40_2x.png	944	89de5bcf957ad62dba343aa37fbc9d177df6d720e2e448b348f97961d1c6b34b	.png	current reconstructed output; see documentation for confidence and remaining caveats
reconstructed_current/scenes/A0D/overlays/A0D_overlay_11_16x8_x128_y64.png	902	082ef8007b605ef8749da43953e7d358962f8aa56e825ddfc10d108e63e462c0	.png	current reconstructed output; see documentation for confidence and remaining caveats
reconstructed_current/scenes/A0D/overlays/A0D_overlay_11_16x8_x128_y64_2x.png	928	ee7601c8d97ff2e0fedd242e74c9e0ce10cfd34cbfb82d89f162929595ea2de6	.png	current reconstructed output; see documentation for confidence and remaining caveats
reconstructed_current/scenes/A0D/overlays/A0D_overlay_12_16x8_x128_y64.png	903	5aca3b3d5313b9ea948c1e78c9d142018792c3f7a299d10000a970c21108ae9b	.png	current reconstructed output; see documentation for confidence and remaining caveats
reconstructed_current/scenes/A0D/overlays/A0D_overlay_12_16x8_x128_y64_2x.png	929	75b0a7e896f3cd79394772fa5890b893abf17d919e3481792563a68c502de917	.png	current reconstructed output; see documentation for confidence and remaining caveats
reconstructed_current/scenes/A0D/overlays/A0D_overlay_13_16x8_x128_y64.png	902	7fede1283bea397d3b3832244d5b21fd31d222efa690197acc503b4fb206cb54	.png	current reconstructed output; see documentation for confidence and remaining caveats
reconstructed_current/scenes/A0D/overlays/A0D_overlay_13_16x8_x128_y64_2x.png	928	1f5e56f9e7bfe3f42035a799c16876e7f3f38be334aba7db9bac794f160e5078	.png	current reconstructed output; see documentation for confidence and remaining caveats
reconstructed_current/scenes/A0D/overlays/A0D_overlay_14_16x24_x48_y32.png	1016	e10b2ec4ac8b9654a4589990361d25e0db00ae4095a15db2c496f687f94eec3c	.png	current reconstructed output; see documentation for confidence and remaining caveats
reconstructed_current/scenes/A0D/overlays/A0D_overlay_14_16x24_x48_y32_2x.png	1120	53f2305e2f86d7d65f250ba3bf75200be52ae8a43f9e324c54a31f6f4f4ac18f	.png	current reconstructed output; see documentation for confidence and remaining caveats
reconstructed_current/scenes/A0D/overlays/A0D_overlay_15_16x24_x48_y32.png	1014	76cbbc255f74aa5d16170caf5c49f40f4e27f361f0d19f1d4af55d09fea47d9c	.png	current reconstructed output; see documentation for confidence and remaining caveats
reconstructed_current/scenes/A0D/overlays/A0D_overlay_15_16x24_x48_y32_2x.png	1114	f00b4e6320d1292a9ff9531c9fd9763b275feaa420f3edb70db65ae272a2d3dc	.png	current reconstructed output; see documentation for confidence and remaining caveats
reconstructed_current/scenes/A0D/overlays/A0D_overlay_16_16x24_x48_y32.png	1015	af234dc19a753e1f7918c8b49b2d5d5335fa348ba87b7b5231dc73601e6e4b6c	.png	current reconstructed output; see documentation for confidence and remaining caveats
reconstructed_current/scenes/A0D/overlays/A0D_overlay_16_16x24_x48_y32_2x.png	1116	fc851bec8d79e0d08b6f2b1680209c79af4c8a91eeff24b62413f33888bcb3be	.png	current reconstructed output; see documentation for confidence and remaining caveats
reconstructed_current/scenes/A0D/overlays/A0D_overlay_17_16x16_x48_y56.png	959	2c680b1f625157ec71e374ee7f7fc729658061b2104bf74c12faf56ba91c24a6	.png	current reconstructed output; see documentation for confidence and remaining caveats
reconstructed_current/scenes/A0D/overlays/A0D_overlay_17_16x16_x48_y56_2x.png	1018	8bf075da8da92d5c7cd64a764fbc6a33f5b4072e21558d87069406d08e1cb185	.png	current reconstructed output; see documentation for confidence and remaining caveats
reconstructed_current/scenes/A0D/overlays.tsv	744	1a38218912358bdd20eefd06eb2cabeade8dbf7c63667f890f91841ef746850e	.tsv	current reconstructed output; see documentation for confidence and remaining caveats
reconstructed_current/scenes/A0E/A0E_base.png	3905	8a0245c07cc5ef3d630e66f7135c4cc798cca00a7858b29f434359463e3d21ae	.png	current reconstructed output; see documentation for confidence and remaining caveats
reconstructed_current/scenes/A0E/A0E_base_2x.png	4909	b77858b3bfe775a3eb7186e3a8e31c4b977da2682b709f2e0f0bd3310e0cd4ba	.png	current reconstructed output; see documentation for confidence and remaining caveats
reconstructed_current/scenes/A0E/animation_sequences.tsv	827	47038430ec9a4af361be515c9676fcd89c788dc1ac2ea116f0d96bbf80f76c5f	.tsv	current reconstructed output; see documentation for confidence and remaining caveats
reconstructed_current/scenes/A0E/composites/A0E_overlay_01_composite.png	3907	aec5538a06050366f718caf47996f9ea8dc72ce0abb9c108a153bd24a89e1c59	.png	current reconstructed output; see documentation for confidence and remaining caveats
reconstructed_current/scenes/A0E/composites/A0E_overlay_01_composite_2x.png	4907	f2ff44b685b2f30eb3ad324063ccea983f7f5c0e9c2eaf0ea31aa9929063e873	.png	current reconstructed output; see documentation for confidence and remaining caveats
reconstructed_current/scenes/A0E/composites/A0E_overlay_02_composite.png	3894	722dce4de9f62b460d9b11355102896625bbf47f3aacf4bb7030ba5af6c397b5	.png	current reconstructed output; see documentation for confidence and remaining caveats
reconstructed_current/scenes/A0E/composites/A0E_overlay_02_composite_2x.png	4892	cb8c64db824d686904565504dcee616e1d82221543dc1f36672df945cd95fdc9	.png	current reconstructed output; see documentation for confidence and remaining caveats
reconstructed_current/scenes/A0E/composites/A0E_overlay_03_composite.png	3909	2538f7bd6c1bce207e2346a2179fd00e09f6e01b7ffa32a469375563c69c9bcd	.png	current reconstructed output; see documentation for confidence and remaining caveats
reconstructed_current/scenes/A0E/composites/A0E_overlay_03_composite_2x.png	4909	f14ea49fde57ea5499ff72820d57de660edc2bfb6e27922a28c50d74151063c2	.png	current reconstructed output; see documentation for confidence and remaining caveats
reconstructed_current/scenes/A0E/composites/A0E_overlay_04_composite.png	3909	0697b352d6bf3ba32ebca406b25272ee8c74fee719ba82dc394a2d5ff3bdd088	.png	current reconstructed output; see documentation for confidence and remaining caveats
reconstructed_current/scenes/A0E/composites/A0E_overlay_04_composite_2x.png	4906	f4749a1eb15fc557761fe28ba6c582cf69af231042b9e60f84c728803ef03013	.png	current reconstructed output; see documentation for confidence and remaining caveats
reconstructed_current/scenes/A0E/composites/A0E_overlay_05_composite.png	3907	e1063777fa2f93bfe63fe2f4db857b67705a3b54e583482fbd70ac4261651ebc	.png	current reconstructed output; see documentation for confidence and remaining caveats
reconstructed_current/scenes/A0E/composites/A0E_overlay_05_composite_2x.png	4899	ed95c92b0eb456a92a6a2637bd35fad3fe4023390fa29e33a28969869cf8854f	.png	current reconstructed output; see documentation for confidence and remaining caveats
reconstructed_current/scenes/A0E/composites/A0E_overlay_06_composite.png	3909	2c64e9c8243a34e9c50d5e87313a51b7aabbffb41723ef026801b79122e33f51	.png	current reconstructed output; see documentation for confidence and remaining caveats
reconstructed_current/scenes/A0E/composites/A0E_overlay_06_composite_2x.png	4907	6b988319739da0f63a672a317a64300cad93cc33c277331598f9091bba12b49f	.png	current reconstructed output; see documentation for confidence and remaining caveats
reconstructed_current/scenes/A0E/composites/A0E_overlay_07_composite.png	3905	d264722cc185796a58aa0dbd3cfaad3c801bf96cc517e56d7b6c7dd86189eae1	.png	current reconstructed output; see documentation for confidence and remaining caveats
reconstructed_current/scenes/A0E/composites/A0E_overlay_07_composite_2x.png	4896	3981584caebb6791273e8e9a6738e9f4e559b1604b984e16ec622a11647d8355	.png	current reconstructed output; see documentation for confidence and remaining caveats
reconstructed_current/scenes/A0E/composites/A0E_overlay_08_composite.png	3906	eb63a9445ea5671e58e558ff241c3733832d1ab07510f912ff097e4551e0e137	.png	current reconstructed output; see documentation for confidence and remaining caveats
reconstructed_current/scenes/A0E/composites/A0E_overlay_08_composite_2x.png	4915	2378fe7834d6cb79a3aa8c47d10d8c70a51d10ece23990bb8b264dcaa7b224f8	.png	current reconstructed output; see documentation for confidence and remaining caveats
reconstructed_current/scenes/A0E/composites/A0E_overlay_09_composite.png	3908	1729eebf09a6f8ccec45132c59b2168c0dfb0eb50e04186e984159da2736018c	.png	current reconstructed output; see documentation for confidence and remaining caveats
reconstructed_current/scenes/A0E/composites/A0E_overlay_09_composite_2x.png	4920	1c7bc8fe0b3e5ea23fbec4381ed4b405b6a948b31e7b864dbf7f351f97436f44	.png	current reconstructed output; see documentation for confidence and remaining caveats
reconstructed_current/scenes/A0E/composites/A0E_overlay_10_composite.png	3907	355d88d6ccd4597f2ab20ad02e70b6c41ef7e904d4b69db25261a07e8cf662d5	.png	current reconstructed output; see documentation for confidence and remaining caveats
reconstructed_current/scenes/A0E/composites/A0E_overlay_10_composite_2x.png	4920	286db75f574a2930c3fff844eecb874e18c453bbea9eb022b12f8fe07f0ad9fb	.png	current reconstructed output; see documentation for confidence and remaining caveats
reconstructed_current/scenes/A0E/composites/A0E_overlay_11_composite.png	3907	4340a3c1434c32d85d059d4b432297859ba0f1fee9681789e1c54bb82cccd786	.png	current reconstructed output; see documentation for confidence and remaining caveats
reconstructed_current/scenes/A0E/composites/A0E_overlay_11_composite_2x.png	4921	c14ab91268a656eeb647b5e3aef22aa5849346ae3d5aacaa56bdbac64f9d3aed	.png	current reconstructed output; see documentation for confidence and remaining caveats
reconstructed_current/scenes/A0E/composites/A0E_overlay_12_composite.png	3907	3dcdd5ee5ea38ef607b45457a4b25033c61f6292cb378aab910d0b825bde1b2d	.png	current reconstructed output; see documentation for confidence and remaining caveats
reconstructed_current/scenes/A0E/composites/A0E_overlay_12_composite_2x.png	4920	325229dac83818db7ec4910e9c0a5ed5115c059cab40406029bc0bbbef119597	.png	current reconstructed output; see documentation for confidence and remaining caveats
reconstructed_current/scenes/A0E/composites/A0E_overlay_13_composite.png	3908	6e2d86dd2b154ff20b3b9247a25e2102e90959e1bbbcf5f536ae7de7dde83033	.png	current reconstructed output; see documentation for confidence and remaining caveats
reconstructed_current/scenes/A0E/composites/A0E_overlay_13_composite_2x.png	4920	70788ab5935085d6cf30330c4608b779664bb2e709d166c192824d483bf7e6dc	.png	current reconstructed output; see documentation for confidence and remaining caveats
reconstructed_current/scenes/A0E/composites/A0E_overlay_14_composite.png	3907	db94c1e91bd2c7c744047f7c007cf9933e1e6235651a50ed8a3a5edad6eab86a	.png	current reconstructed output; see documentation for confidence and remaining caveats
reconstructed_current/scenes/A0E/composites/A0E_overlay_14_composite_2x.png	4921	bda075501bed3bd8f9c9f82b1f77b8e5fcc8be498087632324b82cda0fef1f61	.png	current reconstructed output; see documentation for confidence and remaining caveats
reconstructed_current/scenes/A0E/composites/A0E_overlay_15_composite.png	3905	76038a5b46e202d5cd954190eed1450eb2fdfd11d4054546fbb271e7386e4727	.png	current reconstructed output; see documentation for confidence and remaining caveats
reconstructed_current/scenes/A0E/composites/A0E_overlay_15_composite_2x.png	4917	42aa63753657d78f8155991729bbcfd3584671e801275f15b4ec304ba1a50a88	.png	current reconstructed output; see documentation for confidence and remaining caveats
reconstructed_current/scenes/A0E/composites/A0E_overlay_16_composite.png	3910	f2b1eb78095d94099000c316cd43d21e3dae917d8c1311158123f3f3e713a8c9	.png	current reconstructed output; see documentation for confidence and remaining caveats
reconstructed_current/scenes/A0E/composites/A0E_overlay_16_composite_2x.png	4913	86aa89e398cba907facee1e18470661b7ac3bd6010a37cfcf6d6550df5970523	.png	current reconstructed output; see documentation for confidence and remaining caveats
reconstructed_current/scenes/A0E/composites/A0E_overlay_17_composite.png	3912	eb8b4a15f139d0b4f0a2880e8b11b2a2397e3d423394571d68eb5343204254cb	.png	current reconstructed output; see documentation for confidence and remaining caveats
reconstructed_current/scenes/A0E/composites/A0E_overlay_17_composite_2x.png	4914	4e7a21752732e5599ac59411c802ca7b1eaee087aee3afbe165e446d8b47254f	.png	current reconstructed output; see documentation for confidence and remaining caveats
reconstructed_current/scenes/A0E/composites/A0E_overlay_18_composite.png	3915	e70b71e0c1c5232616f9d5098fa7587b108f8a613f075f6f20ece0e15b752033	.png	current reconstructed output; see documentation for confidence and remaining caveats
reconstructed_current/scenes/A0E/composites/A0E_overlay_18_composite_2x.png	4918	e2071b0a418c7747d619b546f2640e72bd11212025bb335d361eeffaf1a90ee9	.png	current reconstructed output; see documentation for confidence and remaining caveats
reconstructed_current/scenes/A0E/composites/A0E_overlay_19_composite.png	3913	08b061ac95729282aedcd3261217ede9b1a1fe17e3998dc3663181dde456e38e	.png	current reconstructed output; see documentation for confidence and remaining caveats
reconstructed_current/scenes/A0E/composites/A0E_overlay_19_composite_2x.png	4921	5dfc255a6cc6c6fcbaa424c275332a7c6f9d5f7b65b37582c9c40066ee2a4fad	.png	current reconstructed output; see documentation for confidence and remaining caveats
reconstructed_current/scenes/A0E/composites/A0E_overlay_20_composite.png	3916	71d853c26e08c199c6e353d91e2a6d149724630005c5c42f6792d1dbcaf17123	.png	current reconstructed output; see documentation for confidence and remaining caveats
reconstructed_current/scenes/A0E/composites/A0E_overlay_20_composite_2x.png	4931	8d6782346a1e15d86bd5d48d0a35eee9eda76d074024025ac04d23fcce373fdd	.png	current reconstructed output; see documentation for confidence and remaining caveats
reconstructed_current/scenes/A0E/composites/A0E_overlay_21_composite.png	3914	5da860dd48f5661b86250ac622ca3eb2e2299a6b5cc059b94be075efb989cb4a	.png	current reconstructed output; see documentation for confidence and remaining caveats
reconstructed_current/scenes/A0E/composites/A0E_overlay_21_composite_2x.png	4921	ab3f27a0b0cfc3712103da4c2654a2ab134c24467416498c254f39017607ecf8	.png	current reconstructed output; see documentation for confidence and remaining caveats
reconstructed_current/scenes/A0E/composites/A0E_overlay_22_composite.png	3906	43920fd5cbc8410251a13ef36ea8d5b3b030b17f3d3398672982a936fd73fca1	.png	current reconstructed output; see documentation for confidence and remaining caveats
reconstructed_current/scenes/A0E/composites/A0E_overlay_22_composite_2x.png	4904	80663f894cdde5a38c60136465bd34260939715d65199a6404322eb74bf5fcf5	.png	current reconstructed output; see documentation for confidence and remaining caveats
reconstructed_current/scenes/A0E/composites/A0E_overlay_23_composite.png	3905	2217e8b831c10198ddcc9c631f2f1b917e7abfaf242f7f343f3ca5fdbc59b893	.png	current reconstructed output; see documentation for confidence and remaining caveats
reconstructed_current/scenes/A0E/composites/A0E_overlay_23_composite_2x.png	4906	08e5860ba089e3440d94f030570ef6b8962d6d48b23e3ae5cbd22e25631e396e	.png	current reconstructed output; see documentation for confidence and remaining caveats
reconstructed_current/scenes/A0E/composites/A0E_overlay_24_composite.png	3904	ddd719dc0572a256172f0d95a7a0b8a27153ced67e89cf20810c4c266b8e989a	.png	current reconstructed output; see documentation for confidence and remaining caveats
reconstructed_current/scenes/A0E/composites/A0E_overlay_24_composite_2x.png	4902	f010650230c33a0de726601614c76f0acbc3dfffb6bcdabadd10fa0843cbac99	.png	current reconstructed output; see documentation for confidence and remaining caveats
reconstructed_current/scenes/A0E/composites/A0E_overlay_25_composite.png	3914	56b5da24c1102179986e9de1180f004223fef536767face199331f8e5ce032eb	.png	current reconstructed output; see documentation for confidence and remaining caveats
reconstructed_current/scenes/A0E/composites/A0E_overlay_25_composite_2x.png	4921	00a120aed7626846467b0bd24d1cdd09c64421e119b5090d73ece9e07600b088	.png	current reconstructed output; see documentation for confidence and remaining caveats
reconstructed_current/scenes/A0E/composites/A0E_overlay_26_composite.png	3918	1113d19673f178444295834d9c0529dd3f88245da5a66545f10baddccf266f12	.png	current reconstructed output; see documentation for confidence and remaining caveats
reconstructed_current/scenes/A0E/composites/A0E_overlay_26_composite_2x.png	4925	3ba67f17b43276c5e015683f1989d116669d7b6c1d8d429272b3767d2469537b	.png	current reconstructed output; see documentation for confidence and remaining caveats
reconstructed_current/scenes/A0E/composites/A0E_overlay_27_composite.png	3924	ecfd421bb621ef02d14724103cd9829e4b48685ee4da4de6ddad9bcb8a7e59c4	.png	current reconstructed output; see documentation for confidence and remaining caveats
reconstructed_current/scenes/A0E/composites/A0E_overlay_27_composite_2x.png	4934	d24bfdef950241f4079d6f38e5c6d8c58980e28a33b170e823828ff9a71bc1a1	.png	current reconstructed output; see documentation for confidence and remaining caveats
reconstructed_current/scenes/A0E/composites/A0E_overlay_28_composite.png	3935	922b4c07ca4d59324ec26403676b13063c7b5bf6764c5e3999840a4782b22b1f	.png	current reconstructed output; see documentation for confidence and remaining caveats
reconstructed_current/scenes/A0E/composites/A0E_overlay_28_composite_2x.png	4941	a3adab2f7d085bb21419fb626e1b298c992fd72d7e882940cbf26ba8ad8797e6	.png	current reconstructed output; see documentation for confidence and remaining caveats
reconstructed_current/scenes/A0E/composites/A0E_overlay_29_composite.png	3928	0208ee1a45a0c4f2a376e1e48a6b1e90c42f26a7d7277090cd3a09459845fe7e	.png	current reconstructed output; see documentation for confidence and remaining caveats
reconstructed_current/scenes/A0E/composites/A0E_overlay_29_composite_2x.png	4940	94245be31bcd03b71a97e0792f00af0c4ec5c92a23925085dae10b24e8843764	.png	current reconstructed output; see documentation for confidence and remaining caveats
reconstructed_current/scenes/A0E/composites/A0E_overlay_30_composite.png	3926	1be0a8d3730c43412bc08eab47e69f0ab16defee948ac124b2a960a14b638421	.png	current reconstructed output; see documentation for confidence and remaining caveats
reconstructed_current/scenes/A0E/composites/A0E_overlay_30_composite_2x.png	4940	5689b134ee2a53815b72e0fc396a47f48c29f2349fcd7410b05d80ef8612a2fd	.png	current reconstructed output; see documentation for confidence and remaining caveats
reconstructed_current/scenes/A0E/composites/A0E_overlay_31_composite.png	3924	5fb8ddaacd74731263a59b62fa5ba710bd7da3b6bdc6d1882f6878e9b326f29f	.png	current reconstructed output; see documentation for confidence and remaining caveats
reconstructed_current/scenes/A0E/composites/A0E_overlay_31_composite_2x.png	4930	cb7aeda425daadc576c52f5eb78d8e263272968cda993705f5cf40b02fda677e	.png	current reconstructed output; see documentation for confidence and remaining caveats
reconstructed_current/scenes/A0E/composites/A0E_overlay_32_composite.png	3923	b4cc9957572746e28bca5796f8c4b4d0a7edbd105fcdd0dd97d6f60c6ca206b6	.png	current reconstructed output; see documentation for confidence and remaining caveats
reconstructed_current/scenes/A0E/composites/A0E_overlay_32_composite_2x.png	4927	3eb07504859df326a0cfd43689ce550d201642647bf5c65488a7d38d5dacab70	.png	current reconstructed output; see documentation for confidence and remaining caveats
reconstructed_current/scenes/A0E/composites/A0E_overlay_33_composite.png	3915	193bcf343a3845d9e64fe0093c7f652aef987ef97622feb856af0ae9d4b89cd1	.png	current reconstructed output; see documentation for confidence and remaining caveats
reconstructed_current/scenes/A0E/composites/A0E_overlay_33_composite_2x.png	4925	b7f086a50bea11f7db4606649f35991b1312a8161f61e0b0b3e631828c77e769	.png	current reconstructed output; see documentation for confidence and remaining caveats
reconstructed_current/scenes/A0E/composites/A0E_overlay_34_composite.png	3911	d5eb18c1be2a57307065d315e43a32aa0439410c66e5cb8574323da8dd7dfe60	.png	current reconstructed output; see documentation for confidence and remaining caveats
reconstructed_current/scenes/A0E/composites/A0E_overlay_34_composite_2x.png	4915	e82cb2c6abdfaf4207448785789e9180f68db8afbb518896ec8b81d8c3550f0f	.png	current reconstructed output; see documentation for confidence and remaining caveats
reconstructed_current/scenes/A0E/overlays/A0E_overlay_01_32x32_x48_y56.png	1148	a2291fa0586b963810633aff509568bc955a7132d3efded6ca206ddeffb60adb	.png	current reconstructed output; see documentation for confidence and remaining caveats
reconstructed_current/scenes/A0E/overlays/A0E_overlay_01_32x32_x48_y56_2x.png	1280	b0b247631eb6cb594d660e0b7c3d7c43ed27d2524857e41532af7ea1f4b7a981	.png	current reconstructed output; see documentation for confidence and remaining caveats
reconstructed_current/scenes/A0E/overlays/A0E_overlay_02_32x32_x48_y56.png	1142	b572aa2acfea6de8ac43e820c84b626f5b5d69cf7c899f5dcf8f281887357354	.png	current reconstructed output; see documentation for confidence and remaining caveats
reconstructed_current/scenes/A0E/overlays/A0E_overlay_02_32x32_x48_y56_2x.png	1269	870205ab672df5dd89ea0d5c590e2e9669b2a765967c2d8600f1836c51cb2d9f	.png	current reconstructed output; see documentation for confidence and remaining caveats
reconstructed_current/scenes/A0E/overlays/A0E_overlay_03_32x15_x32_y25.png	1032	8e15f1b915b3e68f770947c187470390d7e694adfa3c3b2e8504dfe2489a466e	.png	current reconstructed output; see documentation for confidence and remaining caveats
reconstructed_current/scenes/A0E/overlays/A0E_overlay_03_32x15_x32_y25_2x.png	1104	a067032ac05b64f2e95ad49474868c7f1c1fffbee6491943cbd1160bc703d138	.png	current reconstructed output; see documentation for confidence and remaining caveats
reconstructed_current/scenes/A0E/overlays/A0E_overlay_04_32x15_x32_y25.png	1029	6e04d15514399e5a0c4f36371b852bc6bf6a8d79277e1322e55c01f5ea853600	.png	current reconstructed output; see documentation for confidence and remaining caveats
reconstructed_current/scenes/A0E/overlays/A0E_overlay_04_32x15_x32_y25_2x.png	1101	83c685f398660c3db03a1afa073fbb3cffa30865864dca29c15b4d0bf11c748c	.png	current reconstructed output; see documentation for confidence and remaining caveats
reconstructed_current/scenes/A0E/overlays/A0E_overlay_05_32x8_x32_y16.png	959	166f97199ff60f742f964ab088cffeb05d573a35929c5dad445811b9a84501d4	.png	current reconstructed output; see documentation for confidence and remaining caveats
reconstructed_current/scenes/A0E/overlays/A0E_overlay_05_32x8_x32_y16_2x.png	997	06c9e83152bbd5f175704dfa6f4915af216c4afcb2d0996c7d9d0567df0ed398	.png	current reconstructed output; see documentation for confidence and remaining caveats
reconstructed_current/scenes/A0E/overlays/A0E_overlay_06_32x8_x32_y16.png	958	8804249ce05a9306736bf4630e199c315a55cb110594825bcb1b42c998159853	.png	current reconstructed output; see documentation for confidence and remaining caveats
reconstructed_current/scenes/A0E/overlays/A0E_overlay_06_32x8_x32_y16_2x.png	1001	4e60efad7056d20592cf2037ae072c1f62c786a6e2fdde99a584b334943694c0	.png	current reconstructed output; see documentation for confidence and remaining caveats
reconstructed_current/scenes/A0E/overlays/A0E_overlay_07_32x8_x32_y16.png	959	4bb2eaf3ff141e82300efe5bae6d1a5b64f0891c6c972f94bdeaed74101df86d	.png	current reconstructed output; see documentation for confidence and remaining caveats
reconstructed_current/scenes/A0E/overlays/A0E_overlay_07_32x8_x32_y16_2x.png	1000	c768cc593e339a3b6328d7f59eeebb34244e375613ce96f7f6f586bd48a09cef	.png	current reconstructed output; see documentation for confidence and remaining caveats
reconstructed_current/scenes/A0E/overlays/A0E_overlay_08_16x8_x0_y8.png	857	fcc6e78b69d3aaa5c53c5720a401b1e58b6c0e960521244d212cc7e1d0364a37	.png	current reconstructed output; see documentation for confidence and remaining caveats
reconstructed_current/scenes/A0E/overlays/A0E_overlay_08_16x8_x0_y8_2x.png	862	a3e22f84af20cc9ffa8d8299f6aaac970c55c409d9de4ea5c1dbe1afea1a5c08	.png	current reconstructed output; see documentation for confidence and remaining caveats
reconstructed_current/scenes/A0E/overlays/A0E_overlay_09_16x8_x0_y8.png	860	34cf9ad51e5b475ef6a28c8016770adcd11cb038000540b919f9df0d504bd767	.png	current reconstructed output; see documentation for confidence and remaining caveats
reconstructed_current/scenes/A0E/overlays/A0E_overlay_09_16x8_x0_y8_2x.png	866	d01d3ac2e56f92731b159916364b46c6e8ebb38f0e38c6009b1a51df8c6f1289	.png	current reconstructed output; see documentation for confidence and remaining caveats
reconstructed_current/scenes/A0E/overlays/A0E_overlay_10_16x8_x0_y8.png	862	795ec4dc9b4afb819910d46b2ce166ed385b7c5ac6b71663582d1f9ea70801fd	.png	current reconstructed output; see documentation for confidence and remaining caveats
reconstructed_current/scenes/A0E/overlays/A0E_overlay_10_16x8_x0_y8_2x.png	865	df64512623dec007b2388eddda2dd56901dd07c47f9106b7cf3000733522bf0d	.png	current reconstructed output; see documentation for confidence and remaining caveats
reconstructed_current/scenes/A0E/overlays/A0E_overlay_11_16x8_x0_y8.png	860	760438ddb683e8f15c204b76deff2e22466d9a5469fe989f03895c7ace6aa8a9	.png	current reconstructed output; see documentation for confidence and remaining caveats
reconstructed_current/scenes/A0E/overlays/A0E_overlay_11_16x8_x0_y8_2x.png	866	391c7e09240c19fa4f62af251d6d38e273261470428987eb9f0ad700cf05d934	.png	current reconstructed output; see documentation for confidence and remaining caveats
reconstructed_current/scenes/A0E/overlays/A0E_overlay_12_16x8_x0_y8.png	862	1eae642345b0f67c1b7bc18e9b7e85a44aa487a303f9df62e274c401b6ca8051	.png	current reconstructed output; see documentation for confidence and remaining caveats
reconstructed_current/scenes/A0E/overlays/A0E_overlay_12_16x8_x0_y8_2x.png	865	5d732e59ad8153e26778fcf5b2d6874f2ecacd08a521ac7a8b4a3e5d80ab7b03	.png	current reconstructed output; see documentation for confidence and remaining caveats
reconstructed_current/scenes/A0E/overlays/A0E_overlay_13_16x8_x0_y8.png	860	9175d09966d0e8cac909410ce7699f8023658ce129b9e52e10b8b39dd9b8f3a9	.png	current reconstructed output; see documentation for confidence and remaining caveats
reconstructed_current/scenes/A0E/overlays/A0E_overlay_13_16x8_x0_y8_2x.png	866	3882f324472e620e08f8df61fd4fde5a2f39e60ce327e1f18b4d5236645503c1	.png	current reconstructed output; see documentation for confidence and remaining caveats
reconstructed_current/scenes/A0E/overlays/A0E_overlay_14_16x8_x0_y8.png	862	33a2cb0ad2eaa4541baa5e9b5df9eacf865040411910d41a59cc02f551075f64	.png	current reconstructed output; see documentation for confidence and remaining caveats
reconstructed_current/scenes/A0E/overlays/A0E_overlay_14_16x8_x0_y8_2x.png	865	2f65c698451f8b0553ddda32b90fda0abe6e97d0abcfe5a8314fe249d56a9a42	.png	current reconstructed output; see documentation for confidence and remaining caveats
reconstructed_current/scenes/A0E/overlays/A0E_overlay_15_16x8_x0_y8.png	857	5967913c97e7592a0174a5c92f91855eb0a3274901a57020790dea374bdae9a8	.png	current reconstructed output; see documentation for confidence and remaining caveats
reconstructed_current/scenes/A0E/overlays/A0E_overlay_15_16x8_x0_y8_2x.png	861	7834d9eabababb813eca4ad91bb1593df3990932e2ad3a3c34e6c8b46158f3c6	.png	current reconstructed output; see documentation for confidence and remaining caveats
reconstructed_current/scenes/A0E/overlays/A0E_overlay_16_32x16_x80_y24.png	945	8906513398ac1baaadd8917dcd12933fe93f734a718b9d90e5cc05b8a7b92d92	.png	current reconstructed output; see documentation for confidence and remaining caveats
reconstructed_current/scenes/A0E/overlays/A0E_overlay_16_32x16_x80_y24_2x.png	1009	b033ba20168b4b03e13bc094bcec41de3d18a8530e43ce291e1648101dffd097	.png	current reconstructed output; see documentation for confidence and remaining caveats
reconstructed_current/scenes/A0E/overlays/A0E_overlay_17_32x16_x80_y24.png	947	25b9bbd53a5af50a4fafc29a6a1f04145bf7ab6c05cd29138b15073555eb06be	.png	current reconstructed output; see documentation for confidence and remaining caveats
reconstructed_current/scenes/A0E/overlays/A0E_overlay_17_32x16_x80_y24_2x.png	1016	03f59217e7b119150e2891602dd4b3e90980568c323f637c4c59b63fddaa4688	.png	current reconstructed output; see documentation for confidence and remaining caveats
reconstructed_current/scenes/A0E/overlays/A0E_overlay_18_32x16_x80_y24.png	946	d95e192922e5c52a7e5991e005ab290370d4026d9204482e2edeafab7b3de88e	.png	current reconstructed output; see documentation for confidence and remaining caveats
reconstructed_current/scenes/A0E/overlays/A0E_overlay_18_32x16_x80_y24_2x.png	1018	fd9d4c339317a6c7d7b78fa641f2a39339915e64d22cbff57669aa7b887c6ebc	.png	current reconstructed output; see documentation for confidence and remaining caveats
reconstructed_current/scenes/A0E/overlays/A0E_overlay_19_32x8_x112_y40.png	906	dc411446d6d1807c844e4662893f871a196b64390567674a3a2a2a5a580eaa55	.png	current reconstructed output; see documentation for confidence and remaining caveats
reconstructed_current/scenes/A0E/overlays/A0E_overlay_19_32x8_x112_y40_2x.png	942	f3cde6ef7c1bac38832ec47a047043c7b5de029c83b92c2a27bd2c37c4cebb75	.png	current reconstructed output; see documentation for confidence and remaining caveats
reconstructed_current/scenes/A0E/overlays/A0E_overlay_20_32x8_x112_y40.png	911	a76f9d5ed37dd42ab9fe88512cdb271a6cb65da5a2313be2aeeba352911d3028	.png	current reconstructed output; see documentation for confidence and remaining caveats
reconstructed_current/scenes/A0E/overlays/A0E_overlay_20_32x8_x112_y40_2x.png	948	9198e423a632dec0fd99c05f8a1b411a1e48d154274fa36620289b15f9bdf169	.png	current reconstructed output; see documentation for confidence and remaining caveats
reconstructed_current/scenes/A0E/overlays/A0E_overlay_21_32x8_x112_y40.png	904	75ccbb21a9c67c6c2113472b0959693fb8f3ca9288e88237dcb2e10b1a626370	.png	current reconstructed output; see documentation for confidence and remaining caveats
reconstructed_current/scenes/A0E/overlays/A0E_overlay_21_32x8_x112_y40_2x.png	937	7001cb981040de77dc3e44a5d6a2a67e369ba09877d5d909a7aee0363b5b5f3f	.png	current reconstructed output; see documentation for confidence and remaining caveats
reconstructed_current/scenes/A0E/overlays/A0E_overlay_22_32x1_x32_y24.png	870	955bb24a76c0948da027f957f3fc7731d52d013fa67853e55b807414ec5ba5b1	.png	current reconstructed output; see documentation for confidence and remaining caveats
reconstructed_current/scenes/A0E/overlays/A0E_overlay_22_32x1_x32_y24_2x.png	880	8f48eb35db652c9e3fcb9bf9ec64e06b54e3d414b9476c4f3b5afe107b5499e9	.png	current reconstructed output; see documentation for confidence and remaining caveats
reconstructed_current/scenes/A0E/overlays/A0E_overlay_23_32x1_x32_y24.png	872	fb71ef8fbf680040b3e58e8fc0b4492d9c871f9c177c60d613798cc616a0cad8	.png	current reconstructed output; see documentation for confidence and remaining caveats
reconstructed_current/scenes/A0E/overlays/A0E_overlay_23_32x1_x32_y24_2x.png	882	4c72941b085a1816f003a02761255a9b3345f311c1c70c667fbdd853edcac053	.png	current reconstructed output; see documentation for confidence and remaining caveats
reconstructed_current/scenes/A0E/overlays/A0E_overlay_24_32x1_x32_y24.png	865	7c7e7f1f2f57d282502a74e30fea2c3498c270e252f1e14df1d076bb501a2d87	.png	current reconstructed output; see documentation for confidence and remaining caveats
reconstructed_current/scenes/A0E/overlays/A0E_overlay_24_32x1_x32_y24_2x.png	875	665996fdd0ea024f96b66caa6330e58bc847f9c63463a5fed4717b736a66f46a	.png	current reconstructed output; see documentation for confidence and remaining caveats
reconstructed_current/scenes/A0E/overlays/A0E_overlay_25_32x8_x112_y72.png	875	10f595922e1c70a3b9ee8053f562cc5b8303af14ee03aa91edcde76ddf7a5219	.png	current reconstructed output; see documentation for confidence and remaining caveats
reconstructed_current/scenes/A0E/overlays/A0E_overlay_25_32x8_x112_y72_2x.png	889	233018188fe0be63736fbda473683fc5d592cf67d5cc83e4625e2faaf957e4d2	.png	current reconstructed output; see documentation for confidence and remaining caveats
reconstructed_current/scenes/A0E/overlays/A0E_overlay_26_32x8_x112_y72.png	881	ef420a1c874691a4194bdbf6b2300e2ce962bd35a274dc3d1efbe83e6751f5bd	.png	current reconstructed output; see documentation for confidence and remaining caveats
reconstructed_current/scenes/A0E/overlays/A0E_overlay_26_32x8_x112_y72_2x.png	897	454885996a74771c7625a0de329fc0914b33a3458d96f43b4409db6e2206186c	.png	current reconstructed output; see documentation for confidence and remaining caveats
reconstructed_current/scenes/A0E/overlays/A0E_overlay_27_32x8_x112_y72.png	888	0bba6aa4eeab29cba90e94bd6dfd8c1e4937b8ee6470838882a2b055c9cd39e8	.png	current reconstructed output; see documentation for confidence and remaining caveats
reconstructed_current/scenes/A0E/overlays/A0E_overlay_27_32x8_x112_y72_2x.png	906	f57805153b47f45d4c1f24907e581844a6b63543e2a46b59332a433682bec950	.png	current reconstructed output; see documentation for confidence and remaining caveats
reconstructed_current/scenes/A0E/overlays/A0E_overlay_28_32x8_x112_y72.png	899	aacc06432bf510c9eaf57f9e788ca76f4e17b374777fcb161ec6e042ab1f765b	.png	current reconstructed output; see documentation for confidence and remaining caveats
reconstructed_current/scenes/A0E/overlays/A0E_overlay_28_32x8_x112_y72_2x.png	916	257fc364cae58e06b60219f1e7899ed50d5d6f2c811a69c4efa79f8674367448	.png	current reconstructed output; see documentation for confidence and remaining caveats
reconstructed_current/scenes/A0E/overlays/A0E_overlay_29_32x8_x112_y72.png	899	a19d6dc8d15e9c0096f865adb97ec1a1a9c0f234a06eefc872e819b6b945ea5e	.png	current reconstructed output; see documentation for confidence and remaining caveats
reconstructed_current/scenes/A0E/overlays/A0E_overlay_29_32x8_x112_y72_2x.png	915	f55d8b6a89e93195b023db70091a9ae56dd793ec03f77976626b9c125bdb626f	.png	current reconstructed output; see documentation for confidence and remaining caveats
reconstructed_current/scenes/A0E/overlays/A0E_overlay_30_32x8_x112_y72.png	902	0cc4f7f2d90e99949364da11650db1341c1b3087b48a09765e7c1982b5d651dc	.png	current reconstructed output; see documentation for confidence and remaining caveats
reconstructed_current/scenes/A0E/overlays/A0E_overlay_30_32x8_x112_y72_2x.png	917	47bf1fc4cbb6107e070518c288e555d926e89c804f2cbea8460b906c18a021e9	.png	current reconstructed output; see documentation for confidence and remaining caveats
reconstructed_current/scenes/A0E/overlays/A0E_overlay_31_32x8_x112_y72.png	895	294017e049fd10f36b2f6ce68b7f896cf89a829a6f8cb45bc04b3c3f4a0013ee	.png	current reconstructed output; see documentation for confidence and remaining caveats
reconstructed_current/scenes/A0E/overlays/A0E_overlay_31_32x8_x112_y72_2x.png	908	5cafeb839da234ba88ed72d217d11f1d0d38ebe104b9ad32698a5d44d8c1d7a9	.png	current reconstructed output; see documentation for confidence and remaining caveats
reconstructed_current/scenes/A0E/overlays/A0E_overlay_32_32x8_x112_y72.png	893	418d7a61f8f723a2b5070804c9cd7ab31acfa42b9ab6cca486342396bbb0271b	.png	current reconstructed output; see documentation for confidence and remaining caveats
reconstructed_current/scenes/A0E/overlays/A0E_overlay_32_32x8_x112_y72_2x.png	908	6cc93b93831e48571e5a7bc54aceb3addf1c06d47b58b0675431c8f17ec5aa16	.png	current reconstructed output; see documentation for confidence and remaining caveats
reconstructed_current/scenes/A0E/overlays/A0E_overlay_33_32x8_x112_y72.png	878	57699fb9973bc234e4442eeabe59c1c9406e3324ba647d74a92ac2c61ed8398b	.png	current reconstructed output; see documentation for confidence and remaining caveats
reconstructed_current/scenes/A0E/overlays/A0E_overlay_33_32x8_x112_y72_2x.png	892	aeb0b18268429f862d42f56892782b8ad0e0d2d35e4a4f8a9762904fff5cb9be	.png	current reconstructed output; see documentation for confidence and remaining caveats
reconstructed_current/scenes/A0E/overlays/A0E_overlay_34_32x8_x112_y72.png	870	e4c30305588a86f5d323a8ed882e06bbdc47e53869a01bc4a96af6d7af423e69	.png	current reconstructed output; see documentation for confidence and remaining caveats
reconstructed_current/scenes/A0E/overlays/A0E_overlay_34_32x8_x112_y72_2x.png	880	b4d799b4f1682f264f66b44a9d5ad888ad08d266f1b82892ba6b7bb8215e33dd	.png	current reconstructed output; see documentation for confidence and remaining caveats
reconstructed_current/scenes/A0E/overlays.tsv	1378	77ce143301010c795462a6ec87b55b1607e0bfc9aa8833f196b2f26c534d3706	.tsv	current reconstructed output; see documentation for confidence and remaining caveats
reconstructed_current/scenes/A0F/A0F_base.png	5559	dddfeddd8dd220bead6a002bc4d4a140709d081b8e546b0a11a6117426f3145c	.png	current reconstructed output; see documentation for confidence and remaining caveats
reconstructed_current/scenes/A0F/A0F_base_2x.png	6841	8168851639a7311888df1065f6266960f20d250b8791a80d4baf48f044163dfd	.png	current reconstructed output; see documentation for confidence and remaining caveats
reconstructed_current/scenes/A0F/animation_sequences.tsv	813	c0728544e0a327fe04929685aa01610756a80e42b174de910354de8445a2d024	.tsv	current reconstructed output; see documentation for confidence and remaining caveats
reconstructed_current/scenes/A0F/composites/A0F_overlay_01_composite.png	5558	baf9d338396147c3d995ad962c19529af32da86e6706ebb234602c40be8d3788	.png	current reconstructed output; see documentation for confidence and remaining caveats
reconstructed_current/scenes/A0F/composites/A0F_overlay_01_composite_2x.png	6837	78cb9e912ef92c74637f773f3dd405f09eb6b3c3c2acee23e09f3f9454f9b8b6	.png	current reconstructed output; see documentation for confidence and remaining caveats
reconstructed_current/scenes/A0F/composites/A0F_overlay_02_composite.png	5556	b8b2f558f3887b62bdb39c4d004b0862a874ed8e031d6ad9d60872d2cce357b8	.png	current reconstructed output; see documentation for confidence and remaining caveats
reconstructed_current/scenes/A0F/composites/A0F_overlay_02_composite_2x.png	6838	fc0eeb348089b347744a462af120c69d6469a8f9563f94b89ca74ae6f8f9bf38	.png	current reconstructed output; see documentation for confidence and remaining caveats
reconstructed_current/scenes/A0F/composites/A0F_overlay_03_composite.png	5565	7da0010c0f894722692ae2e63ce9735a5bf02b667381b8ba6c0904a59a5d0cda	.png	current reconstructed output; see documentation for confidence and remaining caveats
reconstructed_current/scenes/A0F/composites/A0F_overlay_03_composite_2x.png	6844	a90cdd4ddd076fc584421c23c54f706fd4f1bf18f4cc59f07af684c3f71d1e35	.png	current reconstructed output; see documentation for confidence and remaining caveats
reconstructed_current/scenes/A0F/composites/A0F_overlay_04_composite.png	5557	0e28bf2de54e1dcc549cf42dc6aa5c8a4398c849f43a76c3f164b9a634a2ca06	.png	current reconstructed output; see documentation for confidence and remaining caveats
reconstructed_current/scenes/A0F/composites/A0F_overlay_04_composite_2x.png	6837	637e40b402666c27fe2bc579bc3ce01b2e15e9dddda8d639a532979d42cb9fa4	.png	current reconstructed output; see documentation for confidence and remaining caveats
reconstructed_current/scenes/A0F/composites/A0F_overlay_05_composite.png	5559	e671fe4b16f124ee7e8dc5475f804c1f666822c4c12103463ffd35bb9d02133b	.png	current reconstructed output; see documentation for confidence and remaining caveats
reconstructed_current/scenes/A0F/composites/A0F_overlay_05_composite_2x.png	6839	e6b2bf708f200db758b580e113255dc3052b518a41c15cdb1d3f076a37c3ee95	.png	current reconstructed output; see documentation for confidence and remaining caveats
reconstructed_current/scenes/A0F/composites/A0F_overlay_06_composite.png	5557	613f10d208a59404dec6170ebbb886f431582e6930378059119c9169f509b064	.png	current reconstructed output; see documentation for confidence and remaining caveats
reconstructed_current/scenes/A0F/composites/A0F_overlay_06_composite_2x.png	6840	1ab0a89f1a3727d34bf085160f350c70552f4f0f8ea892296337f3f385a3064a	.png	current reconstructed output; see documentation for confidence and remaining caveats
reconstructed_current/scenes/A0F/composites/A0F_overlay_07_composite.png	5560	66f03673ca40597e7f572627776527b72fbe4ab464fd59f44ff692d03181dd47	.png	current reconstructed output; see documentation for confidence and remaining caveats
reconstructed_current/scenes/A0F/composites/A0F_overlay_07_composite_2x.png	6843	0b8f9b850199a5e67d6bfb59bc38bcdffa611d039a5d142a7711876c6c07fd5d	.png	current reconstructed output; see documentation for confidence and remaining caveats
reconstructed_current/scenes/A0F/composites/A0F_overlay_08_composite.png	5560	6da5dc28504170a440ef494b1e4a01c046df0fe0aab25234a84df85b27e1de57	.png	current reconstructed output; see documentation for confidence and remaining caveats
reconstructed_current/scenes/A0F/composites/A0F_overlay_08_composite_2x.png	6840	41514c34aa2c826a8225cd11fd681ec5b52d1b24af7fe06858983d0c918b0f76	.png	current reconstructed output; see documentation for confidence and remaining caveats
reconstructed_current/scenes/A0F/composites/A0F_overlay_09_composite.png	5559	afcbab9b9350586f0ae5da1a91d24aed7775e9ce761af75d313497730f9c6fad	.png	current reconstructed output; see documentation for confidence and remaining caveats
reconstructed_current/scenes/A0F/composites/A0F_overlay_09_composite_2x.png	6840	d705a41e345c0cde17f1febc5115cf9451f1c433b86488e285ae72ad8a261976	.png	current reconstructed output; see documentation for confidence and remaining caveats
reconstructed_current/scenes/A0F/composites/A0F_overlay_10_composite.png	5564	a6615ad90dce50f045f746e4fe9312370ae165cd1bf119aded094cebecf3bced	.png	current reconstructed output; see documentation for confidence and remaining caveats
reconstructed_current/scenes/A0F/composites/A0F_overlay_10_composite_2x.png	6847	77f1317726a4cb43ecace21bd9d6fd0e776b6b6def64250558866598247c0a94	.png	current reconstructed output; see documentation for confidence and remaining caveats
reconstructed_current/scenes/A0F/composites/A0F_overlay_11_composite.png	5563	ba23742066f20933a9db70877155ff4377548921f14880d887bd5eb36851882a	.png	current reconstructed output; see documentation for confidence and remaining caveats
reconstructed_current/scenes/A0F/composites/A0F_overlay_11_composite_2x.png	6850	38519e81932e6385132c39f86661dca74fc856796df67228c622cef8102d35f1	.png	current reconstructed output; see documentation for confidence and remaining caveats
reconstructed_current/scenes/A0F/composites/A0F_overlay_12_composite.png	5578	cbe4aa738bc776118730a3a5bc8f574e4d6eb2f02e62fa35d081cc3931759f7a	.png	current reconstructed output; see documentation for confidence and remaining caveats
reconstructed_current/scenes/A0F/composites/A0F_overlay_12_composite_2x.png	6868	983d09df7caba98c7a8ccf91442c2be9f466709fff0d340a90768d2ccda51fea	.png	current reconstructed output; see documentation for confidence and remaining caveats
reconstructed_current/scenes/A0F/composites/A0F_overlay_13_composite.png	5579	1cef4ee2dd0a6d41ac02a3ddd09b7be0548dd3495c0e15213d36fce3916d7670	.png	current reconstructed output; see documentation for confidence and remaining caveats
reconstructed_current/scenes/A0F/composites/A0F_overlay_13_composite_2x.png	6865	a89ebab1e16fa48d657adcb2930abd2e1ca3118a892dc80d975bc62fc0f75242	.png	current reconstructed output; see documentation for confidence and remaining caveats
reconstructed_current/scenes/A0F/composites/A0F_overlay_14_composite.png	5568	395e0b155cbd7b157a6d389de9e36797a4105d0770ee852ed2315901f0557ec3	.png	current reconstructed output; see documentation for confidence and remaining caveats
reconstructed_current/scenes/A0F/composites/A0F_overlay_14_composite_2x.png	6852	faacd29b8cdafaeb3bc047b72f31e8e780795b53ad7d5f3b26a420d53196d024	.png	current reconstructed output; see documentation for confidence and remaining caveats
reconstructed_current/scenes/A0F/composites/A0F_overlay_15_composite.png	5569	356c89f9825b3a4cd6f9fa7b4c4819d091274cb8eb63b62648cf67302d1aa115	.png	current reconstructed output; see documentation for confidence and remaining caveats
reconstructed_current/scenes/A0F/composites/A0F_overlay_15_composite_2x.png	6854	1d35e6bce337cf8368d4da5b4466338e98f09da3a4a07f3944fa7303796906d3	.png	current reconstructed output; see documentation for confidence and remaining caveats
reconstructed_current/scenes/A0F/composites/A0F_overlay_16_composite.png	5566	a5bd33ff919fb855b50f59e6c4cf2c85027e2457a569ff189a8f53cdb76b45a9	.png	current reconstructed output; see documentation for confidence and remaining caveats
reconstructed_current/scenes/A0F/composites/A0F_overlay_16_composite_2x.png	6847	38e9a959d1a32c01e58b76759f1e6eed958b9778726f77019d236caf285f7895	.png	current reconstructed output; see documentation for confidence and remaining caveats
reconstructed_current/scenes/A0F/composites/A0F_overlay_17_composite.png	5570	37a1112c50d60bd48165cf9cc8ae4a4adb05d858ad7797b91edfc126e26d61e2	.png	current reconstructed output; see documentation for confidence and remaining caveats
reconstructed_current/scenes/A0F/composites/A0F_overlay_17_composite_2x.png	6857	a99c50c84c8da8c492c5ab39b5de79d60a6520f3af2d56ccf14df99915f38ddd	.png	current reconstructed output; see documentation for confidence and remaining caveats
reconstructed_current/scenes/A0F/composites/A0F_overlay_18_composite.png	5572	001e5e7d7223011cc93f75705b3767cb85bdffa0b0a327960b4d5614338652d4	.png	current reconstructed output; see documentation for confidence and remaining caveats
reconstructed_current/scenes/A0F/composites/A0F_overlay_18_composite_2x.png	6855	560c5f4f3f635d77a98a6f885cdfc3e82f6534013382aad49d93b0a6b37b0291	.png	current reconstructed output; see documentation for confidence and remaining caveats
reconstructed_current/scenes/A0F/composites/A0F_overlay_19_composite.png	5573	77db6dee4fdfc27a9a083e828cfe978c84216fb04ea58dfa34e0bbeff44465e7	.png	current reconstructed output; see documentation for confidence and remaining caveats
reconstructed_current/scenes/A0F/composites/A0F_overlay_19_composite_2x.png	6861	57a525cc634a8a163639e511c729a3c691983ec8eed16bd2221c9fafa47c7640	.png	current reconstructed output; see documentation for confidence and remaining caveats
reconstructed_current/scenes/A0F/composites/A0F_overlay_20_composite.png	5573	6b9ab5c5cee261f0d6e6bd66b12e418285be8e956dd1dc96bfe11d1a93cedf61	.png	current reconstructed output; see documentation for confidence and remaining caveats
reconstructed_current/scenes/A0F/composites/A0F_overlay_20_composite_2x.png	6858	91ede31b1d2a15f1e7b910accd013aef11078f3435dbda1e189b8afdfc8d0d55	.png	current reconstructed output; see documentation for confidence and remaining caveats
reconstructed_current/scenes/A0F/overlays/A0F_overlay_01_32x8_x64_y56.png	954	853a274d93117401394b2588874be1b88e2382739b5cfb761f300e082e828420	.png	current reconstructed output; see documentation for confidence and remaining caveats
reconstructed_current/scenes/A0F/overlays/A0F_overlay_01_32x8_x64_y56_2x.png	997	5b3e03dbdf77bb2093aae1b5231312e547f4d20adf977033dd510f9b804d9b34	.png	current reconstructed output; see documentation for confidence and remaining caveats
reconstructed_current/scenes/A0F/overlays/A0F_overlay_02_32x8_x64_y56.png	952	1acfa18ffe0c6142303003b705817bb99d1fb19b443abf60f4a0b0ceac9b50df	.png	current reconstructed output; see documentation for confidence and remaining caveats
reconstructed_current/scenes/A0F/overlays/A0F_overlay_02_32x8_x64_y56_2x.png	993	c109b21c5a13759b81a7690db1970e2946d3d14c7129ddb28efeb1d3994c20c3	.png	current reconstructed output; see documentation for confidence and remaining caveats
reconstructed_current/scenes/A0F/overlays/A0F_overlay_03_32x8_x64_y56.png	954	9f1e2e2203d90f93b145b76971d7bc2d047036e08fe83d9b34fc8404684eb227	.png	current reconstructed output; see documentation for confidence and remaining caveats
reconstructed_current/scenes/A0F/overlays/A0F_overlay_03_32x8_x64_y56_2x.png	997	d04a64cfa8a29d9a60905bf098a3a17361e833c5f363eeade48b39bcff5f8794	.png	current reconstructed output; see documentation for confidence and remaining caveats
reconstructed_current/scenes/A0F/overlays/A0F_overlay_04_16x3_x48_y64.png	879	03ec24828de1470ce603415c049fbb1712e0c664a05cd90f9c8a0ce3709a0679	.png	current reconstructed output; see documentation for confidence and remaining caveats
reconstructed_current/scenes/A0F/overlays/A0F_overlay_04_16x3_x48_y64_2x.png	893	788d1113a40ba7798e3713e71f84ce45af4cad9535be8ea49d94df73498c10a0	.png	current reconstructed output; see documentation for confidence and remaining caveats
reconstructed_current/scenes/A0F/overlays/A0F_overlay_05_16x3_x48_y64.png	879	cc1afb19e9789a995c0e30835728409c3498a3b4b325d90de73dae38052d32c9	.png	current reconstructed output; see documentation for confidence and remaining caveats
reconstructed_current/scenes/A0F/overlays/A0F_overlay_05_16x3_x48_y64_2x.png	896	21a7cdf3d3eb63edd852f260f95eb6e88b588f254e905482d5be90bc7ad38473	.png	current reconstructed output; see documentation for confidence and remaining caveats
reconstructed_current/scenes/A0F/overlays/A0F_overlay_06_16x3_x48_y64.png	879	e0427d98eb60b74dd197edbef69e422049631b8480e2b851872de278a7d5dc32	.png	current reconstructed output; see documentation for confidence and remaining caveats
reconstructed_current/scenes/A0F/overlays/A0F_overlay_06_16x3_x48_y64_2x.png	895	30ee853cb3cee36c8247f4ceef4502a6b3226e298aafe3e2104cbc0c8b7292e5	.png	current reconstructed output; see documentation for confidence and remaining caveats
reconstructed_current/scenes/A0F/overlays/A0F_overlay_07_16x4_x112_y60.png	884	7b96c821898a1ea6d9eb4b989211e845c5042097f7b20ee7733042e31ea51b73	.png	current reconstructed output; see documentation for confidence and remaining caveats
reconstructed_current/scenes/A0F/overlays/A0F_overlay_07_16x4_x112_y60_2x.png	902	69526c628b2b421260de1cb943d2a2b8f94865fb23b630e44d2716b8435066a0	.png	current reconstructed output; see documentation for confidence and remaining caveats
reconstructed_current/scenes/A0F/overlays/A0F_overlay_08_16x4_x112_y60.png	886	ae8b9b25fa73cebd4b04ff69d99d904770f3dd9aba817b2ba42fe52c8161e69d	.png	current reconstructed output; see documentation for confidence and remaining caveats
reconstructed_current/scenes/A0F/overlays/A0F_overlay_08_16x4_x112_y60_2x.png	906	5aae5535e40a88ab044e9a8d5e3f670a1354d02ec77b45c5cb15718bec2d01ff	.png	current reconstructed output; see documentation for confidence and remaining caveats
reconstructed_current/scenes/A0F/overlays/A0F_overlay_09_16x4_x112_y60.png	884	d4fe48b0a8f892a05230eb1e0e3ae91894dc674f380d665f0cdf8fae69f66782	.png	current reconstructed output; see documentation for confidence and remaining caveats
reconstructed_current/scenes/A0F/overlays/A0F_overlay_09_16x4_x112_y60_2x.png	902	c47f7a4c616365427d2be4cdccd076dc662821128ef9963f135a1822ead0f711	.png	current reconstructed output; see documentation for confidence and remaining caveats
reconstructed_current/scenes/A0F/overlays/A0F_overlay_10_16x4_x0_y12.png	885	d551f5939742b096d242ab89d058d0cb53a61aa2748512186b83ccaa1dd7368f	.png	current reconstructed output; see documentation for confidence and remaining caveats
reconstructed_current/scenes/A0F/overlays/A0F_overlay_10_16x4_x0_y12_2x.png	905	d3e99d56af897554c295dfdf91b9445a744b2b411da8a54849a15a6a689922d4	.png	current reconstructed output; see documentation for confidence and remaining caveats
reconstructed_current/scenes/A0F/overlays/A0F_overlay_11_16x7_x0_y9.png	902	cb881c87a88ce759c253971a7ad0093297f281c6fb7f0dff5994a5381adbfee6	.png	current reconstructed output; see documentation for confidence and remaining caveats
reconstructed_current/scenes/A0F/overlays/A0F_overlay_11_16x7_x0_y9_2x.png	933	3b49798a2f903ebfb1c44fea55e68a8afc9b1f0b8f2d22eca2073edd894e96b7	.png	current reconstructed output; see documentation for confidence and remaining caveats
reconstructed_current/scenes/A0F/overlays/A0F_overlay_12_16x10_x0_y6.png	921	f6a9cab11485f18cdbd13f07afcffe28551b6737e5a5632835b47f2e0fac47a6	.png	current reconstructed output; see documentation for confidence and remaining caveats
reconstructed_current/scenes/A0F/overlays/A0F_overlay_12_16x10_x0_y6_2x.png	964	1baeefd659140d156149be10245a575d11f82d3dc2ebbb50333952a01c6e636e	.png	current reconstructed output; see documentation for confidence and remaining caveats
reconstructed_current/scenes/A0F/overlays/A0F_overlay_13_32x11_x0_y3.png	993	270f0de6096c39fe65fd6711cbe59bc045dbc777517fd06dd35950f9617c9ed9	.png	current reconstructed output; see documentation for confidence and remaining caveats
reconstructed_current/scenes/A0F/overlays/A0F_overlay_13_32x11_x0_y3_2x.png	1062	4cda609a98085c248b2c7e928c8c25d2040341e4ba12ce51fabc55286bcce31b	.png	current reconstructed output; see documentation for confidence and remaining caveats
reconstructed_current/scenes/A0F/overlays/A0F_overlay_14_32x8_x0_y3.png	955	6cc2fb9ba8027a6edb67e02bc1ba7479ac23940b4f22d65b90dcd8a1f454aef3	.png	current reconstructed output; see documentation for confidence and remaining caveats
reconstructed_current/scenes/A0F/overlays/A0F_overlay_14_32x8_x0_y3_2x.png	1009	9026a65a73d45724cdde473a65ea93ee16286bcfc0f894b198bbe3a1961b6cb8	.png	current reconstructed output; see documentation for confidence and remaining caveats
reconstructed_current/scenes/A0F/overlays/A0F_overlay_15_32x9_x0_y4.png	970	169c9a4a96504418265deb4cbcb91e4ade46e766d85384f9e670cac941b4fe51	.png	current reconstructed output; see documentation for confidence and remaining caveats
reconstructed_current/scenes/A0F/overlays/A0F_overlay_15_32x9_x0_y4_2x.png	1036	2044302ddc98adda53df18bf7b3dd013bbf1fa55a437b2b12cdf0ff36d85ef25	.png	current reconstructed output; see documentation for confidence and remaining caveats
reconstructed_current/scenes/A0F/overlays/A0F_overlay_16_32x10_x0_y0.png	973	b858026cd7973a39d7b1f57452ba16f2da7ef9914a79f04c1228099caa785d62	.png	current reconstructed output; see documentation for confidence and remaining caveats
reconstructed_current/scenes/A0F/overlays/A0F_overlay_16_32x10_x0_y0_2x.png	1031	ab457320e00ae1d22a7d878b2f7be3e8ae9d8f645f6837d9d27858f66f71e932	.png	current reconstructed output; see documentation for confidence and remaining caveats
reconstructed_current/scenes/A0F/overlays/A0F_overlay_17_16x12_x0_y4.png	934	197dbb89d18ee8070701bc4ff720a5e07a30ea3daec980a6855057f3f6a945e7	.png	current reconstructed output; see documentation for confidence and remaining caveats
reconstructed_current/scenes/A0F/overlays/A0F_overlay_17_16x12_x0_y4_2x.png	988	80053c748140510981c27e89571ba3b708ac9277ae9c9348c9b41d07d30f1d84	.png	current reconstructed output; see documentation for confidence and remaining caveats
reconstructed_current/scenes/A0F/overlays/A0F_overlay_18_16x4_x128_y82.png	890	fa8c886ed3b4a6445277352e6af26b0fd73731ff390b1e0d821e7fde45ab711f	.png	current reconstructed output; see documentation for confidence and remaining caveats
reconstructed_current/scenes/A0F/overlays/A0F_overlay_18_16x4_x128_y82_2x.png	914	702c3aa08dca5f8cdaedd63c2d61a5da4fc5263a3db1bdb8f61be0f7c70ff32e	.png	current reconstructed output; see documentation for confidence and remaining caveats
reconstructed_current/scenes/A0F/overlays/A0F_overlay_19_16x5_x128_y82.png	898	2c57a010502e37bdef0f6f5bf727667202b77372763f92517a920be92b45e7a3	.png	current reconstructed output; see documentation for confidence and remaining caveats
reconstructed_current/scenes/A0F/overlays/A0F_overlay_19_16x5_x128_y82_2x.png	926	b02c5ff65dfd827c47a4e4a9157e6937683eec6005312680eb0188d3a7f8b1f9	.png	current reconstructed output; see documentation for confidence and remaining caveats
reconstructed_current/scenes/A0F/overlays/A0F_overlay_20_16x5_x128_y82.png	898	97c4073fceb80e373897afacd639eee9297883f7b4fc29338fec522775b5e56b	.png	current reconstructed output; see documentation for confidence and remaining caveats
reconstructed_current/scenes/A0F/overlays/A0F_overlay_20_16x5_x128_y82_2x.png	926	162ac0a437d8a60cf3e630c332088f4b3992d95e17e1d338c1555f658d8fc023	.png	current reconstructed output; see documentation for confidence and remaining caveats
reconstructed_current/scenes/A0F/overlays.tsv	831	b2a0940ceaf590269a41cf0dce48e40c7b819fce04fadba65da5eccb1aaeeba0	.tsv	current reconstructed output; see documentation for confidence and remaining caveats
reconstructed_current/scenes/A10/A10_base.png	4459	3b339b3858adda83381a0817dee9c816be214883e7afa7b6e4dd4be237283475	.png	current reconstructed output; see documentation for confidence and remaining caveats
reconstructed_current/scenes/A10/A10_base_2x.png	5517	6c5693c6b8517b8c3f27048f36566aeb0337642cad3715e8fe5372b21f1a6afd	.png	current reconstructed output; see documentation for confidence and remaining caveats
reconstructed_current/scenes/A10/A10_extra_scene_01.png	5512	005c2c070cb2d700573b23b790a36bf234df5c5561067e5d2b19fdc00be4dce1	.png	current reconstructed output; see documentation for confidence and remaining caveats
reconstructed_current/scenes/A10/A10_extra_scene_01_2x.png	6916	4163951fbe22b180ce064d8af5869cf11286435a81bf5f7a8e3f551f7703db69	.png	current reconstructed output; see documentation for confidence and remaining caveats
reconstructed_current/scenes/A10/animation_sequences.tsv	805	559b88f67e59e383dda10a8b2b7ba471566f06bc8fd952c00d8e364634ab997a	.tsv	current reconstructed output; see documentation for confidence and remaining caveats
reconstructed_current/scenes/A10/composites/A10_overlay_01_composite.png	4444	e56bebd64568accee940163029e16953d00709d8605b9fc899509abc3bd3e72a	.png	current reconstructed output; see documentation for confidence and remaining caveats
reconstructed_current/scenes/A10/composites/A10_overlay_01_composite_2x.png	5510	ddea880e898de07dbe9cc4f057a0f6dc3dc9fd414307acde2f8ba6f7b2d5c2ea	.png	current reconstructed output; see documentation for confidence and remaining caveats
reconstructed_current/scenes/A10/composites/A10_overlay_02_composite.png	4441	17696ac68f2f9315869606470d40560c555ac28978fd8076f4e1599f6a66d3e5	.png	current reconstructed output; see documentation for confidence and remaining caveats
reconstructed_current/scenes/A10/composites/A10_overlay_02_composite_2x.png	5511	18e0d9c1dca1e42b29706ef316162c122f86b744ac9469df28f9c6fdf5b26082	.png	current reconstructed output; see documentation for confidence and remaining caveats
reconstructed_current/scenes/A10/composites/A10_overlay_03_composite.png	4443	abf4f6372ee2a7a72d7721037cd6a5f5d87155a1a44b3ee5301a403ed451e74f	.png	current reconstructed output; see documentation for confidence and remaining caveats
reconstructed_current/scenes/A10/composites/A10_overlay_03_composite_2x.png	5501	de75b2fef7167ec03604e548eb9e9e3e0a8ee0010f1802c9e8ce27da07de7e6a	.png	current reconstructed output; see documentation for confidence and remaining caveats
reconstructed_current/scenes/A10/composites/A10_overlay_04_composite.png	4456	e92758c8b57d9ed7086b40a5cc00efb3ccd1c3f6448f1914947ad94d8f69f881	.png	current reconstructed output; see documentation for confidence and remaining caveats
reconstructed_current/scenes/A10/composites/A10_overlay_04_composite_2x.png	5508	abdb8ec3bb74ef327519e9a9e5cb604c0446fd24e3af13220b4c7110229cf7c7	.png	current reconstructed output; see documentation for confidence and remaining caveats
reconstructed_current/scenes/A10/composites/A10_overlay_05_composite.png	4455	2b218f1e149aac159f5091a749d30cd03bd62bd40220a52f8d7f0a4f53557140	.png	current reconstructed output; see documentation for confidence and remaining caveats
reconstructed_current/scenes/A10/composites/A10_overlay_05_composite_2x.png	5514	00e3126093ed9062a90db2d3f40e6e4b8f7bcadf955042ba949083ed752a57c0	.png	current reconstructed output; see documentation for confidence and remaining caveats
reconstructed_current/scenes/A10/composites/A10_overlay_06_composite.png	4453	6cabe9edc3f8fb36377fd3749659d29f6f7a0c0a44dbb3437b9e5aeb63311352	.png	current reconstructed output; see documentation for confidence and remaining caveats
reconstructed_current/scenes/A10/composites/A10_overlay_06_composite_2x.png	5503	54c7f13a7f5919c8c420b6db2b23896048d75a8149ad0c851f2812ddbeb34c93	.png	current reconstructed output; see documentation for confidence and remaining caveats
reconstructed_current/scenes/A10/composites/A10_overlay_07_composite.png	4458	69ef9bad25df0e439c8ba04f845e670a9a8f13319b5c40d46a01abe6fdea99ee	.png	current reconstructed output; see documentation for confidence and remaining caveats
reconstructed_current/scenes/A10/composites/A10_overlay_07_composite_2x.png	5515	866cefa584a7fdc064d5bdfdce6d55b160f47d7619b443e522ab04d8bed58ab5	.png	current reconstructed output; see documentation for confidence and remaining caveats
reconstructed_current/scenes/A10/composites/A10_overlay_08_composite.png	4458	57cb917cca35f50704b2685c8cd6c1cc1c35bc99d4262670df7af67728abf611	.png	current reconstructed output; see documentation for confidence and remaining caveats
reconstructed_current/scenes/A10/composites/A10_overlay_08_composite_2x.png	5517	816752ee987fba349bb942646c93545f0aca796a59fbd3a368ed4fd727d2554f	.png	current reconstructed output; see documentation for confidence and remaining caveats
reconstructed_current/scenes/A10/composites/A10_overlay_09_composite.png	4461	b881990a0cd377c58fd4ac3ceaba52bedc593c003345ff0494f2ea63a7cd0ee7	.png	current reconstructed output; see documentation for confidence and remaining caveats
reconstructed_current/scenes/A10/composites/A10_overlay_09_composite_2x.png	5521	1bc8759db8b75602140ebbb846c642ff5f199f629df549aa2985549700a9de9b	.png	current reconstructed output; see documentation for confidence and remaining caveats
reconstructed_current/scenes/A10/composites/A10_overlay_10_composite.png	4458	8689512e85afe153a1de1465f3236b37de77339359b1880acb396635add963b8	.png	current reconstructed output; see documentation for confidence and remaining caveats
reconstructed_current/scenes/A10/composites/A10_overlay_10_composite_2x.png	5518	461a3c53b42226c4f69b76adcbb6479643d6397abaf840f574a24151af19b6e3	.png	current reconstructed output; see documentation for confidence and remaining caveats
reconstructed_current/scenes/A10/composites/A10_overlay_11_composite.png	4451	313e04c898fafde8c76a7f11ea6e7c53b4879809630e9a58b27db3e0890663b2	.png	current reconstructed output; see documentation for confidence and remaining caveats
reconstructed_current/scenes/A10/composites/A10_overlay_11_composite_2x.png	5510	00a38c5879e5689365c55661fb1d8b370729d1933e660eb36fa8556c21a59b41	.png	current reconstructed output; see documentation for confidence and remaining caveats
reconstructed_current/scenes/A10/composites/A10_overlay_12_composite.png	4457	f7e666783b247124091247ff0f908bf0f423c49624707ba341ef0aafd152e4b6	.png	current reconstructed output; see documentation for confidence and remaining caveats
reconstructed_current/scenes/A10/composites/A10_overlay_12_composite_2x.png	5521	7182d46edf065233ff0a3886bded909b106b19a7d0f69db1baff97cca439c18c	.png	current reconstructed output; see documentation for confidence and remaining caveats
reconstructed_current/scenes/A10/overlays/A10_overlay_01_16x39_x0_y0.png	921	6143c6522aa7cf6464e00ddf5297bfeac3b69cef1c8ff68558439d5a0045653a	.png	current reconstructed output; see documentation for confidence and remaining caveats
reconstructed_current/scenes/A10/overlays/A10_overlay_01_16x39_x0_y0_2x.png	975	ea2ead6dfb6a6e4e32940636aa203f0325f266b0071c3ac8d1d815e33532b09c	.png	current reconstructed output; see documentation for confidence and remaining caveats
reconstructed_current/scenes/A10/overlays/A10_overlay_02_16x39_x0_y0.png	917	366933b7ae758c4c77624947f7e8a034afbbe06dac98b84bfe62e8eb1d39d0f1	.png	current reconstructed output; see documentation for confidence and remaining caveats
reconstructed_current/scenes/A10/overlays/A10_overlay_02_16x39_x0_y0_2x.png	973	79d0259929faf6a7c7d92d2471960e0dd57ca4345dfed567073775831bd0a70a	.png	current reconstructed output; see documentation for confidence and remaining caveats
reconstructed_current/scenes/A10/overlays/A10_overlay_03_16x39_x0_y0.png	911	c2696433b9e76c3ee6664512feb8b52c5796914b4a191ffd7a1ef56629fa3f05	.png	current reconstructed output; see documentation for confidence and remaining caveats
reconstructed_current/scenes/A10/overlays/A10_overlay_03_16x39_x0_y0_2x.png	956	c6714d23ebe4522c0c013da4f5e80e00144c9a4bac03e89d5d0b32f7d94781ba	.png	current reconstructed output; see documentation for confidence and remaining caveats
reconstructed_current/scenes/A10/overlays/A10_overlay_04_16x8_x112_y16.png	909	a22d154378578af050f12b9fb719da6333853a89e716f1802543b4a10961b024	.png	current reconstructed output; see documentation for confidence and remaining caveats
reconstructed_current/scenes/A10/overlays/A10_overlay_04_16x8_x112_y16_2x.png	947	27ec3cf2d24b2632ed4de3a9ae68331f31d938dc6a8b0b886382a86f08c37feb	.png	current reconstructed output; see documentation for confidence and remaining caveats
reconstructed_current/scenes/A10/overlays/A10_overlay_05_16x8_x112_y16.png	910	b17bf13a9cd4920526d7d587b99c86ccc0b85226b043615ccb7f7f6538e7eea2	.png	current reconstructed output; see documentation for confidence and remaining caveats
reconstructed_current/scenes/A10/overlays/A10_overlay_05_16x8_x112_y16_2x.png	950	748051c1aa644c41cfd510b7e9ee3638574f789665a5d306d5f4bdfd27e636a5	.png	current reconstructed output; see documentation for confidence and remaining caveats
reconstructed_current/scenes/A10/overlays/A10_overlay_06_16x8_x112_y16.png	910	1c9bd872a9f3aef7ffe3fec25a6fccc736a1a3e081018e83561d6a1cb16fb4c9	.png	current reconstructed output; see documentation for confidence and remaining caveats
reconstructed_current/scenes/A10/overlays/A10_overlay_06_16x8_x112_y16_2x.png	943	f30dfd9e0e510258390da517b2ad16d33952c68397af0e00aac692290f819849	.png	current reconstructed output; see documentation for confidence and remaining caveats
reconstructed_current/scenes/A10/overlays/A10_overlay_07_16x8_x64_y16.png	904	80e98d83542743a90e40ef6b310b7a6c4b0bf3fe19c06edf7672e6565050cf96	.png	current reconstructed output; see documentation for confidence and remaining caveats
reconstructed_current/scenes/A10/overlays/A10_overlay_07_16x8_x64_y16_2x.png	937	306d83d6693d5b39a3f7c7909ea8a0ce530446ec24b90c7d3112943bb763aac8	.png	current reconstructed output; see documentation for confidence and remaining caveats
reconstructed_current/scenes/A10/overlays/A10_overlay_08_16x8_x64_y16.png	906	fddc4512cf9544a60e15567cea63076ba1142aadcbb29c6ed53a9e3a0eb529e6	.png	current reconstructed output; see documentation for confidence and remaining caveats
reconstructed_current/scenes/A10/overlays/A10_overlay_08_16x8_x64_y16_2x.png	943	06553124481cc1f5dffab856e49ca185a074170234c38061082f757b939e8178	.png	current reconstructed output; see documentation for confidence and remaining caveats
reconstructed_current/scenes/A10/overlays/A10_overlay_09_16x8_x64_y16.png	905	fe4e01ee7c6848cc9e2bc5fbf50978264efe1654cf9ec2a5265363f9c2e08639	.png	current reconstructed output; see documentation for confidence and remaining caveats
reconstructed_current/scenes/A10/overlays/A10_overlay_09_16x8_x64_y16_2x.png	939	bde5f8b186b9ce9d7f3ae2d28ef00445ddcf73530c65bdc678f284e3b56fc742	.png	current reconstructed output; see documentation for confidence and remaining caveats
reconstructed_current/scenes/A10/overlays/A10_overlay_10_16x8_x64_y16.png	907	c4122975d30b6a53b1e9073521f5683badb6d2e9dc27d3dbaadf8aa8ac9bda76	.png	current reconstructed output; see documentation for confidence and remaining caveats
reconstructed_current/scenes/A10/overlays/A10_overlay_10_16x8_x64_y16_2x.png	942	c9f1c537d5ccdd429929d1d02cd3a7032dab5e13a58f8386c4840fa1f096b34a	.png	current reconstructed output; see documentation for confidence and remaining caveats
reconstructed_current/scenes/A10/overlays/A10_overlay_11_32x11_x16_y48.png	954	f42c2f64699cecd00ab940868cc54f467d0fba57e3f6b9f70fc13a87478c3327	.png	current reconstructed output; see documentation for confidence and remaining caveats
reconstructed_current/scenes/A10/overlays/A10_overlay_11_32x11_x16_y48_2x.png	1013	12f945871b340be9d5a8cf2a494aeb87bda7aa968095f54348b20396ab221930	.png	current reconstructed output; see documentation for confidence and remaining caveats
reconstructed_current/scenes/A10/overlays/A10_overlay_12_16x5_x64_y30.png	890	e9e5f572c4c8db271f405d49c2912efefdf16317b9af698e45b4035442711e95	.png	current reconstructed output; see documentation for confidence and remaining caveats
reconstructed_current/scenes/A10/overlays/A10_overlay_12_16x5_x64_y30_2x.png	916	8e5228f641bd624b42c41abf4fc6edc10a8010c465830135ffb6415709e6aac0	.png	current reconstructed output; see documentation for confidence and remaining caveats
reconstructed_current/scenes/A10/overlays.tsv	538	4e0ecc5eec08e88ed25f2daf8e74d6aa56536ccc87400215add6fb700018253b	.tsv	current reconstructed output; see documentation for confidence and remaining caveats
reconstructed_current/scenes/gameplay_palette_main_0x1D6D6.tsv	285	6db916bbe19be1e388fd8d1b9c70e097c0490433f8936b62bd63caf2f5ab126a	.tsv	current reconstructed output; see documentation for confidence and remaining caveats
reconstructed_current/scenes/scene_bases_contact.png	116415	878338387a1073075c4b2626c7c6c7c12a1fc3e9c2d730ebb5ea98ec71d1c74a	.png	current reconstructed output; see documentation for confidence and remaining caveats
reconstructed_current/scenes/scene_resource_summary.tsv	866	cf463d855ef1bfbb1de56fdbecb4566b36d7038cb53f4cfec00e35ac0510fc2b	.tsv	current reconstructed output; see documentation for confidence and remaining caveats
reconstructed_current/spelbits/spellbook_background.png	11812	aa18cb29a647c4453964772ce5e0b4edebe2792863e3c4f252ebc4136f33c3a5	.png	current reconstructed output; see documentation for confidence and remaining caveats
reconstructed_current/spelbits/spellbook_background_2x.png	15358	67e748164ad34e99dd3d3cb0a616b802480690d03b23699c6c56b5ef2c89d013	.png	current reconstructed output; see documentation for confidence and remaining caveats
reconstructed_historical/degas_candidate_probes/D_TAP_off000000_degas_raw.png	29949	8d22bad9bd7d9c379055cb6e3debf23d0b85da979f8d28c09e4d6a6ac6f5a65b	.png	recreated historical diagnostic; not authoritative layout
reconstructed_historical/degas_candidate_probes/D_TAP_off000000_degas_raw_2x.png	38202	9c3a083ed15bd67afdddb033dc320a6dbe23564e2cad5a27fee8fc2e21db26a8	.png	recreated historical diagnostic; not authoritative layout
reconstructed_historical/degas_candidate_probes/D_TAP_off106262_degas_raw.png	25180	f859cf728d04ff4e42a8c6bc2f85fb6367c23d09c972a00860a5b530189a2d0e	.png	recreated historical diagnostic; not authoritative layout
reconstructed_historical/degas_candidate_probes/D_TAP_off106262_degas_raw_2x.png	32137	2ea857f56629a2f31ec06aeccdbd26e9e05b2ae92befaba8f6c7ecf34581aa56	.png	recreated historical diagnostic; not authoritative layout
reconstructed_historical/degas_candidate_probes/D_TAP_off113804_degas_raw.png	28353	0608b72d2143d8d72a66d7e1931116dc6068f2d42544b5400619903eb30a1f4a	.png	recreated historical diagnostic; not authoritative layout
reconstructed_historical/degas_candidate_probes/D_TAP_off113804_degas_raw_2x.png	35651	583241c7c105526bef4d22b539b8d80be1b510727255b87b49d97755a022911b	.png	recreated historical diagnostic; not authoritative layout
reconstructed_historical/degas_candidate_probes/SELECT_off18808_comp.png	20906	e5b605a54fc57aa7bdf56c0c0e63553ecd00a1c539c0ecad7b6afb1d91b9bbc2	.png	recreated historical diagnostic; not authoritative layout
reconstructed_historical/degas_candidate_probes/SELECT_off18808_comp_2x.png	27154	3ac444e0787f745421254e3f8fc089a35f39258cf8ef31f995a7fd59c502eaf5	.png	recreated historical diagnostic; not authoritative layout
reconstructed_historical/degas_candidate_probes/SELECT_off97038_comp.png	20470	07fd980537bc0e4e10fd9d4f478cda3f788981bf3f5efba8f1a910e547bd4541	.png	recreated historical diagnostic; not authoritative layout
reconstructed_historical/degas_candidate_probes/SELECT_off97038_comp_2x.png	26825	ac582f1e84d8235101472ef236572353ae5aa6738ad3798f246e5bb713a314b6	.png	recreated historical diagnostic; not authoritative layout
reconstructed_historical/degas_candidate_probes/leggo_off107956_comp.png	15911	205526152158b3e72f32fa341b981a2b97c515ad266da64143a12f627623919d	.png	recreated historical diagnostic; not authoritative layout
reconstructed_historical/degas_candidate_probes/leggo_off107956_comp_2x.png	21211	ec199b7932d33efa17d2c806b644e7f3fe5baf20b3a56cb67fad02f926b76a4c	.png	recreated historical diagnostic; not authoritative layout
reconstructed_historical/degas_candidate_probes/leggo_off112920_comp.png	15945	ee6d005b7b06f8b5715f9eb60e5495b1b13ba8e69be4984ec0fce3441369b96b	.png	recreated historical diagnostic; not authoritative layout
reconstructed_historical/degas_candidate_probes/leggo_off112920_comp_2x.png	21452	d4de663348b174c2778445fdfb7fb6286180872cc47a30490958763abd2ff70e	.png	recreated historical diagnostic; not authoritative layout
reconstructed_historical/degas_candidate_probes/leggo_off113518_comp.png	16232	0682b44e9e5ecba80898f7b006c2452e7fabdd19f66134117de0ebfa93172138	.png	recreated historical diagnostic; not authoritative layout
reconstructed_historical/degas_candidate_probes/leggo_off113518_comp_2x.png	21791	a1e3a64774814a3dc5aa8184f273bf2033f1a4cafe5639848c1c06dc5b36e0f5	.png	recreated historical diagnostic; not authoritative layout
reconstructed_historical/degas_candidate_probes/leggo_off116062_comp.png	17459	6f9fbf13d15b1658629eca90277d9cbb74e64f73e247d29b72da4273dee425dc	.png	recreated historical diagnostic; not authoritative layout
reconstructed_historical/degas_candidate_probes/leggo_off116062_comp_2x.png	23140	81a8d5268a150c7cffac388fbdb49a75993daa82c21d7f8a29e6fd18077211a9	.png	recreated historical diagnostic; not authoritative layout
reconstructed_historical/degas_candidate_probes/leggo_off116854_comp.png	17927	bead61074a3b24ad8932e2266a3bc134700c97fcd128a951e69f1c29e9c8ae4e	.png	recreated historical diagnostic; not authoritative layout
reconstructed_historical/degas_candidate_probes/leggo_off116854_comp_2x.png	23731	adc7268d0f4cc20cff6eaab7ea79ef8af3b33c3db14adcb2aba6391c7f524883	.png	recreated historical diagnostic; not authoritative layout
reconstructed_historical/degas_candidate_probes/leggo_off117322_comp.png	18024	6abeb424e6f0ca9bf6a6ce83b287bf7a32d5a735b1820a2eb7760ff7bc1cf122	.png	recreated historical diagnostic; not authoritative layout
reconstructed_historical/degas_candidate_probes/leggo_off117322_comp_2x.png	23828	a0d0528d2ff52e29f8c77685ef66b0745d2afa6b776c9a8ef30e3ea555c55b2e	.png	recreated historical diagnostic; not authoritative layout
reconstructed_historical/degas_candidate_probes/m_tap_off000000_degas_raw.png	30659	4719b81e238d0c00cbe1dea8da9fbb76f9ac18138402c5d72cb9481dc67b1c0b	.png	recreated historical diagnostic; not authoritative layout
reconstructed_historical/degas_candidate_probes/m_tap_off000000_degas_raw_2x.png	38268	981740a2431486498c1f1dcd82490a60c57df23770b0ce32ef3086ff88efa155	.png	recreated historical diagnostic; not authoritative layout
reconstructed_historical/degas_candidate_probes/m_tap_off1572_comp.png	22006	bd2f9e9b3fa623c9819c858b85a859f134ff1457ee67ff851b547cab98852b87	.png	recreated historical diagnostic; not authoritative layout
reconstructed_historical/degas_candidate_probes/m_tap_off1572_comp_2x.png	28486	2f7819df2f7c7ae2fd502a073ec1409b49b8b8046bcaac30e5e1d1ab3fa17c31	.png	recreated historical diagnostic; not authoritative layout
reconstructed_historical/legacy_tap_probes/D_TAP_screen_0.png	29870	0725b17c903822c1d8ae1d0969d765ca3bd4e11a0c7ba5c72d797958db07027a	.png	recreated historical diagnostic; not authoritative layout
reconstructed_historical/legacy_tap_probes/D_TAP_screen_0_2x.png	38133	69b73cc95abcc95975fbead51930d816ffc5366697b854efdd788b6083ab9704	.png	recreated historical diagnostic; not authoritative layout
reconstructed_historical/legacy_tap_probes/D_TAP_screen_1.png	23929	61f30f3da9af6595dd25557c0aa38a4d9b0a1676ba22acc55a490b125d11f7ce	.png	recreated historical diagnostic; not authoritative layout
reconstructed_historical/legacy_tap_probes/D_TAP_screen_1_2x.png	33426	a44ca0b3890665bfc465b1a9958a461eba3b521e7f59abe65347f7144040b188	.png	recreated historical diagnostic; not authoritative layout
reconstructed_historical/legacy_tap_probes/D_TAP_screen_2.png	27971	b599ed80dd2c3cd015530b468bdbf1c8a2e4e8bd31ac30a8d2a4753568bd9396	.png	recreated historical diagnostic; not authoritative layout
reconstructed_historical/legacy_tap_probes/D_TAP_screen_2_2x.png	36357	21848d5a3122220b1840aa7dcc40289641008b56a45088b0e29db8372896c187	.png	recreated historical diagnostic; not authoritative layout
reconstructed_historical/legacy_tap_probes/D_TAP_screen_3.png	25995	45aa5b9e9cca29ca219c6ded3f53ff8df842da31cef7be17d5df174c7102d178	.png	recreated historical diagnostic; not authoritative layout
reconstructed_historical/legacy_tap_probes/D_TAP_screen_3_2x.png	32784	b5247a7e43640b632df912b93ff80263ab5838a77a0786fa1401ea344488b32b	.png	recreated historical diagnostic; not authoritative layout
reconstructed_historical/legacy_tap_probes/D_TAP_screen_4.png	32542	59b0cecf75af17442f5af15d83253dff81e9432a96741e83a86e6b744ecc5146	.png	recreated historical diagnostic; not authoritative layout
reconstructed_historical/legacy_tap_probes/D_TAP_screen_4_2x.png	40222	e4491dfb985dbe220d66df94867c865bb93a3abcd7223427cf09f397aeb51ac1	.png	recreated historical diagnostic; not authoritative layout
reconstructed_historical/legacy_tap_probes/D_TAP_screen_5.png	30771	a2df27974be1b218a721c79857bd343ef712846a90da642bff6774bf5900ad27	.png	recreated historical diagnostic; not authoritative layout
reconstructed_historical/legacy_tap_probes/D_TAP_screen_5_2x.png	38276	d6c50ceb09759eb0e6c5acd27ada7f2c094817be9b71e5712800edf63837053a	.png	recreated historical diagnostic; not authoritative layout
reconstructed_historical/legacy_tap_probes/D_TAP_tall.png	164669	0f0f445f6bd52b85b583d7ade988fae6636da3073d1f8c506041e3d4202de090	.png	recreated historical diagnostic; not authoritative layout
reconstructed_historical/legacy_tap_probes/m_tap_screen_0.png	30554	f6db5523690611ebd13e4093b78d47edb129d27b639d7b4b2f620e6b56e6256c	.png	recreated historical diagnostic; not authoritative layout
reconstructed_historical/legacy_tap_probes/m_tap_screen_0_2x.png	38232	9d6b97bd4d9e2b9ae45a5b872ef6b8dfbb48cf31da5273fb1b62740f802625e0	.png	recreated historical diagnostic; not authoritative layout
reconstructed_historical/legacy_tap_probes/m_tap_screen_1.png	31248	dda4b877cd0daf12e62211602e4233b5aeb5d4c476a71601a7d7a9cae11f3092	.png	recreated historical diagnostic; not authoritative layout
reconstructed_historical/legacy_tap_probes/m_tap_screen_1_2x.png	38984	96d7f4854e41938761ac56dbbf134473c2867af276d16f9749ad6361fdd760d0	.png	recreated historical diagnostic; not authoritative layout
reconstructed_historical/legacy_tap_probes/m_tap_screen_2.png	30706	70c621499bbac827a46e276a00df2cc5f90e945d8a6f45db99c929d9de3f0376	.png	recreated historical diagnostic; not authoritative layout
reconstructed_historical/legacy_tap_probes/m_tap_screen_2_2x.png	38170	1a990000495876282bc48d1df643a0ebf88cc1585179192efd8f9940154de736	.png	recreated historical diagnostic; not authoritative layout
reconstructed_historical/legacy_tap_probes/m_tap_screen_3.png	2994	351caab5042a60517ef5264996fa58b07f02b85e73982d91f4224f7381d61a5e	.png	recreated historical diagnostic; not authoritative layout
reconstructed_historical/legacy_tap_probes/m_tap_screen_3_2x.png	3822	d751ab1fa87aa969ac28eaa0ea3899ae563ef2b0fce508becdd69b684ba02a17	.png	recreated historical diagnostic; not authoritative layout
reconstructed_historical/legacy_tap_probes/m_tap_tall.png	91555	9e6fa739ca92cdd066e776d62e112ac306b2f298b4bb3e4f5621d3c7d0ca0b48	.png	recreated historical diagnostic; not authoritative layout
tools/legend_graphics_extract_intermediate.py	15528	2efdf7cade7b68e65d3181400dd850eba21c6d97150298b5d68937906f01f466	.py	investigation tooling; consult README.md and CURRENT_STATUS_AND_SUPERSESSIONS.md
tools/legend_pac_decompress.py	5139	b9e7fdbef81a2a2a3d0fdf35119adcc1b8bc0860825640c7b5c8e60ceb0a3853	.py	investigation tooling; consult README.md and CURRENT_STATUS_AND_SUPERSESSIONS.md
